id,type,title,channel_or_publisher,url,published,discovered,status,priority,domains,notes
yt-cOItltE2k80,video,Why Some People Succeed (And Others Stay Stuck),@thefutur,https://www.youtube.com/watch?v=cOItltE2k80,NA,2026-07-14,skipped,2,,MEMBERS-ONLY video (yt-dlp: 'Join this channel to get access to members-only content'). Paywalled behind channel membership; cannot be ingested. Diagnosed 2026-07-28 batch 197.
yt-dOZkAqR_2lA,video,Easy Way to Get Clients Without Ads or Cold DM's - FREE 2 HOUR MASTERCLASS,@thefutur,https://www.youtube.com/watch?v=dOZkAqR_2lA,2026-06-24,2026-07-14,L2,2,sales-clients;branding;business,"CO-TAUGHT with Matt Essam (3rd joint appearance) — curriculum is HIS (talent limit, trust grid, borrowed audience), fenced as context. 160KB, largest transcript in corpus. Chris yield: THE CRUCIBLE (only allowed to tell the truth here) + the avatar-language test ('you're not even in the room, bro'; 'she's still the boss') + take-one-idea-to-its-extreme used live. Finding: corpus has CONVERGED on client acquisition — only 2 new items from a 2hr flagship session"
yt-HSuRQZG1ql4,video,"How to Align Your Passion, Skills, and Career | Part 2",@thefutur,https://www.youtube.com/watch?v=HSuRQZG1ql4,NA,2026-07-14,skipped,2,,"MEMBERS-ONLY video, Patron Member tier or higher (yt-dlp: 'available to this channel's members on level: Patron Member'). Paywalled; cannot be ingested. Diagnosed 2026-07-28 batch 197."
yt-k520NhbFhIE,video,The Psychology of Making People Buy,@thefutur,https://www.youtube.com/watch?v=k520NhbFhIE,2026-06-03,2026-07-14,L2,2,branding;business;sales-clients;content-strategy,"category creation: blue ocean + Innovator's Dilemma Honda story; Method Soap / Dude Wipes / Liquid Death; PAS caveat (must find a NEW customer); THE ETHICS ANSWER ('you are all complicit in the lie'; con=confidence man; one line drawn: false scarcity); real vs false scarcity (Priestley); 'being good is expected, you have to be better than good'; L3-candidate"
yt-nY58IHYAARM,video,Your First Million Is Closer Than You Think,@thefutur,https://www.youtube.com/watch?v=nY58IHYAARM,2026-05-19,2026-07-14,L2,2,business;pricing;sales-clients;mindset,rules of one; trading up; SUPPLY-CHAIN SIDE DOOR (Nike via Vibram/Gore-Tex); completed referral script (4th step: assume they didn't do it); $200k ceiling + minors/majors (the tiers origin + numbers); 'the unlock wasn't the design work'; BAR + 'you can't use a belief to change a belief'; DISCLOSES losing $1M in 2024 revenue; disrupt yourself; L3-candidate
yt-m30YwxRJYcc,video,"You Don't Need a Lifetime of Therapy, Watch This Instead",@thefutur,https://www.youtube.com/watch?v=m30YwxRJYcc,2026-05-14,2026-07-14,L2,2,mindset,"DEFERRAL CLEARED. GUEST-DOMINATED (Dr John Demartini coaching demo) — ~98% guest speech, NOT persona data. Participants' faces blurred by producers; personal disclosures deliberately NOT recorded. Chris yield is small but real: 'if you're not going to tell the truth, don't even bother' (Kier McLaren, on therapy) + the antagonist-as-accelerant reframe. TITLE CAVEAT: the anti-therapist line is the guest's; Chris's settled view is pro-therapy. Low L3 priority"
yt-97f8zw1mbik,video,Getting Clients Is Easy Once You Master This!,@thefutur,https://www.youtube.com/watch?v=97f8zw1mbik,2026-05-02,2026-07-14,skipped,2,,MEMBERS-ONLY video — yt-dlp: 'Join this channel to get access to members-only content'. Not a transient fetch error and not a captions problem: the video is paywalled behind channel membership and cannot be ingested. Diagnosed 2026-07-28 after 3 failed attempts.
yt-8wa_ZyNpQWs,video,What Entrepreneurs Ask Chris Do in Private | Part 1,@thefutur,https://www.youtube.com/watch?v=8wa_ZyNpQWs,NA,2026-07-14,skipped,3,,MEMBERS-ONLY video (Patron Member tier or higher). Paywalled behind channel membership; cannot be ingested.
yt-Ns6XI1sAzKs,video,The One Energy Mistake Killing Your Videos,@thefutur,https://www.youtube.com/watch?v=Ns6XI1sAzKs,NA,2026-07-14,skipped,2,,MEMBERS-ONLY video (yt-dlp: 'Join this channel to get access to members-only content'). Paywalled; cannot be ingested. Diagnosed 2026-07-28 batch 198.
yt-d7bgouAH3ns,video,How to Build a Brand People Actually Remember,@thefutur,https://www.youtube.com/watch?v=d7bgouAH3ns,2026-04-07,2026-07-14,L2,2,branding;mindset;business;content-strategy,"LANDMARK (deferral cleared): Unbland Yourself; three-part essence (one thing/enemy/rallying cry); be number one (3x law, The Dip); three principles; clothes as tools + corporate-uniform trap; THE PROVOCATEUR answer (style as social prosthetic); two doors; robot-voice test; 2025 business disclosure (departures took Accelerator + revenue; semi-retirement; $20k/mo shortfall); L3-candidate"
yt-i9AqXEjbf8I,video,Your Insecurity Is Your Brand,@thefutur,https://www.youtube.com/watch?v=i9AqXEjbf8I,2026-03-31,2026-07-14,L2,2,mindset;branding;biography,"BIOGRAPHY LANDMARK: identity arc (invisible -> Art Center graduation -> counter-stereotype mission); KIER McLAREN HAS DIED + Daywalker verdict in his words; family structure (engineers/artists, middle of 3 brothers); father's questioning method; parenting philosophy (bribe them to quit school); L3-candidate"
yt-1Gl_crWRxXk,video,The Personal Brand Framework That Gets You Hired,@thefutur,https://www.youtube.com/watch?v=1Gl_crWRxXk,NA,2026-07-14,skipped,2,,"MEMBERS-ONLY video, Patron Member tier or higher. Paywalled; cannot be ingested. Diagnosed 2026-07-28 batch 198."
yt-GaDK_zVy1Cc,video,Don’t Chase Virality (Do This Instead),@thefutur,https://www.youtube.com/watch?v=GaDK_zVy1Cc,2026-03-24,2026-07-14,L2,2,content-strategy;branding;mindset;business,"LANDMARK keynote (1 Billion Followers Summit, Dubai; rebuts Brendan Kane): antiviral argument, correct contrarian (Manson), validation loop, VidCon 2022 empty rooms, dealer-addict, three circles + $58/hr Art Center, gift economy, Art&Fear quantity, trust at scale; 'nothing wrong with going viral - that should not be the goal'; L3-candidate"
yt-dmGJd8EwGbo,video,This Is What Good Sales Conversations Look Like (Sales Training Pt. 1),@thefutur,https://www.youtube.com/watch?v=dmGJd8EwGbo,NA,2026-07-14,skipped,2,,"MEMBERS-ONLY video, Patron Member tier or higher. Paywalled; cannot be ingested. Diagnosed 2026-07-28 batch 198."
yt-8ojJm2gzAPM,video,Why some videos blow up & others don't (Coaching session w/ Chris Do & Brendan Kane),@thefutur,https://www.youtube.com/watch?v=8ojJm2gzAPM,NA,2026-07-14,skipped,2,,MEMBERS-ONLY video (base membership). Paywalled behind channel membership; cannot be ingested. Diagnosed 2026-07-28 batch 199 (bulk pass over the members-only block).
yt-Zys3dt503Q4,video,"If I Started Over as a Graphic Designer, I'd Do This to Hit $100K",@thefutur,https://www.youtube.com/watch?v=Zys3dt503Q4,2026-03-10,2026-07-14,L2,2,business;pricing;design-craft;sales-clients;content-strategy,FLAGSHIP: five stages to 100k (survival/stability/systems/scale/sustain); reading list; tracing method; 3-5 pieces; imagination gap; geographic arbitrage; 'clients choose the least risky option'; the steak rule; follow-five outreach + referral scripts; Kier McLaren named w/ 2.2M-3.9M; L3-candidate
yt-939NOouclvM,video,Is Your Pitch So Simple A Kid Gets It?,@thefutur,https://www.youtube.com/watch?v=939NOouclvM,2026-02-24,2026-07-14,L2,2,communication;branding,competition-show mentor segment; the repeatable story (business coach = Kier McLaren); 'make a fact visual' (3 Empire States); say less; 'loud introvert / serial dreamer'; format tests the lesson via stranger-relay; L3-candidate
yt-nTthfof409U,video,"Stop Struggling for Clients, Here's a Niche That Pays!",@thefutur,https://www.youtube.com/watch?v=nTthfof409U,2026-02-17,2026-07-14,L2,2,pricing;sales-clients;content-strategy;business,reverse math (divide by 10 not 12); starving-but-can-pay; Drucker 'customers own the brand'; thumbnails as MRR; 3rd 'student of the game' + admits own titles/thumbnails optimized; the pledge device; L3-candidate
yt-DK9DGsc3eaY,video,The Sales Strategy to Beat the Competition Even If You’re Outclassed,@thefutur,https://www.youtube.com/watch?v=DK9DGsc3eaY,2026-02-10,2026-07-14,L2,2,sales-clients;pricing;business;branding,"Air film breakdown: underdog playbook (cast doubt, invert their strength, arm the buyer); isolate the decision-maker; the Carrie story + price priming; 'she doesn't know how things are done'; concentration; L3-candidate"
yt-pc1CH6rNqP4,video,What NOT to Do on a Sales Call (Live Roleplay),@thefutur,https://www.youtube.com/watch?v=pc1CH6rNqP4,NA,2026-07-14,skipped,2,,MEMBERS-ONLY video (base membership). Paywalled behind channel membership; cannot be ingested. Diagnosed 2026-07-28 batch 199 (bulk pass over the members-only block).
yt-LdPHurNaIec,video,How to Package Your Service Correctly,@thefutur,https://www.youtube.com/watch?v=LdPHurNaIec,2026-01-30,2026-07-14,L2,2,pricing;sales-clients;design-craft;communication,"irresistible offer built live: dream outcome, perceived certainty, time to result, friction; 3 renames (discovery/alignment/road map); press-on nails; MBG exit clause; two-option speed premium; L3-candidate"
yt-8iWZzQTg3nw,video,How to Get Better Clients as a Creative Freelancer,@thefutur,https://www.youtube.com/watch?v=8iWZzQTg3nw,NA,2026-07-14,skipped,2,,MEMBERS-ONLY video (Patron Member tier or higher). Paywalled behind channel membership; cannot be ingested. Diagnosed 2026-07-28 batch 199 (bulk pass over the members-only block).
yt-mgNTZRpZmEk,video,Why Your Customers Don't Buy From You,@thefutur,https://www.youtube.com/watch?v=mgNTZRpZmEk,2026-01-22,2026-07-14,L2,2,sales-clients;branding;content-strategy;business,market is bigger than your target; the 3 call questions; steal their customers; TGO (Nicole Johnson); needs vs emotional wants; AIDA+C w/ Advocacy; awareness ladder + myth-example-truth; L3-candidate
yt-5eCNrbsEwQA,video,Create Offers So Good People Feel Stupid Saying No,@thefutur,https://www.youtube.com/watch?v=5eCNrbsEwQA,NA,2026-07-14,skipped,2,,MEMBERS-ONLY video (Patron Member tier or higher). Paywalled behind channel membership; cannot be ingested. Diagnosed 2026-07-28 batch 199 (bulk pass over the members-only block).
yt-05XuPA4Q_SE,video,How to Build Content People Actually React To,@thefutur,https://www.youtube.com/watch?v=05XuPA4Q_SE,2026-01-17,2026-07-14,L2,3,content-strategy;sales-clients;business,"LIVE DIAGNOSTIC, narrated as it happens. He stops mid-session to name the method: 'I'm going to take longer… because I'm going to help creative people understand HOW TO TALK TO POTENTIAL CLIENTS… NOTICE WE'VE NOT TALKED ABOUT ANY TACTICS.' The sequence visible step by step: outcome > write it as an equation > how is it measured > BASELINE AND BENCHMARK ('baseline is what's the average, then what would you like to get it to') > refuses to pick their metric > interrogates the OUTLIERS not the average. Plus 'let me not lead the witness' — a self-correction on question technique, aloud, matching 'I'm stopping myself from talking right there' from 2016."
yt-tMAnP6EmF8g,video,The WORST Way to Tell Any Story (And Everyone Does It),@thefutur,https://www.youtube.com/watch?v=tMAnP6EmF8g,2026-01-10,2026-07-14,L2,2,communication;content-strategy;branding,"story structure: begin at greatest conflict, 'but' not 'and then', what's at stake; The Moth/writers; 30-30-30 plan; better concept beats better production; pattern interrupt; L3-candidate"
yt-meVstiZhvqA,video,How to Sell Through Your Content in 2026 (Without Being Salesy),@thefutur,https://www.youtube.com/watch?v=meVstiZhvqA,2026-01-03,2026-07-14,L2,2,content-strategy;sales-clients;business;branding,sell THROUGH not IN your content; farming not hunting; follow the breadcrumbs + he admits 600 unlooked-at profile views; DIYer fallacy (buyers not DIYers); 4-part LinkedIn audit; 2nd 'student of the game' attestation; L3-candidate
yt-POnPkjjT6Pw,video,The Only Content You Need to Post if YOU Want Clients,@thefutur,https://www.youtube.com/watch?v=POnPkjjT6Pw,2025-12-31,2026-07-14,L2,2,content-strategy;sales-clients;branding;communication,"Content-to-Clients Blueprint (Adobe MAX): quiz-as-filter, Goldilocks yes/no/maybe, the 'that's me' test, stuck-moment worksheet, empathy hook; 'words shape worlds'; L3-candidate"
yt-oEfp-B5GULk,video,The Exact Framework To Get More Clients (Full Session),@thefutur,https://www.youtube.com/watch?v=oEfp-B5GULk,NA,2026-07-14,skipped,2,,MEMBERS-ONLY video (Patron Member tier or higher). Paywalled behind channel membership; cannot be ingested. Diagnosed 2026-07-28 batch 199 (bulk pass over the members-only block).
yt-0LMzxmMcDEA,video,Stop Competing with Bigger Firms. Do This Instead,@thefutur,https://www.youtube.com/watch?v=0LMzxmMcDEA,NA,2026-07-14,skipped,2,,MEMBERS-ONLY video (base membership). Paywalled behind channel membership; cannot be ingested. Diagnosed 2026-07-28 batch 199 (bulk pass over the members-only block).
yt-Vr46ynsD13E,video,Why You're Selling Too Hard to the Wrong Clients,@thefutur,https://www.youtube.com/watch?v=Vr46ynsD13E,NA,2026-07-14,skipped,2,,MEMBERS-ONLY video (Patron Member tier or higher). Paywalled behind channel membership; cannot be ingested. Diagnosed 2026-07-28 batch 199 (bulk pass over the members-only block).
yt-kkYCNfI1pSk,video,"If You’re Still Pricing Hourly, This Will Change Your Entire Business",@thefutur,https://www.youtube.com/watch?v=kkYCNfI1pSk,NA,2026-07-14,skipped,2,,MEMBERS-ONLY video (Patron Member tier or higher). Paywalled behind channel membership; cannot be ingested. Diagnosed 2026-07-28 batch 199 (bulk pass over the members-only block).
yt--_sTrDwoZyM,video,The Secret to Handling Any Sales Objection (They’ll Never See It Coming),@thefutur,https://www.youtube.com/watch?v=-_sTrDwoZyM,2025-12-11,2026-07-14,L2,2,sales-clients;pricing;communication,pre-empt objections (the sales call he was 'a victim to'); price-anchoring script + informed-buyer question; 'do not explain' / 'that's what it costs' / 'policy'; L3-candidate
yt-H2-Mk84iSMU,video,How to Find Clients Who Can Actually Pay You  | Adobe MAX 2025,@thefutur,https://www.youtube.com/watch?v=H2-Mk84iSMU,NA,2026-07-14,skipped,2,,MEMBERS-ONLY video (Patron Member tier or higher). Paywalled behind channel membership; cannot be ingested. Diagnosed 2026-07-28 batch 199 (bulk pass over the members-only block).
yt-NMSHcSq8nMs,video,How To Market Your Services Correctly in 2026,@thefutur,https://www.youtube.com/watch?v=NMSHcSq8nMs,2025-12-07,2026-07-14,L2,2,sales-clients;pricing;business;branding,"ICP workshop: trifecta, psychographics, the mirror ('cuz WE don't have money'), 'they trade up', THE TIERS (coach's lesson; Blind 100k-1M ladder), 10%-of-10% marketing math, profiling as empathy; L3-candidate"
yt-QzTXXLBVaBw,video,How To Get Clients To Trust You Step by Step,@thefutur,https://www.youtube.com/watch?v=QzTXXLBVaBw,NA,2026-07-14,skipped,2,,MEMBERS-ONLY video (Premiere Member tier or higher). Paywalled behind channel membership; cannot be ingested. Diagnosed 2026-07-28 batch 199 (bulk pass over the members-only block).
yt-DmKgsjbWw8o,video,The Scene Every Salesman Needs to See,@thefutur,https://www.youtube.com/watch?v=DmKgsjbWw8o,2025-11-25,2026-07-14,L2,1,sales-clients;business;mindset,L3-candidate: Better Call Saul sales/positioning analysis (film dialogue quarantined); 7 quotes
yt-Snvo9y6mSAw,video,How To Attract Higher Paying Clients (It's Not Your Work),@thefutur,https://www.youtube.com/watch?v=Snvo9y6mSAw,2025-11-20,2026-07-14,L2,2,pricing;sales-clients;business,sell money (Kevin Daley); dollarize; size of problem = size of budget; problem seekers not solvers; motivation = pain + clarity (Socratic Selling); 'why not do nothing?' (Jonathan Stark); L3-candidate
yt-VkrkF0N-ZdE,video,Why No One Watches YOUR Content (Live Coaching),@thefutur,https://www.youtube.com/watch?v=VkrkF0N-ZdE,2025-11-15,2026-07-14,L2,2,content-strategy;communication;sales-clients;branding,full hot seat: 'I never assume them to tell the truth' + evidence check; confidentiality protocol; 'freaking lonely endeavor'; snack-not-meal; Content Lab priced 500/mo; L3-candidate
yt-SAwZqaJl2Lk,video,What ACTUALLY Makes People Buy? | Chris Do,@thefutur,https://www.youtube.com/watch?v=SAwZqaJl2Lk,2025-11-13,2026-07-14,L2,2,pricing;branding;sales-clients;business,Maslow x Neumeier brand commitment ladder (hedged); Apple-vs-Dell price pages; Think Different; success leaves clues (Jim Rohn); contested Kerouac attribution flagged; L3-candidate
yt-G7LDbDjJP4A,video,How to Rebrand Your Instagram (Without Starting From Scratch),@thefutur,https://www.youtube.com/watch?v=G7LDbDjJP4A,2025-11-08,2026-07-14,L2,2,content-strategy;branding;business,"rebrand IG in place: archive don't delete, constant pruning, 'when you change your audience changes'; 9th metrics-indifference; Content Lab weekly (contradicts 11-15); L3-candidate"
yt-3ikc89b-tkE,video,I messed up...The Truth About Niching Down,@thefutur,https://www.youtube.com/watch?v=3ikc89b-tkE,2025-10-30,2026-07-14,L2,2,business;branding;mindset;content-strategy,I messed up: five ones (Taki Moore); pressure=force/area; Blind 1995-97 niching; thank+retire old self; refuses violent framing (7th); L3-candidate
yt-Z0wnvRTWYmo,video,Your Writing Feels Flat Because You're Missing This,@thefutur,https://www.youtube.com/watch?v=Z0wnvRTWYmo,2025-10-25,2026-07-14,L2,2,content-strategy;communication;branding,"live writing workshop: establishing shot, tension before relief, no emotion no story, start at the end; L3-candidate"
yt-eluwXdhzJ5k,video,Why You Need Controversy When Building an Online Brand,@thefutur,https://www.youtube.com/watch?v=eluwXdhzJ5k,2025-10-23,2026-07-14,L2,2,branding;content-strategy;business;mindset,pick-a-fight defined (realm of ideas); tree/trunk+branches; symbiotic-vs-parasitic test; BLM episode; The Futur 2014 'it was a parasite'; L3-candidate
yt-M3HwhrxYYj0,video,Stop being a perfectionist,@thefutur,https://www.youtube.com/watch?v=M3HwhrxYYj0,NA,2026-07-14,skipped,2,,MEMBERS-ONLY video (base membership). Paywalled behind channel membership; cannot be ingested. Diagnosed 2026-07-28 batch 199 (bulk pass over the members-only block).
yt-PZgRQpu61k4,video,Reluctant Coach Wants To Build Personal Brand (w/ Matt Essam) Ep. 2,@thefutur,https://www.youtube.com/watch?v=PZgRQpu61k4,2025-10-16,2026-07-14,L2,2,branding;business;mindset,"*** LANDMARK — ✅✅ EP. 2 of the Chris+Essam joint series (the exception is now a SERIES; entities/matt-essam updated). **** THE FOUR-CRITERIA REPUTATION-VS-BRAND TEST, the first in the corpus: reach beyond your vertical / your name adds value to a thing outside what you do (Cleon Peterson's $800 sculpture x240; Twenty One Pilots merch; the counter-example: 1:1 coaching 'is not printing money, he's literally working for it') / you stand at the top of your vertical / you can JUMP verticals (Ryan Reynolds, The Rock — 'they're not selling acting… that's what a brand is'). Premised on the DECOUPLING: 'you could be the poorest person and have an amazing personal brand… we have to decouple these ideas.' Neumeier: 'when enough people come to a similar gut feeling about who you are, then you have a brand.' Plus: 'branding isn't marketing… it's like the DIGITAL CAMPFIRE… relational, not transactional'; 'that's the risk of doing anything of consequence'; 'you CAN put the genie back in the bottle' (the forgotten OG YouTubers); **** THE FROZEN-RICE EXPERIMENT (the ignored control has TWICE the mould) -> 'it's worse to receive nothing, to be ignored' — ⚠️ HE LABELS IT PSEUDOSCIENCE HIMSELF; the $100K-$1M claim WITH its privilege preconditions stated; and behaviourally, he REPEATEDLY GIVES THE SKEPTIC AN OUT ('we don't need to work on personal brand… you're like a fish who doesn't want to go to the boat, and I'm the fisherman'). Hormozi named by Essam — third-party, not for that clone. L3-candidate ***"
yt-uSma86sakPw,video,How to handle client revisions,@thefutur,https://www.youtube.com/watch?v=uSma86sakPw,2025-10-09,2026-07-14,L2,2,sales-clients;business;design-craft,"*** Short and sharp on WHY late-cycle revisions happen — not unclear proposals, but that you never gave the client permission to reject. **** 'You do not create space for them to say DESTROY ALL OF THIS — and the whole point of stylescapes is for them to say destroy all of this' + 'problems are always cheaper to solve at the beginning'. The stylescape pitch verbatim ('low commitment but high fidelity'; 'use your language and I'll say back what I'm hearing'; 'I want to get to truth'). **** THE POWER-ASYMMETRY LESSON FROM KIER ('you hold a lot of power and you don't realise it') with the script: 'you can tell me this is not possible… but if you say yes, then I expect this to be done' -> 'you have to INVITE PEOPLE TO TELL YOU NO'. **** Chris Voss's THREE YESES (understand-not-agree / the SHUT-UP YES / the true yes) -> 'look for the no, because the no is the only truthful answer you can count on' -> ask a yes question in the negative ('would it be crazy…?'). L3-candidate ***"
yt-BZ-mrtun_Ms,video,The 1-Second Rule To Speak Clearly Without Rambling,@thefutur,https://www.youtube.com/watch?v=BZ-mrtun_Ms,NA,2026-07-14,skipped,2,,MEMBERS-ONLY video (Premiere Member tier or higher). Paywalled behind channel membership; cannot be ingested. Diagnosed 2026-07-28 batch 199 (bulk pass over the members-only block).
yt-c16gNWVbmPs,video,6 Creative Skills AI Can’t Replace,@thefutur,https://www.youtube.com/watch?v=c16gNWVbmPs,2025-09-25,2026-07-14,L2,2,mindset;design-craft;business;sales-clients;branding,"*** LANDMARK — the most structured AI answer in the corpus (six skills), + TWO MAJOR BIOGRAPHICAL FINDS. ***** THE TASTE GAP AND THE LIBRARY METHOD: 'I grew up in Silicon Valley… I wasn't exposed to a lot of art and culture… first time on an airplane I was 16 or 17, San Jose to San Diego… I'm not a highly cultured person, I was uncouth' -> at Art Center, Europeans who'd travelled -> 'how does one close that gap?' -> 'you play catch-up… become a dolphin' -> 25 magazines at a time at the library, working BACKWARDS from the current year, 'you combat the pattern-recognition machine by becoming your own pattern-recognition machine'. Turns 'taste is the new leverage' into a trainable practice. ***** THE 'NO AND NO' STORY: asked 'do you understand what we do? have you looked at our site?' he said no and no — 'it's my truth… what can I hope to learn by looking at your website that I'm not going to learn by speaking to you?' -> won a $100,000 LOGO ASSIGNMENT. Plus: 'less important what and how, but WHY'; 'it lacks emotional empathy because it has never lived a life'; 'if you can read the room, you can lead the room'; branding as an IRRATIONAL EMOTIONAL CONNECTION; 'the courage to be wrong is what creates originality'; the messy-process defence; DIVERGENT thinkers rule the 21st century (+ Brian Collins 'designers are futurists'); 'answers are cheap, taste isn't'; H-to-H; 'you are more than the work that you create'. L3-candidate ***"
yt-hEOFX0pYha8,video,Why Creatives Struggle To Create Content That Performs,@thefutur,https://www.youtube.com/watch?v=hEOFX0pYha8,2025-09-20,2026-07-14,L2,2,content-strategy;mindset;business,"*** Solo. 'If you're using social media as a scorecard, you're playing the wrong game.' **** THE SEQUENCE LESSON ('can you drive me to the airport?' -> LOAD THE ASK UP FRONT; 'the order does matter'); **** permission to post without a takeaway + 'an air of craftsmanship, of control, keeps you and your audience from really connecting'; **** the CURSE OF KNOWLEDGE + 'I think about what it's like to be a beginner again'; **** insecurity -> the algorithm as a SURROGATE for withheld childhood approval -> an explicit THERAPY recommendation. Also: how he reads negative feedback (transmission/receiver alignment); 'you gain clarity through articulation' (David C. Baker). ⚠️ CONTRADICTION FLAGGED: 'I've never cared about the algorithm, never studied best posting times' conflicts with 2025-08-23's 'be a student of the game / read the YouTube reports'. Both his, 4 weeks apart — recorded, not resolved. L3-candidate ***"
yt-eS9LtexTMFk,video,Personal Branding Is Not What You Think,@thefutur,https://www.youtube.com/watch?v=eS9LtexTMFk,2025-09-16,2026-07-14,L2,2,branding;mindset;content-strategy;business,"*** LANDMARK — Chris as INTERVIEWEE, high density. THREE NEW FRAMEWORKS: (1) THE THREE INGREDIENTS OF MAGNETISM — self-ACCEPTANCE not self-awareness ('they love themselves so much that they leave room for you to be you'), self-confidence DEFINED ('tools and resources to solve any problem'), true vulnerability — 'I've done this with a couple hundred people'; (2) THE 9-1-1 FORMULA (9 pure value / 1 sell unapologetically / 1 you being you), incl. the mistake that created slot 3 ('his stuff is cool but I don't know who this guy is'); (3) performance marketing vs brand building as two columns + 'I'm TERRIBLE at cash flow' + the warning that the information business 'has a limited number of days left'. Plus the FULLEST Draplin telling ('why have I been hiding all this time?'), the most honest authenticity-gap version (Cheetos test; '1000% authentic is impossible'; defends social norms first), 'GO TO THERAPY' as step one, the responsibility-of-speech answer ('I'm not so good at answering that'), the Twitter-friend attack, 'you're only as good as your last piece of work — no you're not', 'you don't have to take me at all', Thales, and 'AI is making GENERIC thought leadership go away'. L3-candidate ***"
yt-TE8qfhD4b8I,video,Ditch Networking. Build An Authentic Personal Brand Instead. 2025,@thefutur,https://www.youtube.com/watch?v=TE8qfhD4b8I,2025-09-14,2026-07-14,L2,2,branding;business;sales-clients;biography;mindset,"*** LANDMARK — ✅✅ THE EXCEPTION: the FIRST episode with Chris AND Matt Essam together (all 13 prior Essam instances are Chris-absent, do-not-train). A genuine debate Chris frames as persuading a skeptic; entities/matt-essam.md UPDATED accordingly. Method: a SOCRATIC AUDIT — he interviews Essam about pre-social lead gen (networking events, literal door-knocking, recruiters) until 'you may be making your own argument for me'. **** SIXTH attestation of the non-violent-language thread, and the sharpest: 'you have a lot of judging language' -> 'I always worry when people say they're being honest — that's almost a blanket statement to excuse being very violent with their choice of words' -> Essam CONCEDES on camera. Plus he names his own move as a mirror. **** THE FULLEST BLIND PRE-SOCIAL MARKETING STACK (exclusive reps ~25 yrs, PR firms, an EP doing wine-and-dine, advertorials, Alt Pick/Blackbook directories, competitions, trade press) + the untraceability grievance. **** 'I do not know how to work a room. Period. And instead of learning how, I'VE GIVEN UP ON THAT.' **** The podcast criteria + 'a non-renewable supply of time' + 'I'm pretty sure that person's walking away thinking: what a jerk'. Also: trust is hard to build and easy to lose; consistency in HOW you show up, not frequency; Austin Kleon's 'to be found you must be findable'; followers != influence (the VidCon empty-chairs example). L3-candidate ***"
yt-R2J67k2Z6WU,video,LinkedIn Masterclass: How to Generate High-Value Leads Organically,@thefutur,https://www.youtube.com/watch?v=R2J67k2Z6WU,2025-09-11,2026-07-14,L2,2,marketing;sales-clients;content-strategy;business,"L2 — 131 KB, the LONGEST transcript of the run; guest-dominated (Jasmin Alic, LinkedIn) + live audience. His tactics fenced. Chris-only harvest is LARGER than the 07-08 Alic episode because the live format gives him room: **** 'typography is thinking made visual -> WRITING IS THINKING MADE VISUAL'; **** his definition of BAD WORK ('when you put your time, energy and resources towards it and you don't get results'); **** the HEURISTICS argument (overload forces proxies — the mechanism under social-as-resume); **** the three stages of awareness + 'people treat their content like it's bottom of funnel'; **** a live offer-design correction ('you do not want to sell a product to a group who can't afford to buy it… you sell to broke designers'); the listening redirect ('what are YOU hearing?'); 'there's no trying, there's just doing'; 'smart, educated, successful people think too much'; and he REFUSES the guest's 1% escape hatch. L3-candidate **"
yt-HxTjtp5WSUM,video,The #1 PERSONAL BRANDING Mistake You're Making in the Age of AI,@thefutur,https://www.youtube.com/watch?v=HxTjtp5WSUM,NA,2026-07-14,skipped,2,,MEMBERS-ONLY video (base membership). Paywalled behind channel membership; cannot be ingested.
yt-1wcRqeM2m8c,video,10 Tips I Follow To Have An Authentic Millionaire Personal Brand (After 10 Yrs of Trial & Error),@thefutur,https://www.youtube.com/watch?v=1wcRqeM2m8c,2025-08-28,2026-07-14,L2,2,branding;content-strategy;mindset,"*** Scripted 10-tips consolidation; mostly restatement BUT four new/better items: **** 'don't be a fungible human, be a NON-FUNGIBLE human' with the racial-stereotype self-analysis and the deliberate Esquire/GQ + hip-hop style strategy (-> persona/appearance: the REASON behind the style); **** the three story-excavation questions (backstory incl. birth order / peak-emotional-height moments / transformative people); **** THE REPEATABLE STORY CREDITED TO KIER McLAREN (corrects the unattributed VidCon telling) + the Colonel Sanders case; **** the Dip reframed through scarcity ('people don't fail, they quit'; difficult -> scarce -> valuable). Plus his catchphrases listed together, and $15/mo members library + Content Lab. L3-candidate ***"
yt-SA-a1_Wmgx8,video,Why Clients Say You’re “Too Expensive” (And How to Fix It),@thefutur,https://www.youtube.com/watch?v=SA-a1_Wmgx8,NA,2026-07-14,skipped,2,,MEMBERS-ONLY video (base membership). Paywalled behind channel membership; cannot be ingested.
yt-cDTB4auDj2U,video,Your Dream Life Is Waiting. You're Just Avoiding It,@thefutur,https://www.youtube.com/watch?v=cDTB4auDj2U,2025-08-23,2026-07-14,L2,2,mindset;business;biography;design-craft,"*** LANDMARK — 1:1 mentorship on camera. TWO ORIGIN STORIES the corpus lacked: (1) the GRADE-SCHOOL INNER DIALOGUE ('the only person I could talk to is myself' -> 'is that a helpful thought to have?') + 'it's not until I find myself in a skill that I start to build an identity'; (2) the ART CENTER FILM CLASS ('Critiquing Current Movies', Jay Chapman — 'I buy another ticket, I go back in' -> 'I credit that class for helping me train my eye'). Plus: anchor vs compass; 'video production is what you do but not what you sell'; vision = to see what no one can see; 'find two or less people and just do whatever they tell you'; the gift people sabotage; SACRIFICE not burnout + difficult->scarce->valuable; the 6-part speaker self-assessment; the ACCESS CRITIQUE ('nobody's asking me real questions'); attachment to the old self; good vs EXCELLENT; record-in-HD 2nd attestation w/ the catalogue mechanism; silencing the competing voices; the FISHING STORY (son 21, name-free). L3-candidate ***"
yt-0eBYcYbsas0,video,Why Being 'Humble' Is Hurting You More Than You Think,@thefutur,https://www.youtube.com/watch?v=0eBYcYbsas0,2025-08-21,2026-07-14,L2,2,mindset;business;sales-clients,"*** Contrarian argument, argued with the room disagreeing. Refuses a compliment ('I'm offended that you say I'm humble') — 3rd instance of the reflex. Dictionary over aphorism ('having a low estimation of one's own importance') + **** THE MARBLE-JAR EXPERIMENT (100 marbles; low=40, high=140, best=100) -> 'when you're humble you're giving me a FALSE ESTIMATION — bad for you, your client, your team, your family'. Tall poppy syndrome and the culture that cuts down winners. **** ARROGANCE IS OVERCOMPENSATION FOR LOW SELF-ESTEEM, not the opposite of humility. And the critique relocated: 'how they TREAT OTHERS is where we have the critique.' Lands on FAIR ESTIMATION, not high. L3-candidate ***"
yt-_rHkvKu-GCc,video,Why your 'PERSONAL BRAND' feels empty (Forward Part 2),@thefutur,https://www.youtube.com/watch?v=_rHkvKu-GCc,NA,2026-07-14,skipped,2,,MEMBERS-ONLY video (base membership). Paywalled behind channel membership; cannot be ingested.
yt-iTPjmjlRMf4,video,How to Beat the Competition Without Lowering Your Prices,@thefutur,https://www.youtube.com/watch?v=iTPjmjlRMf4,2025-08-14,2026-07-14,L2,2,pricing;sales-clients;business,"*** Short, one argument, well built. Ron Baker's 'there is no such thing as a commodity — you just lack imagination' with the full lettuce -> money -> stock-certificate ladder (+ the $150 Japanese cantaloupe); THE TWO VARIABLES under premium pricing — time delay + certainty of outcome (meditation vs Prozac), credited to Hormozi's $100M Offers; and **** THE GUARANTEE RULE with a self-report: 'the last thing I do is throw in the guarantee — I've done it twice — they close… use it not to get the job, but to SECURE it.' Plus an explicit pay-the-authors norm. L3-candidate ***"
yt-XdNQC_zDCW0,video,STOP Blanding In! How to Create a PERSONAL BRAND That Stands Out (Forward Pt. 1),@thefutur,https://www.youtube.com/watch?v=XdNQC_zDCW0,2025-08-12,2026-07-14,L2,2,branding;biography;content-strategy;mindset,"*** LANDMARK — the most biographically rich talk in the corpus. THE FULL BLIND CREDIT LIST (Stacy Peralta/Dogtown, Gnarls Barkley 'Crazy' VMA, Audi A7, UFC/Spike/FX, Xbox, Coldplay); the fullest 'no way, Jose' telling + FIFTH corroboration of 2014/age-42; the wife's verdict 'your videos are unwatchable' + 25->300 views; 'I've never been more nervous in my life' speaking at his son's school; 1975/fall of Saigon; NEW: he owns a Tesla. Argument half largely duplicates VidCon EXCEPT two new pieces: WORLD-BUILDING (the positive form of don't-chase-new, via the Alien franchise) and 'PERSONAL BLAND'. Also: never assume anyone knows who you are; the dematerialized culture; courage to be disliked; 1,100 members; 2.7M followers. Family by role only. L3-candidate ***"
yt-Wjyut4PVTKg,video,The Secret Storytelling Hack Every Business Needs! w/ Greg Logan,@thefutur,https://www.youtube.com/watch?v=Wjyut4PVTKg,2025-08-07,2026-07-14,L2,2,branding;content-strategy;business,"L2 — guest-dominated (Greg Logan, Narrativity); his quest/banned-words method fenced. BUT he runs his live brand exercise ON The Futur, which makes Chris articulate his own offer on camera: 'creative entrepreneurs — not just creatives'; 'I teach them to speak the language of business / a healthier mindset around money / find their worth beyond financial means'; and **** the philosophy he sidesteps into — 'all of us are creative… the creativity was TAUGHT OUT of us, and THE ARTISTS ARE THE ONES WHO SURVIVED CHILDHOOD and didn't go along with the program. They're the rebels.' Also his own read on risk-averse studios (Marvel/Deadpool). WARNING: the mission candidates are workshop output, NOT a change to The Futur's mission. L3-candidate **"
yt-11z9_iwPq_w,video,You've been creating content ALL Wrong (Here's how to fix it!),@thefutur,https://www.youtube.com/watch?v=11z9_iwPq_w,2025-08-05,2026-07-14,L2,2,content-strategy;design-craft;business,"*** Live workshop, short and dense. **** 'I have SURVIVOR BIAS… ALL STRATEGY IS AUTOBIOGRAPHICAL' — an unprompted conditional warranty on his own advice, given up front. **** CHUNKING / THE RULE OF FIVE as a complete named framework (always five; prioritize; recurse to the terminus, ~3 layers max) demonstrated live on design + architecture, then run on a participant's own domain. **** THE BUBBLE OF BROAD APPEAL ('wrap niche expertise in something everybody's already talking about, then build the bridge') with the Neil deGrasse Tyson field-goal story told end to end. Plus 'if you want to reach more people, you have to teach more people' and a 1,000+ members-only data point. L3-candidate ***"
yt-aaBt9lSDpHY,video,Why Doing More Is Breaking You (w/ Klaus Kleinfeld),@thefutur,https://www.youtube.com/watch?v=aaBt9lSDpHY,2025-07-31,2026-07-14,L2,2,mindset;business,"L2 — guest-dominated (Klaus Kleinfeld, ex-Siemens/Alcoa CEO, 'Leading to Thrive'); his framework/biography/protocols fenced. Chris-only and thin: the generations observation (self-IDs as GEN X, and labels his own framing a stereotype before using it); and the COMPARTMENTALIZATION exchange recorded whole — a gendered generalization offered, its downside conceded in the same breath ('sometimes I think she's really healthy'), and a guest correction he lets stand without defending. Wife by role only. L3-candidate *"
yt-hDlWbmH96hw,video,Why You’re Still Invisible (VidCon Personal Branding Talk),@thefutur,https://www.youtube.com/watch?v=hDlWbmH96hw,2025-07-29,2026-07-14,L2,2,branding;content-strategy;mindset;business,"*** LANDMARK — VidCon keynote, the most COMPLETE statement of the personal-branding argument in the corpus; SUPERSEDES the shorter versions. Attention IS the economy; age of character -> age of personality; social-as-resume (3rd, sharpest); riches in the reaches; DON'T CHASE NEW (Fountain/Cloud Atlas/Tom Cruise + the Dip's RESTART LOOP) -> 'original = origin' -> BRANDING IS THE ACT OF REMEMBERING; DON'T CHASE BETTER (products=features, brands=meaning; All Marketers Are Liars); the good/different quadrant (good is the price of entry); INVERSION — 'how would you hide in plain sight?' + give yourself a score; the repeatable story + Tansel Ali; Jung 3rd attestation + 'we walk around fractured'; THE TOO-MUCH LIST ('your perceived flaws are your advantage'); yin/yang live; the mortality close. Petrula origin story for 'I'd rather be hated'. NEW: the Glendale unlabelled-water story. Hormozi + Gary Vee third-party — NOT usable for those clones. L3-candidate ***"
yt-MbI5Sln-NhY,video,Fix These 3 Things & Your Brand Will Explode (Singapore Mastermind Pt.2),@thefutur,https://www.youtube.com/watch?v=MbI5Sln-NhY,NA,2026-07-14,skipped,2,,MEMBERS-ONLY video (Patron Member tier or higher). Paywalled behind channel membership; cannot be ingested.
yt-x3uwgZsm4Xk,video,The #1 Reason Your Creative Business Isn’t Growing (It’s Not Your Work),@thefutur,https://www.youtube.com/watch?v=x3uwgZsm4Xk,NA,2026-07-14,skipped,2,,MEMBERS-ONLY video (base membership). Paywalled behind channel membership; cannot be ingested.
yt-R8EIZD_wKxE,video,Build a Team That Runs Without You,@thefutur,https://www.youtube.com/watch?v=R8EIZD_wKxE,NA,2026-07-14,skipped,2,,MEMBERS-ONLY video (base membership). Paywalled behind channel membership; cannot be ingested.
yt-ZImHKVHxPL8,video,What I Did When I Had Nothing Left to Lose,@thefutur,https://www.youtube.com/watch?v=ZImHKVHxPL8,NA,2026-07-14,skipped,2,,MEMBERS-ONLY video (Premiere Member tier or higher). Paywalled behind channel membership; cannot be ingested.
yt-A9rAaBPE7e0,video,My Daily Routine That Took Me From $17/hr To $30K/Days,@thefutur,https://www.youtube.com/watch?v=A9rAaBPE7e0,NA,2026-07-14,skipped,1,,"no-captions (3x caption-fetch fail; peers fetched OK, not global rate-limit)"
yt-IZ2kZpQfwD4,video,How to Stand Out in Your Industry (Singapore Mastermind Pt.1),@thefutur,https://www.youtube.com/watch?v=IZ2kZpQfwD4,NA,2026-07-14,skipped,2,,MEMBERS-ONLY video (Patron Member tier or higher). Paywalled behind channel membership; cannot be ingested.
yt-aziBfQAwSgg,video,The One Thing LinkedIn Doesn’t Reward (But You Should Do Anyway),@thefutur,https://www.youtube.com/watch?v=aziBfQAwSgg,NA,2026-07-14,skipped,2,,MEMBERS-ONLY video (base membership). Paywalled behind channel membership; cannot be ingested.
yt-bNlqxwLP8xQ,video,I Don't Work for Free Client Revisions — Here’s Why,@thefutur,https://www.youtube.com/watch?v=bNlqxwLP8xQ,NA,2026-07-14,skipped,2,,MEMBERS-ONLY video (base membership). Paywalled behind channel membership; cannot be ingested.
yt-637ke5MNvf0,video,Why You Should Build Personal Brand First,@thefutur,https://www.youtube.com/watch?v=637ke5MNvf0,NA,2026-07-14,skipped,2,,MEMBERS-ONLY video (Patron Member tier or higher). Paywalled behind channel membership; cannot be ingested.
yt-TIY_ggV3S_o,video,How to MAKE MONEY Being You!,@thefutur,https://www.youtube.com/watch?v=TIY_ggV3S_o,2025-07-13,2026-07-14,L2,2,mindset;business;biography;content-strategy,"*** Talent vs skill + the self-preservation move ('you're defending yourself against the idea that it's going to take a lot of work'); the two-column money/love audit + the basketball argument; 'artificially handicapping yourself'; THE DOUBLE-SIDED SAFETY NET (ethnic enclaves; 'it catches you when you try to fly, too'); pay your dues (Ash Thorp/Kyle Cooper); 'sell all your junk, live like a monk' + the portfolio-humiliation argument. BIOGRAPHY: he applied to exactly ONE school (Art Center), refused San Jose for LA, parents later sold their house and moved to LA. 5th attestation of the non-violent-language thread (corrects Mo mid-sentence). L3-candidate ***"
yt-ee-kOLCnuh0,video,The Impact of Sound in Your Storytelling w/ CEO of Epedemic Sound,@thefutur,https://www.youtube.com/watch?v=ee-kOLCnuh0,NA,2026-07-14,skipped,2,,MEMBERS-ONLY video (base membership). Paywalled behind channel membership; cannot be ingested.
yt-1z1lsaQJ8K4,video,How @thejasminalic GREW to 300K Followers w/ This Strategy,@thefutur,https://www.youtube.com/watch?v=1z1lsaQJ8K4,2025-07-08,2026-07-14,L2,2,marketing;content-strategy,"L2 — guest-dominated + almost entirely tactical (Jasmin Alic, LinkedIn writing); his system fenced as do-not-train. Chris-only: the correction framing, 'why three? why not two?', and one driven segment ('people don't ask really good questions — give us bad/medium/great'). ✅ CONFIRMS a FIRST Alic episode exists ('watch the first video with Chris') — carried-debt lead, still unlocated. L3-candidate *"
yt-Ad4tLR_Xfnc,video,How To Build A Personal Brand That Lasts 10+ Years (Chris Do's 10 Rules - Part 2),@thefutur,https://www.youtube.com/watch?v=Ad4tLR_Xfnc,NA,2026-07-14,skipped,2,,MEMBERS-ONLY video (base membership). Paywalled behind channel membership; cannot be ingested.
yt--LCN3b_tTXM,video,The Trap They Don’t Warn You About w/ @Jodie Cook | The Futur Podcast Ep 361,@thefutur,https://www.youtube.com/watch?v=-LCN3b_tTXM,NA,2026-07-14,skipped,3,,MEMBERS-ONLY video (base membership). Paywalled behind channel membership; cannot be ingested.
yt-tXY5CIDRNhc,video,Don’t Blow Up. Do This Instead. (w/ @Conflict Resolution Training) | The Futur Podcast Ep 360,@thefutur,https://www.youtube.com/watch?v=tXY5CIDRNhc,2025-07-03,2026-07-14,L2,3,mindset;sales-clients,Conflict-resolution trainer — guest expert teaching in her own field (nervous-system account of conflict). Same fenced class as Melanie Whitney / Cynthia Kane / Andrea Sampson. Adjacent to Chris's non-violent-communication thread; do NOT merge. No new Chris material in sampled sections.
yt-ngXYEOw8z_o,video,I Grew 5 Million Followers On Social Media DOING THIS ONE THING (It's easy and boring),@thefutur,https://www.youtube.com/watch?v=ngXYEOw8z_o,2025-06-29,2026-07-14,L2,2,mindset;branding;sales-clients;content-strategy,"*** 8 minutes, very high signal. Lead with generosity ('not a Trojan horse — it's part of your operating system') + the full conference script where HIS NAME COMES LAST; the neglected child (2nd attestation of the 2025-05-22 mechanism, now applied to generosity not storytelling); reciprocity as social infrastructure; the thirds; **** 'underneath a graphic designer is a teacher' + 'the more that I don't think about the business, the more business opportunities appear'; the paradox principle; 'I care about people, but I don't care about people's opinions of me'; inner peace as the real meaning of attractive (Dalai Lama); 'this bald Asian fool'; closing on 'if you want to be an impressive person, stop trying to impress people'. L3-candidate ***"
yt-6w9F6_NJY8M,video,Quit Client Work & Work Less for More Money w/ @richwebz | The Futur Podcast Ep 359,@thefutur,https://www.youtube.com/watch?v=6w9F6_NJY8M,2025-06-28,2026-07-14,L2,3,business;branding;mindset,"Rich Webster guest — GUEST-DOMINATED. Kept DEFENSIVELY: his thesis ('I was hiding a huge part of my personality… the more you're in alignment, the more money you can make') is the authenticity-gap argument in a different mouth, and sits very close to Chris's own separately-sourced material. Do not merge; resemblance is not evidence of influence."
yt-qEjGgP2A8pM,video,Are You a Self-Proclaimed Thought Leader? w/ @brianmillerspeaks  | The Futur Podcast Ep. 358,@thefutur,https://www.youtube.com/watch?v=qEjGgP2A8pM,2025-06-26,2026-07-14,L2,3,content-strategy;branding,"Brian Miller (speaker coach) — guest-dominated, low yield. Kept for provenance: the GUEST INITIATED the episode by criticising a previous one ('they gave a vague nondescript answer… would you like to talk about thought leadership in a way that's not fluffy and vague?' — 'Yes, I would'). A concrete instance of the credible-outreach standard, and of accepting a critique of his own show as a premise. WARNING: the guest's one-story assertion must NOT be merged with the repeatable story credited to Kier McLaren."
yt-IG0mgfkRz1Q,video,How the Right Clients Find YOU (It's not what you think) w/ @Jodie Cook | The Futur Podcast Ep 357,@thefutur,https://www.youtube.com/watch?v=IG0mgfkRz1Q,2025-06-22,2026-07-14,L2,3,branding;mindset,"Two-way conversation (recurring guest), announced as a limited series built around 'the points of CONFLICT and the points of agreement'. One strong Chris item: he TESTS an emotional claim against his own history looking for a counter-example before accepting it ('I was trying to use my logical brain… I could not find a use case where that wasn't true') — the Spock/logical-access self-description in operation. Guest's career-sequencing and differentiation lines are hers."
yt-zjPasK-71Zw,video,"Change Your Look, Change Your Life | The Futur Podcast Ep 356",@thefutur,https://www.youtube.com/watch?v=zjPasK-71Zw,NA,2026-07-14,skipped,3,,MEMBERS-ONLY video (base membership). Paywalled behind channel membership; cannot be ingested.
yt-OlZa_n_bGE4,video,The Secret To Telling Your Story So People Listen!,@thefutur,https://www.youtube.com/watch?v=OlZa_n_bGE4,2025-06-17,2026-07-14,L2,2,content-strategy;branding;mindset,"*** LIVE STORYTELLING MASTERCLASS — the corpus's best HOW (it had mostly WHY). Kindra Hall's normal/explosion/new-normal; START with the explosion (James Bond, 'cut to the chase'); a full live rebuild of Mo's real ER story via interrogation (sensory detail -> setting -> dialogue -> stakes); the establishing shot; the me-too mechanic; 'make the story not about you, make it about why it matters to you'. Plus SELECTIVE EDITING ('don't let facts get in the way of a good story', told against himself with his kids as fact-checkers) — flagged as in TENSION with his fidelity rules — and the teenager rule (taco, forklift). L3-candidate ***"
yt-EeEsglitUe8,video,The Content Shift That Built My Business (Daily Dose: Vlog 005),@thefutur,https://www.youtube.com/watch?v=EeEsglitUe8,2025-06-15,2026-07-14,L2,2,business;content-strategy;sales-clients;mindset;branding;marketing,"*** LANDMARK — Vlog 005, Rivian Theater/AAF Orange County VIP Q&A. The culture correction ('the culture got sideways… a little bloodletting', COO named by role only); the three-phase shadow/delegation framework + the sober-ceiling warning; 'we are historically the worst judge of our own value' + THE MESSAGE IN A BOTTLE (he chokes up); man-on-the-street reversal ('I cannot be more scared') w/ Brendan Kane's script; taste-is-the-new-leverage AI position; the commitment trap + acclimation (sushi/interior-designer/Paula Scher); $400K project vs $120K sponsorship; the FULL Todd McFarlane bilingual source story; Kier's actual sales training verbatim. Family-name policy applied to a garbled caption aside. L3-candidate ***"
yt-JlToYHLt1wc,video,"He Designed Beats, Apple Products... Then Changed the Game w/ Robert Brunner | The Futur Ep. 355",@thefutur,https://www.youtube.com/watch?v=JlToYHLt1wc,2025-06-14,2026-07-14,L2,2,design-craft;business;sales-clients;branding,"L2 — guest-dominated (Robert Brunner: Ammunition, ex-Apple ID director, ex-Pentagram, Beats). Chris-only: the perfection trap WITH a new waste/landfill argument; the print-it-out test; two Blind-era qualification heuristics (rules for salespeople; the buzzword red flag); the good-enough-revolution tension he poses but does not resolve; Art Center/industrial-design kinship. NEGATIVE RESULT: the Will.i.am Beats-origin rumour Chris repeated was NOT corroborated by Brunner. L3-candidate **"
yt-JIbsSwvfytI,video,How to Talk MONEY Without Killing the SALE | The Futur Podcast Ep 354,@thefutur,https://www.youtube.com/watch?v=JIbsSwvfytI,2025-06-12,2026-07-14,L2,3,pricing;sales-clients;mindset,"LANDMARK solo monologue. Ghosting explained FROM THE BUYER'S SIDE and then demonstrated against himself in the present tense (the pool contractor, $7,500, 'I'm delaying and delaying… we're guilty of it on both sides'). The BUDGET-UPFRONT SCRIPT w/ two de-risking devices ('out of respect for your time and mine'; 'I'm not even committing to this') + be still. WARNING/FINDING: he DE-RECOMMENDS VALUE-BASED PRICING to most viewers — 'that's an advanced pricing strategy, I don't recommend it for everyone… it's more than what you need.' Graceful exit names TEMPERAMENT as legitimate. Credits Vanessa Van Edwards (via Steven Bartlett's show)."
yt-GxKIH4eatks,video,How A 50 Year Old Built A $80M Personal Brand From YouTube,@thefutur,https://www.youtube.com/watch?v=GxKIH4eatks,NA,2026-07-14,skipped,2,,MEMBERS-ONLY video (base membership). Paywalled behind channel membership; cannot be ingested.
yt-b8iwit0yuuI,video,The LinkedIn Strategy You’re Missing w/ @Matthew Lakajev | The Futur Ep. 353,@thefutur,https://www.youtube.com/watch?v=b8iwit0yuuI,2025-06-07,2026-07-14,L2,2,marketing;sales-clients;business;content-strategy,"L2 — guest-dominated (Matthew Lakajev, LinkedIn lead-gen); his system fenced as do-not-train. Chris-only: **** 'we have a good-sized really engaged audience that are INCAPABLE of buying anything that we do' + the price-raising plan (200-250/mo not enough) + the quarterly->monthly cadence correction; his articulated not-creepy filter; pitch-vs-invitation + Priestley's 'with or without you energy'; 'too abrupt of a step'. Jasmin Alic established as a PRIOR guest (carried debt lead). Part two implied. L3-candidate **"
yt-OzPIvxxku8c,video,How NOT to Build a Brand (STOP Being Fake) w/ @Jodie Cook | The Futur Podcast Ep. 352,@thefutur,https://www.youtube.com/watch?v=OzPIvxxku8c,2025-06-05,2026-07-14,L2,3,branding;mindset,"Chris answers. THE TWO-PART TEST for a real personal brand — can you make kings/queens (others gain influence by proximity to you) and can you print money (figuratively) — the corpus has definitions but NO test, and this reframes the goal from being known to being able to CONFER. Also: 'followers is not a great metric for whether you have any real influence' w/ faceless-content and curation counter-examples; Neumeier definition extended ('everyone already has one'); cold open 'the old you has to die so the new you can come out' WITH grieving named as the cost."
yt-r2o9-oj9Mlk,video,What If GREATNESS Isn't Enough For Success? (Daily Dose: Vlog 004),@thefutur,https://www.youtube.com/watch?v=r2o9-oj9Mlk,2025-06-03,2026-07-14,L2,2,content-strategy;business;mindset;marketing,"L2 — Vlog 004 (UPS Austin finals). *** The Futur spin-off told on camera (CEO took the coaching arm; 'we're down the revenue but we're lighter because of the overhead'), self-reported; TV-show executive producer credit; 'social media is the new resume' + the rejected-speaker story + dedicate 10% of your life force; 'when you're not activating your brand's potential, you're participating in its own demise'. L3-candidate ***"
yt-RCocxOMQD3M,video,"I Grew From 0 To 5M Followers, My 10 Personal Branding Rules",@thefutur,https://www.youtube.com/watch?v=RCocxOMQD3M,2025-05-31,2026-07-14,L2,1,content-strategy;branding;mindset,L3-candidate: 10 personal-branding rules + biography/mission; ~40 quotes
yt-4ZS8dMwPObk,video,Content Strategy for Business Owners (That Actually Works)​,@thefutur,https://www.youtube.com/watch?v=4ZS8dMwPObk,2025-05-29,2026-07-14,L2,2,content-strategy;marketing;mindset;business;pricing,"*** LANDMARK for the persona despite being a guest episode (Brendan Kane/Hookpoint). Kane critiques six of Chris's own videos, forcing rare self-analysis: the SPOCK story + therapist's reframe (lands on the Daywalker self-concept); the introversion MECHANISM (content -> speaking invite -> introduction -> never a stranger); a DATED reversal on faceless content vs AI ('I would have answered this differently two years ago'); the 50%-deal rationale; structure-vs-chaos / 'reinvent how it's used'. Corrections: authenticity gap = JUNG; four-column exercise = IKIGAI (named). Hormozi third-party name-drop — not usable for that clone. L3-candidate ***"
yt-UgMzONbQ7jY,video,What REALLY Holds You Back from Closing More Deals,@thefutur,https://www.youtube.com/watch?v=UgMzONbQ7jY,2025-05-27,2026-07-14,L2,2,sales-clients,"DO-NOT-TRAIN; THIRTEENTH Matt Essam instance; ZERO Chris Do content; fence page only. NEW: Essam characterises Chris's style on air ('Chris is a big fan of getting to that budget conversation as quickly as possible') and contrasts it with his own — recorded as external cross-check, never as a Chris citation."
yt-V5c1YGTzAYc,video,Why Being Obsessed is YOUR Secret Weapon! (Daily Dose: Vlog 003),@thefutur,https://www.youtube.com/watch?v=V5c1YGTzAYc,2025-05-25,2026-07-14,L2,2,mindset;business;content-strategy;sales-clients,L2 — Vlog 003 (UPS Austin). Obsession vs superficial interest; 'it's not by luck' + the Blind commercial-exit reasoning chain ending in the AI self-disruption parallel; presentation coaching + the second-language passage. be-the-tree 2nd attestation. L3-candidate ***
yt-PjP5wvemDLo,video,"Your Dream Doesn't Need Money, It Needs This w/ @SimonSquibb",@thefutur,https://www.youtube.com/watch?v=PjP5wvemDLo,2025-05-22,2026-07-14,L2,2,business;mindset;sales-clients;content-strategy,"L2 — guest-dominated (Simon Squibb); heavy attribution fencing. Chris-only: the underdog-story belief, the interview method stated aloud, gift-with-expectation=manipulation, passionate detachment 2nd attestation (challenged, not conceded), the C-vs-E framework, and the marriage-friction admission + 'almost 30 years' married. Hormozi mentioned third-party — NOT usable for the Hormozi clone. L3-candidate ** (selective)"
yt-efxmE9XX-hE,video,Your Personal Brand Will NEVER Grow If You Keep Doing This,@thefutur,https://www.youtube.com/watch?v=efxmE9XX-hE,2025-05-20,2026-07-14,L2,2,branding;mindset;content-strategy,"L2 — the authenticity gap as a NAMED framework (definition + 5 signs + remedy), the four-column exercise, gifts-you-have-vs-want, and the fullest water/brand-value argument in the corpus. L3-candidate ***"
yt-47U8xHHb0XU,video,What Designers Do to Close $10K+ clients  w/ David Fastuca | The Futur Podcast Ep. 346,@thefutur,https://www.youtube.com/watch?v=47U8xHHb0XU,2025-05-14,2026-07-14,L2,3,business;sales-clients;design-craft,"David Fastuca guest — guest-dominated (design as trust-building differentiator, 'riches are in the niches' = his). Low yield. Chris's value is the FRAMING and the standard he sets: 'beyond just theory and abstract talk' + 'can you breathe life into that?'. WARNING: cold-open commoditisation lines are NOT confidently attributable between host and guest — do not quote as his."
yt-Anr8YYbt2ws,video,"If You’re Introvert But Done Hiding, Please Watch This!",@thefutur,https://www.youtube.com/watch?v=Anr8YYbt2ws,2025-05-13,2026-07-14,L2,2,biography;mindset;sales-clients;content-strategy,"TOP-TIER BIOGRAPHY LANDMARK - the deliberate, whole account of his introversion, which the corpus has only had in fragments; 'a loud introvert who's built an eight-figure business'; ✅✅ FOURTH corroboration of the 2014 hinge ('I didn't start making content until I was 42 years old'); ★★★ 'create content so good that I didn't need to develop social skills' = the single most explanatory line about his career strategy; the FULLEST Kier McLaren public-speaking origin ('why are you so busy being the world's best-kept secret?' -> 'volunteer to speak') incl. THE SLIDES FIX (operational twin of the 'you like making images' telling), 'I bombed horribly the first couple of talks', 'it is and still is scary to me'; ★★★ BE THE TREE + the whole Design Thinkers Toronto dread sequence; 'confidence isn't a personality trait, it's a byproduct of reps - you don't become fearless, it just becomes familiar'; introversion as a DIFFERENT OPERATING SYSTEM 'better in long games'; the cobra/sleeper passage w/ 'I think I'm the least successful person at the table'; OBJECTIONS AS REQUESTS ('what is expensive about this?'); 'be interested' ⚠️ w/ unsourced anecdote flagged; ⚠️ 'run towards CHANGE' (Kier-credited) vs 'run towards FEAR' (uncredited 03-25) - variant recorded not merged"
yt-8XJAjOUL07I,video,Don’t Talk About Price Until You Do This,@thefutur,https://www.youtube.com/watch?v=8XJAjOUL07I,2025-05-11,2026-07-14,L2,2,sales-clients;pricing;business,"LANDMARK; Dubai workshop (same series as 04-25); THE FIVE-PART SALES FRAMEWORK NAMED AS A SEQUENCE - now story / change story / obstacle / desired future state / impact(quantified); THE WITHDRAWAL MOVE ('I don't think there's anything I can do for you') w/ its ONE-WAY ASYMMETRY ('if you try to convince them it's a big problem from a no-problem, they're like: you're trying to push a sale on me') = Blair Enns retreat-and-follow operationalised; THE 'IF' LADDER ('if is a safe space to play with our imagination - low commitment... before you know it, they've agreed') = extends the conditional close from a single move to an escalator; THE ABSTRACTION ARGUMENT ('if you tell your designer I just need you to be better, they're going to feel really bad... and YOU'RE going to feel frustrated') = a management insight as much as sales; LIVE VALUE ARITHMETIC 5k -> $84,000/yr -> 'is 10%% good enough?' -> 8.4k ⚠️ then he settles BELOW his own anchor at 7.5k (sequence recorded, reciprocity not claimed); trust-before-budget ('why would I give you any of that information?') + 'most of you fake this conversation only to find out this number and you go for the throat'; retention over acquisition + churn as a system signal; the basketball close"
yt-DxLEgK_HARY,video,How to Fix the Wrong Perception (Hint: BE AUTHENTIC) |  Podcast Ep. 345,@thefutur,https://www.youtube.com/watch?v=DxLEgK_HARY,NA,2026-07-14,skipped,3,,MEMBERS-ONLY video (base membership). Paywalled behind channel membership; cannot be ingested.
yt-CpiAx3rm7gI,video,How To Know Exactly What Clients Are Thinking (Dubai Sales Workshop Pt.3),@thefutur,https://www.youtube.com/watch?v=CpiAx3rm7gI,NA,2026-07-14,skipped,2,,MEMBERS-ONLY video (Patron Member tier or higher). Paywalled behind channel membership; cannot be ingested.
yt-C0HMhtyM6HQ,video,"2025 Met Gala FASHION REACT by Fashion Rookies LIVE (The Good, Bad, & Just WTF?!)",@thefutur,https://www.youtube.com/watch?v=C0HMhtyM6HQ,2025-05-08,2026-07-14,L2,3,design-craft;branding,"Casual Met Gala live react — BOTH HOSTS DISCLAIM EXPERTISE ('1000% subjective uninformed opinion'), so nothing here is doctrine. Kept at L2 for one finding: given a subject he disclaims, he reaches for DESIGN PRINCIPLES anyway (rule of thirds, breaking proportion, silhouette) — and the co-host says so unprompted: 'you have the language for texture and material and the design; I'm just running off vibes.' Third-party corroboration of a portable design vocabulary applied outside design."
yt-IJ6u8B3Tn-Q,video,How Comfort will actually RUIN your life  w/ @IAmMarkManson  | The Futur Podcast Ep. 344,@thefutur,https://www.youtube.com/watch?v=IJ6u8B3Tn-Q,2025-05-07,2026-07-14,L2,3,mindset,Mark Manson interview — ATTRIBUTION-CRITICAL FENCE. His concepts (resisting an emotion amplifies it; WORTHWHILE SUFFERING; 'what's the sandwich you don't mind eating') are HIS published work and sit dangerously close to Chris's own suffering/sacrifice material. Kept at L2 defensively so attribution is unambiguous. DO NOT promote to topics/mindset.
yt-5EeBq6KtC34,video,How To Tell Better Stories on Social Media (Daily Dose: Vlog 002),@thefutur,https://www.youtube.com/watch?v=5EeBq6KtC34,2025-05-04,2026-07-14,L2,2,content-strategy;mindset;biography,"LANDMARK; Daily Dose vlog 002; ★★★ RECORD IN HD metaphor (Super 8 / Hi8 counterexample; 'sensory-accurate, not factually accurate') = the corpus's best answer to 'how do I notice more?'; TWO DEFINITIONS OF ART offered as harmonious; the switch-flipping diagnosis ('why do I feel this way? if I can decode that...'); ★★★ SETH GODIN 'I notice things' - a concrete recovery from the interview the corpus carried as debt; Jim Rohn 'wisdom is experience plus reflection' w/ BOTH failure modes; ⚠️ THERAPY FOURTH TELLING and he CORRECTS A PUBLIC MISPERCEPTION ('a lot of people think I've gone to therapy for years or I'm still going') - count holds at 'about ten', children-branch corroborated; 'perfect practice makes perfect'; 'I never thought I'd be here'"
yt-tHq6gRdYxqw,video,How to Sell Without Selling (Secret Framework) with Victoria Dior Wang | The Futur Podcast Ep. 343,@thefutur,https://www.youtube.com/watch?v=tHq6gRdYxqw,2025-04-30,2026-07-14,L2,3,branding;sales-clients;mindset,"Chris ANSWERS (he asked the host to come at him with questions). Two strong items: BRAND AS ACCELERANT with a costed example (89% of a 1000-person event sold; 'last year it would have taken me another two months of selling'); and WHY ASIAN BRANDS DON'T TRAVEL — 'we become too compliant, too blend-in, too much desire to fit in that we just don't stand out' — the COMMERCIAL form of the counter-stereotype thread the corpus has only personally. Plus what credible outreach looks like from the receiving end. Factor-of-100 is his own estimate, not a statistic."
yt-p6cXnFWZWwQ,video,"When Clients Say, “Let Me Think About It.” (Dubai Sales Workshop Pt.2)",@thefutur,https://www.youtube.com/watch?v=p6cXnFWZWwQ,NA,2026-07-14,skipped,2,,MEMBERS-ONLY video (Patron Member tier or higher). Paywalled behind channel membership; cannot be ingested.
yt-QRSvh_h4iec,video,Searching for The Futur. (Daily Dose: Vlog 001),@thefutur,https://www.youtube.com/watch?v=QRSvh_h4iec,2025-04-27,2026-07-14,L2,2,biography;business,"SHORT (3.5KB) vlog, format launch (Daily Dose: Vlog 001); CONFIRMS + EXPANDS the 'two buildings' datum from 04-09: 'I have two buildings in Santa Monica', the portion 9,000 sqft, ~2-3,000 contiguous, 100-person workshop capacity; ★★★ 'we don't run like a traditional office business - it's really a media production at this point' = compact self-description of The Futur's operating shape; the April-2025 property search w/ stated criteria (high ceilings, character, street visibility, walkability, contiguous 2,000 sqft); intended build-out = giant LED wall + lighting grid + guest teachers + content; 'it's not the one. Too many challenges'; ⚠️ tense recorded as given ('I have' vs 'the portion we had') - no inference about current tenure"
yt-yyZ-d8wWJc4,video,The Real Job of a Sales Call (It's Not What You Think),@thefutur,https://www.youtube.com/watch?v=yyZ-d8wWJc4,2025-04-25,2026-07-14,L2,2,sales-clients;pricing;mindset,"LANDMARK; Dubai sales workshop pt1of3 (rest membership-gated); ✅ the deferral was justified - read AGAINST the 04-22 Socratic Selling page, and ~2/3 is genuinely new; 'our job when we're selling is naturally NOT to sell - just help the other person make a decision'; ★★★ THE ANT EXERCISE ('you've never been the ant') which he invented in the shower two days earlier, credited alongside Phil M. Jones 'people do things for their own reasons'; THE FOUR RULES incl. 'whoever wants it more has less leverage' + 'reduce down your need to make money versus the demand for your services' (= the leverage mechanism under 'being needy is repulsive') and an AI talk-time audit; THE $10,000-A-DAY STORY ('if it can be done, I can do it'; 'I got rid of them as fast as possible'; 'I just need ONE person to say yes so I can say it's happened'); THE MOST GENEROUS INTERPRETATION ('if this were my best friend... what is the most generous interpretation?') = operational form of the non-violent thread; 'everything else is PROJECTION' as the hard limit on reflecting back; 'what needs to happen to get you out of this jam?' as the named neutral question; 'pricing is positioning' + 'projects start at this amount' ⚠️ = the publish-a-floor position he argued AGAINST himself on 04-02, both his"
yt-XwTqKG1Mkf4,video,This Mindset Trap Keeps Most People Broke (w/ Tom Bilyeu) | Futur Podcast Ep. 342,@thefutur,https://www.youtube.com/watch?v=XwTqKG1Mkf4,2025-04-23,2026-07-14,L2,3,mindset;business,"Tom Bilyeu PART TWO (part one = yt-EBTDtikou-I). Guest-dominated, low yield. Kept so the pair is catalogued together and the fence applies to both halves. One Chris item: the continuation recap as a framing habit."
yt-NQT1lgXPPHs,video,My Favorite Book On Sales (Top 5 Lessons To Sell Without Fear),@thefutur,https://www.youtube.com/watch?v=NQT1lgXPPHs,2025-04-22,2026-07-14,L2,2,sales-clients;pricing;business,"LANDMARK for sales-clients; full treatment of SOCRATIC SELLING (Kevin Daley, 1996) - previously only cited in passing; 'early in my career I used to hate sales, I detested it - being an introvert made it even worse'; ⚠️ he frames the book as explaining his practice RETROACTIVELY ('helped me understand WHY what I did for the last 25 years worked'), not as its source; THE SOCRATIC OPENER verbatim (a script the corpus lacked); FULL-VALUE LISTENING incl. the anti-eye-contact heresy ('less important that you make eye contact, more important that you take notes'; 'a tape recorder remembers everything but understands nothing') + suitcase words; ALL SALES IS ABOUT THE PAST + the compelling event + put your finger on the pain; THE CONDITIONAL CLOSE w/ the third-party framing ('if you SAW a proposal' vs 'if I SENT you') and 'we must let them make all the choices'; dollarize the value w/ the Costco/Gucci analogy and his dad; ⚠️ affiliate-link disclosure recorded; ⚠️ held against 04-15's 'Win Without Pitching is the book I refer to the most' - different claims, both recorded"
yt-YaDCn0zz6-k,video,"Sell Anything to Anyone, Without Pitching (Dubai Sales Workshop PT.1)",@thefutur,https://www.youtube.com/watch?v=YaDCn0zz6-k,NA,2026-07-14,skipped,2,,MEMBERS-ONLY video (Patron Member tier or higher). Paywalled behind channel membership; cannot be ingested.
yt-EBTDtikou-I,video,Why Money Doesn't Solve Everything with Tom Bilyeu | The Futur Podcast Ep. 340,@thefutur,https://www.youtube.com/watch?v=EBTDtikou-I,2025-04-16,2026-07-14,L2,3,mindset;business,"Tom Bilyeu interview — GUEST-DOMINATED (his money thesis, his decade-chasing-wealth arc, his co-founder scene: all his). Low yield. Kept for cataloguing and one item: 'you said something that I want to pull back up' — a third attested instance of Chris's deliberate thread-return habit. Do not promote the money thesis."
yt-PaCM-LXyIfc,video,"I've read 198 books - these 10 will make you RICH, Happy, & Successful",@thefutur,https://www.youtube.com/watch?v=PaCM-LXyIfc,2025-04-15,2026-07-14,L2,2,business;mindset;branding;sales-clients,"LANDMARK for ATTRIBUTION - the clearest map in the corpus of which books he claims and what he takes from each, and he credits carefully throughout (matters given 4 caught misattributions); Jim Rohn as the source behind Hardy/Tracy/Robbins; Coaching Habit as 'one of the best SALES books'; Win Without Pitching 'the book I refer to the most, hands down'; price bracketing + THE SILENCE ('count to three') w/ full negotiation walkthrough; Delivering Happiness culture rewrite WITH ITS COST ('a year and a half', 'people start to quit'); McCloud's CLOSURE 'something I use a lot in storytelling'; TED book w/ his own impostor-syndrome warning + leaky-tire syndrome; Zag = 'branding is the act of intentional differentiation' + ONLYNESS statement; Rework's THINK LIKE A CHEF w/ the friend who refused + 'do so at your own peril' (answers Kier's don't-be-the-world's-best-kept-secret); Steal Like an Artist - 'our proximity to that great piece of art determines our future potential', 'a really bad imitation is the biggest insult'; CLOSING CAVEAT 'personal development doesn't work if you don't do any of the development'; ⚠️ title says 198 books, he says 'over a hundred' - neither asserted; ⚠️ a GaryVee attribution jab - fenced from that clone; ✅ Sally Hogshead credited 2nd consecutive time"
yt-bO4qcpHI1Sw,video,Copying content won’t lead to your Success (5 min of truth),@thefutur,https://www.youtube.com/watch?v=bO4qcpHI1Sw,2025-04-09,2026-07-14,L2,2,branding;content-strategy;business,"SHORT but excellent; ★★★ 'the mistake most people make is they COPY SOMEONE'S ENDING VERSUS THEIR BEGINNING' - direct answer to the standing niching objection, via Post Malone; the PREREQUISITE STACK applied to himself as the cautionary example ('you haven't been coached, you haven't seen a therapist, you haven't done all the work') + new datum 'he's got two buildings'; the UNFOLLOW MECHANIC ('they promised me this and now they're giving me that'); an inch wide and a mile deep; T->pi THIRD attestation w/ a further multi-column stage he explicitly cannot name (recorded unnamed); 'this seems illogical - to find success at something and then not do it anymore'"
yt-b0fQyaBSSI0,video,"How I Went From Charging $500 to $100,000 For A Logo (PRICING DEEP DIVE)",@thefutur,https://www.youtube.com/watch?v=b0fQyaBSSI0,2025-04-08,2026-07-14,L2,1,pricing;business;sales-clients,L3-candidate: pricing deep-dive (charge-more evolution) + biography; title figure illustrative (real deal ~69k); 30 quotes
yt-AEALVZeA8ZM,video,Are You Stuck in the Matrix With Your Personal Brand?,@thefutur,https://www.youtube.com/watch?v=AEALVZeA8ZM,2025-04-06,2026-07-14,L2,2,branding;mindset,"SHORT (2.8KB) but kept; the Matrix as a personal-brand parable - 'I feel like I'm Morpheus... you are the one, but not in this lifetime; I don't think you need to die, but you need to be reborn'; SECOND attestation of 'stories are instructions/messages from the future'; unguarded disclosure 'when I see these movies I'm in tears, my wife's like what's wrong with you'; ✅ corrects his own 04-01 Matrix misattribution - evidence the slip was recall not carelessness"
yt-yZfGd7JdCTg,video,How to Make $100k as a Graphic Designer (Whiteboard),@thefutur,https://www.youtube.com/watch?v=yZfGd7JdCTg,NA,2026-07-14,skipped,2,,MEMBERS-ONLY video (Patron Member tier or higher). Paywalled behind channel membership; cannot be ingested.
yt-2FI0Dk44-vo,video,Are You Actually Empathetic? How to Avoid Empathy Hijacking and Manipulation with Maria Ross,@thefutur,https://www.youtube.com/watch?v=2FI0Dk44-vo,2025-04-02,2026-07-14,L2,2,mindset;sales-clients;pricing,"LANDMARK guest episode (Maria Ross, empathy author - her frameworks/aneurysm account FENCED, needs entity page w/ Andrea Sampson); Chris half is substantial and argumentative: PRICING AS EMPATHY ('fixed pricing is the least empathetic thing you can do'; Walmart vs Joe and Mary's bakery; price-gouging boundary conceded) = the MORAL argument under 'price the client not the job', plus he argues the counter himself (publish a floor) - keep both; THE CRYING THEORY w/ the admission that his wife would probably prefer he cried; 'demonstrate it, you don't need to label it' + the train-at-the-station deflation of empath claims; ✅✅ THE GUEST - a subject-matter expert on empathy - RECLASSIFIES HIS BLUNT MANNER AS HIGHLY EMPATHETIC = the outside view of the abrasive/warm reconciliation; 'I highly identify as a logical person but access emotion through the cognitive lens' = third register of the Daywalker; secondhand woo 2nd attestation"
yt-hJ35jP1tKDI,video,10 High Income Skills Of The Top 1%,@thefutur,https://www.youtube.com/watch?v=hJ35jP1tKDI,2025-04-01,2026-07-14,L2,2,business;sales-clients;mindset,"NEW FIGURE: paid Kier McLaren over $250,000 over 13 years (entity page updated); NON-VIOLENT COMMUNICATION FULLY DEFINED (prejudging/pre-diagnosing/assuming + the under-pressure test) - completes the 4-source thread, promote as ONE entry; THE BODY CANNOT LIE + the hesitation script; love = 'understand me and appreciate me' and half is enough; EMPATHY defined against the hijack error + 'Mo, you're not going to like this answer - it's because I actually really care'; the two failure modes of questions (leading/binary vs abstract) w/ 'what's motivating our conversation today?'; 'WHO TOLD YOU you can't do that?' + 'we inherit these rules that we think define reality'; the 'weird art kid / I'm going to be a total loser' biography passage; CREDITS 'different is better than better' to Sally Hogshead (uncredited 7 days earlier); ⚠️ 'create safe space' (coaching) vs 'I create unsafe space' (teaching) - different objects, do not merge"
yt-aQYbXVZb88k,video,"Building a $120,000 Business for a Stranger in 18 Mins (Whiteboard Session)",@thefutur,https://www.youtube.com/watch?v=aQYbXVZb88k,2025-03-31,2026-07-14,L2,2,business;pricing;sales-clients;mindset,"LANDMARK whiteboard session; 'SELL MONEY' + the metric-articulation condition as positioning, bounded by the Four Agreements honesty clause ('I'm not your person'); THE TWO B's (baseline/benchmark) taught in full - 'the delta between those two determines how good you are'; divide-by-TEN arithmetic (two months off designed in); the SUBSCRIPTION PIVOT (identity work is done-once -> find the infinite appetite = creators -> sell PAIN RELIEF not production -> ARBITRAGE); entrepreneurship as a disease + 'I like my dream more than yours'; Jim Rohn's WINTER SEASON (the kind counterweight to hustle); opportunities = distractions; THE VACATION DISCLOSURE ('when I go on vacation somebody will be fired') w/ the habit mechanism and the care-for-the-good-ones half, ⚠️ plus a blunt extension to romantic relationships recorded as said; ⚠️ the Aaron anecdote sits inside a Gusto sponsor read"
yt-ozgIEp5d2ks,video,Content That Builds BRANDS! (Fireside w/ Neel Dhingra),@thefutur,https://www.youtube.com/watch?v=ozgIEp5d2ks,2025-03-29,2026-07-14,L2,2,content-strategy;branding;mindset,"LANDMARK - CHRIS IS THE GUEST (Neel Dhingra hosts) so almost all substance is his; THIRD framing of the Daywalker self-concept via Todd McFarlane's 'I'm bilingual - I speak the language of art and the language of business'; CLEAREST MOTIVATION STATEMENT IN THE CORPUS ('I just look at the children of the world... and it hurts me, and this is something I want to try to counteract'); detailed SELF-SABOTAGE CONFESSION (clean the studio, the laundry, 'I have studio lights - that's a lie, I know it's a lie'); turn-the-weakness-into-the-asset w/ asymmetric warfare + the substitution proof + 'no one is happy being themselves'; creativity = one small tweak (Kirby Ferguson) w/ Apple's 'no pain all gain'; NEW Kier maxim 'seek progress over perfection' AND the 'less violent language' half that 2025-03-25 flagged as unfinished - LOOP CLOSED; next-step-question as stalling tactic; stop making ads; write first (David C Baker 'clarity through articulation'); 50 posts; Pixar rule 1 (2nd attestation) and ZMOT 7-11-4 (3rd) now settled"
yt--Jq8LjeVtbI,video,The Fundamental Mistakes Freelancers Make When Trying To Grow A Business,@thefutur,https://www.youtube.com/watch?v=-Jq8LjeVtbI,2025-03-27,2026-07-14,L2,2,business,"DO-NOT-TRAIN; TWELFTH Matt Essam instance; ZERO Chris Do content; ledger completeness + fence only; sits on freelancer->agency growth, adjacent to Chris's own freelancer-vs-independent-business-owner material from 2025-02-23 which PREDATES it and stands - do not strip on the overlap; SUBJECT.md count 11 -> 12"
yt-AQOF8m6tmr0,video,How to Work Together (Husband & Wife CEOs),@thefutur,https://www.youtube.com/watch?v=AQOF8m6tmr0,2025-03-26,2026-07-14,L2,2,business;biography,"GUEST-DOMINANT (Mike + Cass Lazerow, golf.com / Buddy Media -> Salesforce $745M) - theirs fenced, and their Gary Vaynerchuk anecdote NOT usable for that clone; Chris half NEW: the risk asymmetry in his own marriage/business ('I'm very risk tolerant, she's very risk avoidant'; she 'needs to see the next five steps on that chessboard'), 80%% hit-rate self-estimate hedged by 'they're not opportunities half the time - I'm totally wrong'; and the ADMISSION of what his idea-generation costs others ('this is what I do to my wife all the time and to my entire team... they literally then have to go and clean up the crap afterwards') = the missing cost ledger for the bias-toward-action doctrine; wife referenced by role only, no name"
yt-lXTf0ypur0Q,video,40 Brutal Business Truths I Wish I Knew in My 20s,@thefutur,https://www.youtube.com/watch?v=lXTf0ypur0Q,2025-03-25,2026-07-14,L2,2,business;sales-clients;pricing;mindset,"COMPENDIUM - 40 items, mostly compressed restatement; DO NOT let it overwrite fuller tellings; ~14 genuinely new: intentional incompetence, tyranny of the how, sales is change management, say-the-price-first-when-you-know/last-when-you-dont (refines anchoring), the client is more afraid of you + give them permission to sound stupid, sometimes the client is right, the three-word findability test, sell before you build, sell how you buy, fear-of-firing confession, good is the price of entry, create how you consume, being needy is repulsive, price the client not the job; TWO more Kier McLaren maxims (say what you think; don't be the world's best kept secret = origin of the public-speaking push); NEW self-report 'two eight-figure businesses'"
yt-MqWUPpjMj3o,video,What Successful Personal Brands Do Differently,@thefutur,https://www.youtube.com/watch?v=MqWUPpjMj3o,2025-03-23,2026-07-14,L2,2,branding;mindset;content-strategy,"LANDMARK restatement of the personal-branding thesis (branding F52) PLUS four things it lacked: 'YOU TO THE POWER OF YOU'; the INFINITE BRAND/multiverse + the AUTHENTICITY GAP as a measure ('close this gap as small as possible - how small is up to each one of us') with his own limit attached; feedback = DETAILED INSTRUCTIONS ON HOW TO SUCCEED + the praise-as-drug mechanism + the reply template ('thank you for giving me a point of information'); PIXAR RULE 1 'we admire characters more for their struggles than for their success' with the Woody argument; also the 99-to-1 problem ('that's the one connection you didn't make'), 'a nuclear arms race on fakery', Vinh Giang's 'we tell stories to remind ourselves who we are', three stories 2nd attestation w/ Spider-Man mapping + 'specific details communicate much faster'; ⚠️ says 52 here vs 53 two days later - NOT resolved; ⚠️ abrasive register in operation; participants' personal disclosures summarised by category only"
yt-odAro9miDOE,video,Why Your YouTube Channel Isn't Growing (According to MrBeast),@thefutur,https://www.youtube.com/watch?v=odAro9miDOE,2025-03-21,2026-07-14,L2,2,content-strategy,"GUEST-DOMINANT + short (10KB); Colin and Samir relaying MrBeast - three rules of YouTube, curiosity gap, Jenga storytelling all THEIRS and fenced; ONE Chris contribution: tension architecture via Michael Bay vs Tarantino ('keep it at a frenetic pace and then we become numb' vs build-and-release), a rare use of his motion-design/film background on platform mechanics"
yt-PQPybDWoC2A,video,Why Your Stories Aren’t Working (Fix This!) w/ Andrea Sampson,@thefutur,https://www.youtube.com/watch?v=PQPybDWoC2A,2025-03-19,2026-07-14,L2,2,branding;content-strategy;mindset,"GUEST-DOMINANT (Andrea Sampson, speaker coach / ex-agency SVP strategy) - her frameworks, clients' stories and personal disclosures FENCED; Chris half: CARL JUNG 'to be normal is the ultimate aim of the unsuccessful' - lands directly on the superhuman/normal=average doctrine, encountered AFTER teaching it so promote as late-found articulation not source; James Victore 'what makes you weird as a kid will make you wonderful as an adult' CREDITED with his own alteration explicitly flagged (contrast the 4x Michael Port error); best external testimony on how he interviews ('you are an incredible question asker') + his three visible techniques; 'we were all good storytellers as kids and lost it to self-consciousness'; needs an Andrea Sampson entity page next pass"
yt-4OpUb4Iux8I,video,Raising Independent Creative Children (Unconventional Entrepreneurial Parenting Tips),@thefutur,https://www.youtube.com/watch?v=4OpUb4Iux8I,2025-03-18,2026-07-14,L2,2,biography;mindset,"LANDMARK for biography; ⚠️ FAMILY-PRIVACY: transcript names both sons + universities - NO NAMES RECORDED, roles only per SUBJECT.md; fullest account of his own upbringing (latchkey kid, two working immigrant parents 70s, 'it allowed my creative child to survive into adulthood'); TWO RULES + the non-negotiables framework explicitly generalised to partner/employer relationships ('hard when we need to be soft'); protect the strong-willed child; parenting = downloading your operating system, 'what will they do when you're not around'; TWO NAMED Joan Lightfoot teachings (illusion of choice; 'children feel safe when they know someone's in charge') = most concrete record of what the therapy produced + corroborates the children-reason account; the homeless-woman scene where the lesson is his own error; 'they need to believe that - I'm not sure if I would'; win the war not the battle; 'you had your shot' / stop the generational trauma; never checked homework; dated age 53"
yt-93cq-3CmyN8,video,How to Train AI To Do EXACTLY What You Need (AdobeMAX Miami),@thefutur,https://www.youtube.com/watch?v=93cq-3CmyN8,NA,2026-07-14,skipped,2,,MEMBERS-ONLY video (Patron Member tier or higher). Paywalled behind channel membership; cannot be ingested.
yt-sLe5iNSyejk,video,Win More Clients With This Simple Pitch Hack,@thefutur,https://www.youtube.com/watch?v=sLe5iNSyejk,2025-03-13,2026-07-14,L2,2,sales-clients;branding;business,"LANDMARK; the 'You know how...' elevator-pitch formula in full (adjective + avatar + NEGATIVE version of the problem + result; one avatar/one problem/one result; 'it's a conversation not a monologue' + the pause) with a live before/after rebuild; 'confusion and complexity are the enemy of retention'; THE KIER McLAREN PITCH STORY WITH NUMBERS - $2.1M/yr at the time, 20%% -> 75%%+ win rate, revenue doubled in under a year, plus Chris's own 'that's rude' resistance and the counterfactual; THIRD confirmation of McLaren's death (no date); 4TH instance of Michael Port misattributed as Porter; closing 40s spoken by SOMEONE ELSE - fenced"
yt-DHt-pgda-jM,video,Why Micromanagement Destroys Teams (And What Works Instead),@thefutur,https://www.youtube.com/watch?v=DHt-pgda-jM,2025-03-12,2026-07-14,L2,2,business;mindset,"short (7KB) but dense; NEW: the black sheep + five family roles from a relationship workshop, with the island parable AND the chief-as-historian/institutional-knowledge defence; 'trade roles but never merge them'; second telling of general/soldier (fold into existing captain-soldier entry, adds the intimidation diagnosis); Kier McLaren 2nd maxim 'you can tell me what you want or how to do it, but not both'; DEATH CONFIRMED A SECOND TIME in Chris's own words ('God rest his soul') - no date inferred; 'a compromise is when no one's happy' now twice attested"
yt-f6YiuU-P-6E,video,10 Habits I Quit To Go From Broke To Millionaire - Stop Wasting Your Life,@thefutur,https://www.youtube.com/watch?v=f6YiuU-P-6E,2025-03-11,2026-07-14,L2,1,mindset;business,L3-candidate: 10 habits quit (discipline/mindset); 24 quotes
yt-wwCoBt_K08s,video,How to Introduce Yourself Without Sounding Boring (AdobeMAX Miami),@thefutur,https://www.youtube.com/watch?v=wwCoBt_K08s,NA,2026-07-14,skipped,2,,MEMBERS-ONLY video (Patron Member tier or higher). Paywalled behind channel membership; cannot be ingested.
yt-fKWJjiRMCTM,video,"If You're Creative But Lazy, Please Watch This!",@thefutur,https://www.youtube.com/watch?v=fKWJjiRMCTM,2025-03-06,2026-07-14,L2,2,mindset;business;design-craft,"solo listicle, 8 rules; 'the hardest-working lazy person I know'; NEW: be-a-franchisee (license someone else's system) WITH his explicit self-exclusion and a dated self-report of 14-16hr days; the coach caveat 'now you're just dumb and busy'; the 90/10 sprint bargain; smallest viable action (Terry Crews); a designer -> THE designer via Jiro; Paula Scher three-stickies; automate the unglamorous (keynotes in a day)"
yt-aE-J18QsH-Q,video,Inside A $100m Content Machine: How Top Entrepreneurs Build Million-Dollar Personal Brands w/ Caleb,@thefutur,https://www.youtube.com/watch?v=aE-J18QsH-Q,2025-03-05,2026-07-14,L2,2,content-strategy;business;branding,"GUEST-DOMINANT (Caleb Ralston, ex-GaryVee videographer + ex-Hormozi content director) - his material FENCED and explicitly NOT usable for the garyvee/hormozi clones (one repo = one person); Chris half kept: the SUCCESSION THEORY (first mover -> no competition -> audience ages out -> space taken; 'one day somebody else will take it from Alex') incl. a flagged criticism of GaryVee; 'be you whether you like you or not' / 'I was a prick on camera too' = the consistency half of the abrasive-warm reconciliation; managing creative spirits vs left-brainers ('they start turning in work instead'); 'they will find the money somehow'; ~2.6M Futur followers Mar-2025; Dune spice metaphor"
yt-2dY6MsSedKg,video,Why Your Perfect Posts Are Being Ignored (AdobeMAX Miami),@thefutur,https://www.youtube.com/watch?v=2dY6MsSedKg,2025-03-04,2026-07-14,L2,2,branding;content-strategy;pricing;business,"AdobeMAX Miami AMA; clearest corporate-vs-personal-brand argument in corpus (committee kills creativity; voice of many vs voice of one; 'we will get the engagement of corporate brands'); cultural currency taught in full + THREE STORIES named as a set (inciting incident / origin story / defining moment, via Loki sacred timeline); RETAINER vs SUBSCRIPTION (time-in-bulk vs results) CREDITED ON RECORD TO RON BAKER - clears the attribution:uncertain flag in beliefs.md; transcript truncates mid-sentence before subscription half is developed"
yt-gu-ntW3VVkw,video,How Storytelling Creates Unstoppable Brands (AdobeMAX Miami),@thefutur,https://www.youtube.com/watch?v=gu-ntW3VVkw,NA,2026-07-14,skipped,2,,MEMBERS-ONLY video (Patron Member tier or higher). Paywalled behind channel membership; cannot be ingested.
yt-t1UUjOU5-4c,video,5-Step System to Get High-Paying Clients from Social Media in 2025,@thefutur,https://www.youtube.com/watch?v=t1UUjOU5-4c,2025-03-01,2026-07-14,L2,2,sales-clients;marketing,DO-NOT-TRAIN; ELEVENTH Matt Essam instance; ZERO Chris Do content; page exists for ledger completeness + fence only; Ziglar five obstacles / prospect pathway / irresistible offer are ESSAM's terms; SUBJECT.md fence count 10 -> 11
yt-HtkujhkfHOM,video,How Words Shape Your Reality—Break Free From Your Past and Move Forward w/ Melanie Whitney,@thefutur,https://www.youtube.com/watch?v=HtkujhkfHOM,2025-02-26,2026-07-14,L2,2,mindset;biography;content-strategy,"LANDMARK (Chris half); guest Melanie Whitney FENCED (PEACE, core wounds, judgment-vs-discernment = HERS, plus her personal disclosures - not persona data); THIRD therapy account: 10 sessions (matches biography, vs 11 on 02-23), DATED 2006-2007 (with his own 14/17yr inconsistency), children-reason at length, Kier's 'if not willing to be honest dont go'; coach-free since 2014 = THIRD corroboration of 2014 hinge; KEY: his own explanation of why he reads abrasive (cold water -> layers -> warmth) may reconcile the long-open abrasive-vs-receding tension; 'robot deliberately' + context rule; dark-thought triage fullest version; the dragon; childhood 'pretty rough'; 'Grandma did the best she could'; hired teaching consultants last 2 years"
yt-hC2_b-y6zuc,video,Why You’re Not Making Real Money - (Creative Pulse Fireside),@thefutur,https://www.youtube.com/watch?v=hC2_b-y6zuc,2025-02-23,2026-07-14,L2,2,business;mindset;sales-clients;pricing;content-strategy;biography,"TOP LANDMARK of the era; Creative Pulse fireside; DATED REVENUE DISCLOSURE (The Futur down 1M 2022-2023, self-reported) with 'information is cheap' as cause; FOURTH face of AI position (implementation: army of robots, 8-metric sales-call analyser) - rewrite AI-stance-is-2023 guard; NEW frameworks: pi-shape/drills-before-skills, read-to-teach 3 levels, character+want+obstacle question formula; superhuman parable + average-as-deepest-insult; fullest origin story in corpus (Art Center class gap, Cole & Weber timesheet, Epitaph/Fred, K2 Skis, CoSA CD-ROM, 3-employee milestone, Venice house); 'until I was 42' corroborates 2014 hinge; value-based pricing declared OPTIONAL; 11-vs-10 therapist sessions variance; Michael Port misattributed as Porter (3rd instance)"
yt-e2zox3-QL5Q,video,Stand Out From Competitors—Here's How (FREE Design Cuts course),@thefutur,https://www.youtube.com/watch?v=e2zox3-QL5Q,2025-02-20,2026-07-14,L2,2,sales-clients;business;branding;pricing,LANDMARK; full Design Cuts course; supplies the Brian Collins credit for problem-seeker; three whys (Jonathan Stark) + retreat-and-follow (Blair Enns) + late-night-FM-DJ tone (Chris Voss); AIDCA with advocacy; discretionary-budget threshold + phased engagement; speed commands a premium; customer-service confession; flags SUBJECT.md family-name policy tension
yt-uOWi13jSAPA,video,7 Habits of Millionaires - That Most People Learn Too Late,@thefutur,https://www.youtube.com/watch?v=uOWi13jSAPA,2025-02-18,2026-07-14,L2,2,mindset;business;sales-clients,"solo listicle; NEW: innovation vs efficiency incompatible (t-boned), unofficial-ambassador practice, whoever is closest to the client makes the most money (Kier McLaren); problem-seeker taught UNCREDITED here - credited to Brian Collins in yt-e2zox3-QL5Q two days later; 3-to-5-year reinvention interval vs 3-year form in yt-Hmpf-q2IGQQ"
yt--3B7cbOOis4,video,Why Your Brand Is Failing Without a Story (REFRAME Conference),@thefutur,https://www.youtube.com/watch?v=-3B7cbOOis4,2025-02-16,2026-07-14,L2,2,branding;mindset;sales-clients,"***LANDMARK - REFRAME Conference, Chris solo on stage w/ live coaching from the floor*** (deferred from 148). NEW: ***'no story equals a COMMODITY'***; ***'what if instead of creating a NARRATIVE you created a WORLD?'*** (a narrative must be re-made each time; a world generates its own prompts - success criterion is QUESTIONS); ***THE DAYWALKER self-concept*** ('half accountant/business person, half crazy creative... I help LEFT-BRAINERS THINK RIGHT'; Blade's 'all the strengths of the vampire and none of their weaknesses'); ***UNSAFE SPACE - 2nd attestation in 4 weeks*** (settled doctrine, not an ad-lib); ***THOUGHTS ON TRIAL*** + ***the dark-thought triage*** ('if I cant do anything about it I dont want to think about it anymore'); the LIVE COACHING SEQUENCE (feeling-or-fact -> asks permission -> arithmetic rebuttal -> 'would you ever say that to your child?'); 'its supposed to be UNCOMFORTABLE FROM THE BEGINNING'; 'were all adults with a broken child inside'; the BOOKKEEPER REBRAND as a worked commodity-rescue; 'communication isnt about what I want to say' + step-on-the-gas/pump-the-brakes. ⚠️ COLLISION FLAGGED: the court-of-law exercise also appears in Essam's 8th instance (2024-10-27, EARLIER) - but Chris credits 'what therapists do' (standard CBT) and Essam credits Byron Katie. NOT a leak; do not strip. ⚠️ KNOW-YOUR-DEPTH guard executed live ('is there a therapist in the room?')"
yt-W68Dd44GLKc,video,Travel Changes You (If You Let It): A Call To Adventure,@thefutur,https://www.youtube.com/watch?v=W68Dd44GLKc,2025-02-13,2026-07-14,L2,2,mindset;biography;marketing,"Chris solo storytelling, compact. ***7-11-4 / ZMOT*** (7 hours, 11 touch points, 4 locations - 'thats where we stop becoming strangers') credited to Google - and crucially he TREATS IT AS A HYPOTHESIS HE TESTS ('is this a theory? at every opportunity Ive tried to change the location three more times'). NEW BIOGRAPHY: the Canadian fishing trips - a call to adventure ~2 yrs ago answered by ONE person (Paul), repeated a year later with 19 creatives (Sept 2024); he attended as HOST not participant; Vancouver fireside chat after. Phil's dropped iPhone -> instant reframe -> wins the jackpot. ⚠️ 'when you feel SAFE your guard goes down' must be HELD AGAINST 'I like to create UNSAFE space' (2025-01-16) - different objects, do not merge"
yt-b0drEg4TqC0,video,Charge What You're Worth: A Designer's Guide to Premium Pricing (FREE Design Cuts course),@thefutur,https://www.youtube.com/watch?v=b0drEg4TqC0,2025-02-11,2026-07-14,L2,2,pricing;mindset;business,"***LANDMARK - Chris solo course intro*** (deferred from 147). THE CORPUS'S CLEAREST MECHANICAL EXPLANATION OF WHY CREATIVES UNDERPRICE - three linked frameworks: (1) ***Erwin McManus: you either RUN FROM PAIN or RUN TOWARD LIFE***, + Chris's 3 patterns (money=self-worth, seeking affirmation, seeking attention) -> 'a state of fear, lack and neediness - the very thing that pushes away great clients'; (2) ***Brian Tracy's SELF-CONCEPT and the +/-10-15pct band*** (hit your number -> cruise control; miss it -> burn the midnight oil until 85-100, then chill); (3) ***the comics/MMA/video-games analogy*** - 'why would anyone pay me for reading comics? I actively and happily PAY to do this' = why charging feels wrong. Plus ***PRE-NEGOTIATING AGAINST YOURSELF*** ('this happens to me TO THIS DAY') and its cost (resentment degrades the work); ***WHOLE vs HOLE***; the fix = move the spotlight ('what are you trying to achieve' -> 'what will that do for your business' -> 'what are you willing to spend to achieve that result'). NEW INFLUENCES: Erwin McManus, Brian Tracy"
yt-Hmpf-q2IGQQ,video,Why Creators Should Use AI in Their Workflow (Right Now),@thefutur,https://www.youtube.com/watch?v=Hmpf-q2IGQQ,2025-02-07,2026-07-14,L2,2,content-strategy;business;marketing,"***LANDMARK - Chris live with a room.*** ***THE REMIX DOCTRINE WITH HARD NUMBERS***: one pricing/Nike-logo video uploaded three ways - long-form 4M+, cropped Short 40M+, full-frame Short 30M (and he got the 3rd idea by copying someone who had copied him); 'some of our best content is what we should be making VERSIONS of'; the music-industry frame (remix/sample/sequels). ***SOCIAL CAPITAL IS CAPITAL*** - he argues AGAINST 'followers are a vanity metric' ('I dont believe it'); 'you are the new platform for people to give money to'; SIX-FIGURE BRAND DEALS with a stated condition ('I must love the product before I started talking to you'). ***THE THREE-YEAR RULE*** ('every 3 years if you havent evolved your business model youre falling behind') = the general form of the documented pivots. AI WORKFLOW POSITION (3rd face): combine tools, 'theres no AI engine thats bad', ping-pong between them; the handover use case (Dave)"
yt-0Qd7I050SNI,video,Content Creator’s Guide to Making Money With AI — Adobe MAX Miami,@thefutur,https://www.youtube.com/watch?v=0Qd7I050SNI,NA,2026-07-14,skipped,2,,MEMBERS-ONLY video (Patron Member tier or higher). Paywalled behind channel membership; cannot be ingested.
yt-cMv8_cK6Om8,video,Why Clients Ghost You & How to Fix It,@thefutur,https://www.youtube.com/watch?v=cMv8_cK6Om8,2025-02-04,2026-07-14,L2,2,sales-clients,"Chris solo, very short (3.8KB) but 3 genuinely new items: ***the TRANSCRIPT AUDIT*** ('look at the transcript and analyse how much you were talking vs the client; if its not near 20/80 youre doing something wrong') = the corpus's first MEASUREMENT of listening; ***'SEND ME A PROPOSAL is the kiss of death'*** = the ghosting diagnosis (politeness, not interest); ***'you could smell their agenda'*** + the goodwill-you-already-had argument; evidence-based questions w/ the EXPLODED CAR example ('my car blew up and then I need a new website' - you didnt acknowledge the car); introvert-as-secret-weapon links the biography to the sales doctrine. Promote WITH the false yes from 2025-01-30 - one phenomenon at two stages"
yt-mw_0Hy1-tic,video,How to Get Better Clients w/ Daniel Priestley (Fireside Chat),@thefutur,https://www.youtube.com/watch?v=mw_0Hy1-tic,2025-02-02,2026-07-14,L2,2,biography;pricing;business;mindset,"***LANDMARK*** (deferred from 146); billed as a Priestley fireside but it is mostly CHRIS interviewed about his own story. ⚠️⚠️ ***KIER McLAREN HAS DIED*** - said in passing, NO DATE given, none inferred; kier-mclaren.md updated, present-tense refs need revising. THREE NEW ORIGIN STORIES: (a) ***how he met Kier*** - an awkward question at lunch at Fritto Misto via a friend named Hugh ('is it rude for me to ask who is this person?'); (b) ***the Adobe After Effects CD-ROM break at ~22***, which he nearly refused over a $1 rights buyout; (c) ***the Venice house dated ~1998-99*** + the junior-high dream behind it + student loans paid off in 6 months + 'one single check more than I thought Id make in a year'. Plus ***THE PRICE GAME*** ('how ridiculous would it be for me to charge this outrageous amount? Lets just try') + ***'why cant you be the COMP that sets the new standard?'***; the fullest BEN BURNS arc (found on Facebook, below minimum wage -> 18K/30K -> hired); 'I dont think you want more clients - you want more OPPORTUNITIES TO DECIDE'; the Emmy deflation"
yt-GnEPJ87pIHI,video,Stop Losing Clients—Avoid These 5 Things,@thefutur,https://www.youtube.com/watch?v=GnEPJ87pIHI,2025-01-30,2026-07-14,L2,2,sales-clients;business,"Chris solo, compact (6KB) - FIRST DEDICATED CLIENT-RETENTION source in the corpus (hub is otherwise all about WINNING work). 5 failure modes: (1) unresponsiveness - and he uses it as a HIRING FILTER; the holding reply 'received, we are processing'; (2) inflexibility - the attitude LEAKS non-verbally (side-eye, eye-roll) and 'they feel punished for trying to contribute'; ***'I dont try to measure if its difficult - I always ask: is that a BETTER IDEA?'***; (3) ***'youre selling not what you do - youre selling PEACE OF MIND'*** + only people whove done it many times have a system; (4) ***THE FALSE YES*** - jargon makes them 'go along with it versus AGREEING to it' and the bill lands at presentation; (5) decaying check-in cadence, never less than monthly - guards against YOUR OWN TEAM not escalating until the bridge is broken"
yt-6TPa4lWo5C4,video,The Secret to Generating Warm Inbound Leads Every Month,@thefutur,https://www.youtube.com/watch?v=6TPa4lWo5C4,2025-01-28,2026-07-14,L2,2,marketing;business,"**NOT CHRIS - MATT ESSAM 10th instance, SIXTH consecutive core-domain** (lead gen/partnerships); do-not-train. ✅ ***THIS INSTANCE DISCLOSES THE ARRANGEMENT ON AIR*** and thereby explains the other nine: 'the video youre watching IS a distribution partnership - I dont own this channel... this is Chris's audience', plus the itemised three parts - distribution (content on his channel) + DELIVERY ('I am actually a COACH WITHIN THE FUTUR PRO GROUP and I run sessions') + brand association. NOT covert; fence stands anyway (attribution hazard, not concealment). Partnership taxonomy credited by him to Daniel Priestley"
yt-ZIF7aRNr8BA,video,Don’t Lower Your Price. Do THIS Instead.,@thefutur,https://www.youtube.com/watch?v=ZIF7aRNr8BA,2025-01-25,2026-07-14,L2,2,pricing;sales-clients;business,"***LANDMARK - live workshop, Chris solo. SUBSTANTIALLY DEEPENS the Four Agreements from 12-31.*** NEW: (a) ***the Four Agreements are a CONSENT GATE*** - 'you have to explicitly say I agree, I commit, otherwise everything else I teach you is not good'; (b) ***the ETHICS DEFENCE*** - 'money is an infinitely renewable resource, like water, like oxygen' + the load-bearing precondition 'the ASSUMPTION is you are good at what you do'; (c) ***the DURESS EXCEPTION*** (tow truck in the desert) - a limit he places on his own value-exceeds-price model; (d) ***'you are in business to SELL MONEY'***; (e) ask what it's worth, don't explain (t-shirt arithmetic); (f) the GRENADE as the definition of service; (g) ***the diagnosis: 'more often than not the rule we're breaking is rule number three'*** + the hammer/nail demo; (h) the value-conversation sequence ending 'what percentage are you willing to invest for that?'. ⚠️ DO NOT PROMOTE the Skid Row phrasing (glib about homelessness)"
yt-R2OJpyCb_pU,video,Don't Let a Weak Personal Brand Hold You Back in 2025 (With Finn Mckenty),@thefutur,https://www.youtube.com/watch?v=R2OJpyCb_pU,2025-01-21,2026-07-14,L2,2,business;content-strategy;marketing,"guest-primary Finn McKenty, LOW Chris density (page says so) - but contains ***A DATED JAN-2025 MARKET SIGNAL ABOUT THE FUTUR'S OWN CATEGORY***: 'across the board, friends that run educational companies - OUR SALES ARE DOWN'; cites Pat Flynn's video 'Information Products Are Dead' and Priestley's 'informations almost at the price of zero now, or thats the perception'; offers LLMs as a HYPOTHESIS not a conclusion. Promote WITH the courses->subscription pivot + memberships + the three conversion admissions - it is the market context for all of them. Also: 'let me restate the question' + reverse-engineer-it-live interviewing moves"
yt-2pnHl9fhieQ,video,The Honest Way to Make Money — AdobeMAX Miami,@thefutur,https://www.youtube.com/watch?v=2pnHl9fhieQ,NA,2026-07-14,skipped,2,,MEMBERS-ONLY video (Patron Member tier or higher). Paywalled behind channel membership; cannot be ingested.
yt-SsuiKyAwDhM,video,How to Get Clients to Value YOU — (Whiteboard AdobeMAX),@thefutur,https://www.youtube.com/watch?v=SsuiKyAwDhM,2025-01-16,2026-07-14,L2,2,mindset;sales-clients;pricing;business,"***LANDMARK - Adobe MAX live whiteboard, Chris solo.*** ⚠️ DATING: published 2025-01-16 but Adobe MAX is autumn - likely Oct 2024. NEW FRAMEWORKS: ***RADICAL RESPONSIBILITY*** ('even things that are not your fault are your fault') and ***the BELIEF->ACTION->RESULT reset*** (start from the RESULT; 'the action will change our belief system') + desired future state. Plus ***'I like to create UNSAFE space - in the friction is where the real learning happens'*** (teaching philosophy); ***'you are the prize'*** in full (Blair Enns, double-credited; 'they can get something similar but they cant get you'; 'one in eight billion'); ***guarantees = priced risk transfer with the 4x script***; ***'I BOUGHT THE PROJECT' + music videos on the demo reel LOST MONEY*** (self-implicating Blind-era admission); friendship-vs-business airport test; the 'I am good' one-word correction; serial-killer slasher joke; communication as a durable skill"
yt-PycYFCnf80Q,video,Pricing Strategy for Creatives: How to Charge MORE — AdobeMAX Miami,@thefutur,https://www.youtube.com/watch?v=PycYFCnf80Q,NA,2026-07-14,skipped,2,,MEMBERS-ONLY video (base membership). Paywalled behind channel membership; cannot be ingested.
yt-Sb80TUwoTOE,video,How To Create the Life You’ve Always Wanted (With Jodie Cook),@thefutur,https://www.youtube.com/watch?v=Sb80TUwoTOE,2025-01-09,2026-07-14,L2,2,mindset;biography;content-strategy,"guest-primary Jodie Cook 2nd appearance (deferred from 143, now ingested); ***'good things are on the opposite side of discomfort'*** = step one of his own success system, with the physiological-recoil test; ***the FULLEST public-speaking origin*** - Kier's 'stop being the worlds best kept secret', 'I wanted to vomit', 'he wouldnt send me to a death squad', 'he sees something in me that I have yet to recognise'; ***LAST REP SYNDROME*** (same weight, different declared intention, different outcome); NEW BIOGRAPHY: the raised-hand story + his brother questioning his motives; afraid of heights; home gym; 'childrens books arent for children' + reduce-until-a-7-year-old-learns; art-from-a-dark-place WITH his own correlation-not-causal caveat"
yt-HafqJ_pB9NI,video,How to land YOUR DREAM client in 2025,@thefutur,https://www.youtube.com/watch?v=HafqJ_pB9NI,2025-01-07,2026-07-14,L2,2,sales-clients;marketing;business;content-strategy,"***LANDMARK - live talk, Chris solo.*** TWO NEW NAMED FRAMEWORKS: ***the 9-1-1 RATIO*** (9 pure-value posts / 1 personal post / 1 hardcore ad - 'we havent earned the right to ask for it'; 'a lot of people, MYSELF INCLUDED, hide behind all-value educational content') and ***'ALL STRATEGIES ARE AUTOBIOGRAPHICAL'*** (+ the disagree-partially instruction). Plus: niching argued 3 ways (as a choice about suffering / as COGNITIVE OVERLOAD on the buyer / as inviting MORE competition not less - 'the goal of positioning is to reduce or eliminate competition'); David Baker's 10-50 competitors; niche = market + passion; ***'low variability in process = low variability in outcome'*** (Blair Enns) -> 'you want to be SAFE in the eyes of the buyer'; ***what clients want to AVOID, not just what they want***; ***the QUICK WIN / journey before the journey***; social media as the new resume. ⚠️ MISATTRIBUTION FLAGGED: credits Book Yourself Solid to 'Michael P Porter' (hedged) - it is Michael PORT; do not propagate"
yt-I1Vq0ftqlik,video,How to Attract High-Value Clients Without Selling —  Cambridge Meetup Full-Session 2024,@thefutur,https://www.youtube.com/watch?v=I1Vq0ftqlik,NA,2026-07-14,skipped,2,,MEMBERS-ONLY video (base membership). Paywalled behind channel membership; cannot be ingested.
yt-obu9QUo8jq4,video,How To Start A Faceless Channel That Gets Millions Of Views (With Austin Armstrong),@thefutur,https://www.youtube.com/watch?v=obu9QUo8jq4,2025-01-03,2026-07-14,L2,2,content-strategy;design-craft;business,"guest-primary (Austin, surname unknown) on AI/faceless content; ***DATED UPDATE TO CHRIS'S AI POSITION - Jan 2025***: 'Im an AI optimist' + the CREATOR/INDUSTRY SPLIT he refuses to collapse ('I love it from a creator POV, I dont love it from an industry human-creator POV'; 'massive job displacement'); his 18-yr-old son studying concept art - 'Midjourney already does what you do, better, faster - so what are we learning?'; the DESKTOP PUBLISHING PRECEDENT as the structural argument (typesetters displaced; survivors = those who understand design AND can use the tech); authorship non-answer. ⚠️ THE STANDING 'AI-stance-is-2023' GUARD NEEDS REVISING - stance is now dated 2025 and two-sided"
yt-5_RMSS8Mf30,video,This Will Transform Your Business in 2026,@thefutur,https://www.youtube.com/watch?v=5_RMSS8Mf30,2024-12-31,2026-07-14,L2,2,business;branding;mindset;pricing,"***LANDMARK - live meetup talk, Chris solo.*** ⚠️ title says 2026 but published 2024-12-31 - a retitle/re-upload; date content to the recording. Contains ***THE FOUR AGREEMENTS*** (his own framework, absent from the corpus): do good work / charge a fair price (= give more than you charge, $100->$101) / act in service of others ('VERY RARELY DOES THE CLIENT HAVE A PROBLEM THAT YOU CAN SOLVE') / always act with integrity ('willing to do the difficult things'). Plus: 'its LIMITLESS - only limited by the value you can generate'; ***the Jan-2014 admission that The Futur's own early content WAS a sales funnel***; Jung Shadow/Persona; 'normal is just another word for average'; 'you have to be a CORRECT contrarian' (Mark Manson); money as a metric measuring impact + money buys freedom (corroborates 12-05); 'standalone episodes that dont tie back to this universe' - REOPENS the pass-14 character-language decision; 'Im borrowing concepts that I barely understand'"
yt-pstFSJSQyBU,video,The Right Way To Do Social in 2025,@thefutur,https://www.youtube.com/watch?v=pstFSJSQyBU,2024-12-28,2026-07-14,L1,2,content-strategy,"dup-of:yt-IocNJ4e_FzI - RE-CUT of the 2024-11-13 Brendan Kane episode, verbatim guest monologue (format-vs-trend, 220 formats, gold/silver/bronze). ZERO Chris content, zero new material. No wiki page per the duplicates rule"
yt-MIyLNmejcVY,video,How to Hit 5-Figure Success as a Creative Entrepreneur (With Michael Angelo),@thefutur,https://www.youtube.com/watch?v=MIyLNmejcVY,2024-12-26,2026-07-14,L2,2,business;sales-clients,"guest-primary coaching interview (Michelangelo, San Antonio video, 26); Chris: ***'being an entrepreneur is synonymous with being an educator - you have to teach people what you do, because if you cant, it all hinges on you'***; ***'a healthy business survives without its owner'*** + the hit-by-a-truck test applied live (guest answers 20pct); HONOUR A BAD QUOTE credited to Jonathan Stark ('suck it up, let that be a painful lesson') - a needed counterweight to the walk-away doctrine"
yt-tM0hgjDBqtg,video,Why People Don't Connect with YOUR Content — London Meetup Full-Session 2024,@thefutur,https://www.youtube.com/watch?v=tM0hgjDBqtg,NA,2026-07-14,skipped,2,,MEMBERS-ONLY video (Patron Member tier or higher). Paywalled behind channel membership; cannot be ingested.
yt-vCXPvDF1Sfg,video,Lessons Every Creator Must Know About Growth w/ Colin & Samir,@thefutur,https://www.youtube.com/watch?v=vCXPvDF1Sfg,2024-12-22,2026-07-14,L2,2,content-strategy;business;biography,"guest-primary Colin & Samir; ***CAPTAIN-SOLDIER SELF-DIAGNOSIS*** - 'Im a good captain, Im a good soldier. Im NOT a good captain-soldier... one of us has to lead and one of us has to follow... this co-creation where everything is shared doesnt work for my brain' = clearest account in the corpus of HOW he works with others; 'dont get into a partnership with anybody' (file with the Skool business-prenup advice); self-flagged cultural generalisation used to open a question; NEW BIOGRAPHY: first house he ever bought was in VENICE (earliest of 3 recorded properties, no conflict); guests MrBeast read DIVERGES from Chris's - both recorded"
yt-e8S1L5o-GVc,video,Guide To Personal Brand—Be Unapologetically You,@thefutur,https://www.youtube.com/watch?v=e8S1L5o-GVc,2024-12-19,2026-07-14,L1,2,branding;mindset;biography,"dup-of:yt-U1anI0b1nvI - RE-CUT/clip extraction of the 2024-10-31 episode, near-verbatim, ZERO new material. No wiki page. Contributes: clearer partial rendering of the Art Center friend (Petrula...) and the blunt-contract designer (Carlos ...); ALSO the Draplin stage-age is quoted as 40 here vs 42 in the other cut - do not assert the age"
yt-DCa1tziujuU,video,Personal Brand Creators are LYING to You About Their Success,@thefutur,https://www.youtube.com/watch?v=DCa1tziujuU,2024-12-17,2026-07-14,L1,2,branding;mindset,"dup-of:yt-U1anI0b1nvI - RE-CUT/clip extraction of the 2024-10-31 episode, near-verbatim, ZERO new material. No wiki page (per AGENTS.md duplicates stay L1). Contributes only a marginally cleaner caption of two names already flagged uncertain on the source page"
yt-Kc7e7dBAwSg,video,How To Delegate Tasks Like a Pro (Without Losing Control or Quality),@thefutur,https://www.youtube.com/watch?v=Kc7e7dBAwSg,NA,2026-07-14,skipped,2,,MEMBERS-ONLY video (Patron Member tier or higher). Paywalled behind channel membership; cannot be ingested.
yt-29C2qGyYjzc,video,2025 LinkedIn Strategies That Actually Work w/ Jasmin Alic,@thefutur,https://www.youtube.com/watch?v=29C2qGyYjzc,2024-12-11,2026-07-14,L2,2,content-strategy;marketing,"guest-primary Jasmin Alic, 2nd appearance (deferred from 138, now ingested); tactics-heavy, LOW Chris density; the one keeper: ***AI position*** - 'if we use AI for everything then what do we need you for? AI can make things better than you, but YOU are not better... if you dont write youre not really thinking' framed as continuous personal development; plus the 'bot?' reply as concrete behaviour behind the fake-engagement stance; Dec-2024 platform time capsule (1B users, <2pct posting, text-only still out-reaching images) all fenced to the guest"
yt-t7exym6wXBY,video,Why Leaving My Dream Job Was The Best Decision w/ Matthew Encina,@thefutur,https://www.youtube.com/watch?v=t7exym6wXBY,2024-12-05,2026-07-14,L2,2,business;content-strategy;biography,"guest-primary MATTHEW ENCINA (deferred from 138, now ingested); ***THE ORIGIN OF THE BLIND->FUTUR PIVOT, credited to Encina***: 'Chris, what if we just focus on doing just the Futur? No more Blind service work' + the arithmetic (a $600K job nets ~$150K then burns down vs an educational product at ~all profit and 'its IP, a perennial seller'); ***'when you open the gate the chickens run - they dont want to go back in the cage'***; 'the real meaning of wealth: not that you have a lot of money but the freedom to do what you want'; ALUMNI ADMISSION: 'sometimes people leave and I dont ever talk to them again - was there more in the relationship than I thought, or was there less?'; ***'were a volume kind of operation - I have an idea, we just make it'*** (stated in contrast to advice he just praised); 3rd statement of the 30K benchmark; 'I always believe what we make is kind of boring'. ALSO RESOLVES the garbled creative-director name in yt-Vu4l1CluzCU"
yt-Vu4l1CluzCU,video,Proven Ways For Small Business Owners To WIN In 2025 w/ Hamlet Azarian,@thefutur,https://www.youtube.com/watch?v=Vu4l1CluzCU,2024-12-03,2026-07-14,L2,2,marketing;business;design-craft,"guest-primary 'Hamlet' (surname not given); ***CHRIS BECOMES THE LIVE FIVE-WHYS SUBJECT on his own show*** - surfaces 'I want to listen to every single word, if you let out a sigh I need to hear it' + 'are you eating right now? I can hear you chewing' = BEHAVIOURAL corroboration of the listening doctrine; 'once I understood [psychographics] it radically changed the way I approached design - everything before was about what my world was like'; A players divergent / B-C convergent; ⚠️ FACTUAL ERROR FLAGGED: attributes Apple Think Different to a licensed Kerouac poem (hedged twice) - do not promote; new Accelerator ad copy with named member results"
yt-8wBNIyDnwUA,video,How To Make Your Business Story Actually Matter (Reframe Conference Whiteboard),@thefutur,https://www.youtube.com/watch?v=8wBNIyDnwUA,NA,2026-07-14,skipped,2,,MEMBERS-ONLY video (Patron Member tier or higher). Paywalled behind channel membership; cannot be ingested.
yt-vpMLh3kMpaQ,video,26 Minutes of Business Advice for Creatives Feeling Lost (in 2025),@thefutur,https://www.youtube.com/watch?v=vpMLh3kMpaQ,2024-12-01,2026-07-14,L2,2,content-strategy;branding;business;design-craft,"COMPILATION/clip-show of 5 prior episodes - largely derivative, kept L2 as a PROVENANCE MAP + 2 reconciliation flags: (a) substantial Brian Collins material NOT on the 2024-10-06 page (design is what it does / brand is differentiation / words create worlds / craft > imagination) - check whether it is a 2nd Collins episode; (b) an unnamed director/creator segment with no identified source episode - find and ingest it. Genuinely new from Chris: the media-buy argument (brands buy distribution not just production)"
yt-BIrQvP_-6yQ,video,Make More Money Without New Clients,@thefutur,https://www.youtube.com/watch?v=BIrQvP_-6yQ,2024-11-27,2026-07-14,L2,2,sales-clients;business,"**NOT CHRIS - MATT ESSAM 9th instance, FIFTH consecutive core-domain** (account growth/retainers); ***FIRST DIRECT TECHNIQUE COLLISION*** - teaches use-their-exact-language playback AND note-taking, both of which Chris taught on this channel EARLIER (2024-10-03 and 2024-10-13); Essam credits NLP not Chris; chronology recorded on the page as the corpus defence; do-not-train"
yt-JUueoUqV9eQ,video,Can Anyone Be A Coach? w/ Jule Kim,@thefutur,https://www.youtube.com/watch?v=JUueoUqV9eQ,2024-11-24,2026-07-14,L2,2,mindset;biography;business,"***LANDMARK*** (deferred from 137, now ingested); Jule Kim unfiltered Sunday two-hander; **THE FULL 'IM PROUD OF YOU' ARGUMENT** - supersedes the 10-31 summary: wifes objection, the Anneli exchange, 'it is violent language', and the resolution ('I dont want to be proud OF them - I AM proud of them, always, because Im proud that you are my child') + therapists correction 'dont put any question marks on it'; **CARETAKER/MIDDLE CHILD self-identified**; therapist Joan + birth-order profiling; ***SECOND DIFFERENT ACCOUNT of why he sought therapy (employees, not children) - FLAGGED not merged***; 'I recede into the background, I just dont call you back' CONTRADICTS the abrasive self-portrait - hold both; genealogy-of-ideas exercise (Austin Kleon); 'if normal is bad should you do that'; inbound vs outbound as equals (Dhingra named); FAMILY NAME REDACTED per SUBJECT.md"
yt-NW3Hob026xI,video,Want YOUR Logo To STAND OUT? Watch This Now,@thefutur,https://www.youtube.com/watch?v=NW3Hob026xI,2024-11-20,2026-07-14,L2,2,design-craft;branding;business,"solo, craft-focused; DELIBERATE EXCEPTION to his usual anti-aesthetics stance ('you know how I feel about that, but...'); Under Armour critique = pitch-room failure mode (strong idea approves bad form); MOOD-BOARD TEST (30-50yr-old brands); trend vs fad; 'be weird in your APPLICATION of the rules'; portfolio-as-prediction + 'Ive made this mistake before'; what the fee buys is the research not the mark (best AI-logo answer in corpus)"
yt-zaU_afMOAaI,video,LinkedIn Expert Reveals How To Make Your Business Brand STAND OUT w/ Michelle J. Raymond,@thefutur,https://www.youtube.com/watch?v=zaU_afMOAaI,2024-11-18,2026-07-14,L2,2,content-strategy;marketing;business,"guest-primary Michelle J Raymond; RECORDED 2024-10-09 published Nov (dating trap); **THE FUTUR ICP STATED IN FULL** (bespoke creative service provider, 3-5yrs, 2-30 people, 200K-2.5M, USD pricing, at a plateau); ***2nd conversion admission in 3 weeks***: 'Ive not been able to convert them into customers' - pair w/ asE-XOcFMjE; LinkedIn analytics 334K impressions/7d; EIGHT employees; age 52; AI comments = fake engagement"
yt-IocNJ4e_FzI,video,Why Your Social Media Strategy Is FAILING (w/ Brendan Kane),@thefutur,https://www.youtube.com/watch?v=IocNJ4e_FzI,2024-11-13,2026-07-14,L2,2,content-strategy;marketing;business,"guest-primary Brendan Kane (deferred from batch 136, now ingested); ***Chris identifies exactly why a reshare outperforms him and DECLINES TO FIX IT*** - 'I know what it is that they did but I couldnt do it... I dont want to describe myself as ever owning somebody' = documented values-over-performance trade, prime beliefs.md; dated Futur benchmarks: 30-40K views = 'broken through', content 'less viral more evergreen', TikTok ~100K followers; thumbnail = mini-story with tension; public non-endorsement of an example used on his own show"
yt-D5oZIl0Zd5k,video,Sales Training: From Problem Solver to Problem Seeker (Sales Workshop PT. 5),@thefutur,https://www.youtube.com/watch?v=D5oZIl0Zd5k,NA,2026-07-14,skipped,2,,MEMBERS-ONLY video (Patron Member tier or higher). Paywalled behind channel membership; cannot be ingested.
yt-aiNnWkeNre8,video,Criticism Over Praise— Why Critical Feedback Will Help You Grow,@thefutur,https://www.youtube.com/watch?v=aiNnWkeNre8,NA,2026-07-14,skipped,2,,MEMBERS-ONLY video (base membership). Paywalled behind channel membership; cannot be ingested.
yt-KvUO_1lrNcQ,video,From $13 to $100K Brand Deals on Instagram w/ @Adrian Per,@thefutur,https://www.youtube.com/watch?v=KvUO_1lrNcQ,2024-11-06,2026-07-14,L2,1,content-strategy;business,guest Adrian Per (@OMGAdrian) interview (context); 6 Chris quotes; not L3
yt-7BWn5d0mXi4,video,Creating Effective Creative Briefs: The Key to Better Projects,@thefutur,https://www.youtube.com/watch?v=7BWn5d0mXi4,NA,2026-07-14,skipped,2,,MEMBERS-ONLY video (Patron Member tier or higher). Paywalled behind channel membership; cannot be ingested.
yt-U1anI0b1nvI,video,98% of Personal Branding Experts are Wrong!,@thefutur,https://www.youtube.com/watch?v=U1anI0b1nvI,2024-10-31,2026-07-14,L2,2,branding;mindset;biography;content-strategy,"***LANDMARK - highest-value persona source of the session.*** Church-of-personal-branding framing; full thesis (branding = self-discovery + healing from trauma, NOT client acquisition); 2014 Art Center/Draplin origin moment; Draplin vs Sagmeister; PRAISE VS CRITICISM inversion + boat parable + 'Im proud of you = I have power over you'; what he tells his sons; vulnerability vs pity porn; 'they did not misunderstand me'; SENSITIVE BIOGRAPHY: Kier McLaren 13yrs, therapist Joan Lightfoot (violent thoughts re his sons), 'without trying to throw myself off a bridge', ongoing legal matter mentioned in passing. L3 TOP PRIORITY"
yt-mn8SUUGZKdo,video,One LinkedIn Post That Changed My Business Forever w/ Avital Eusgeld,@thefutur,https://www.youtube.com/watch?v=mn8SUUGZKdo,2024-10-29,2026-07-14,L2,2,content-strategy;business;mindset;biography,"guest-primary (Avital, surname unknown); Chris: 'were refugees from Vietnam so Ive never really felt at home until more recently' (NEW - dates a change); 'wheres the exit and how do I get back to my hotel room'; SELF-IMPLICATING: guest recounts a fan he treated badly ('met Chris and he wasnt so great') and he lets it stand - corroborates the 10-31 self-description; dont post and ghost; bumps into gold"
yt--wh61BGjNNs,video,RECESSION PROOF Your Agency in 2024!,@thefutur,https://www.youtube.com/watch?v=-wh61BGjNNs,2024-10-27,2026-07-14,L2,2,business;mindset;sales-clients,"**NOT CHRIS - MATT ESSAM 8th instance, FOURTH consecutive core-domain** (mindset+positioning+cashflow); zero Chris mentions; contains 'articulate someones problems better than they can -> permission to solve them' - highest leak risk yet, verified absent from repo 2026-07-27; do-not-train"
yt-R_CZQoktnPE,video,5 Myths Killing Your Creative Business (And How to Overcome Them),@thefutur,https://www.youtube.com/watch?v=R_CZQoktnPE,2024-10-24,2026-07-14,L2,2,business;mindset;pricing,"SPONSORED (Gusto) - myths 4-5 are sponsor-supplied US HR compliance + stats, DO NOT TRAIN; myths 1-3 are his own: true-cost stack + 30pct margin test, 'you cant afford them = youre undercharging', EHR stewardship rule, 3 hires = 150pct, client 'almost bothered' story; family name redacted per SUBJECT.md"
yt-XOGrJDvWAbM,video,Chris Do Immigrant Journey Interview w/ Arjun Dhingra,@thefutur,https://www.youtube.com/watch?v=XOGrJDvWAbM,2024-10-22,2026-07-14,L2,3,mindset;business,"LANDMARK BIOGRAPHY — Chris as interview subject on the immigrant journey. 'First-generation immigrant'; inherited trauma attributed to his PARENTS and his awareness dated to therapy ('but they shielded us from it'); the grades standard at its sharpest ('if you get a C don't even bother coming home'; the BMX comparison; 'there's no reward, it's just LACK OF PUNISHMENT'); hardship as inherited capability stated WITHOUT romance; ATTACHMENT as the mechanism of being stuck + 'responding to things that are not here right now' (credited to 'my business mentor', NOT named); blame goes both ways; 'do less but better' flagged BY HIM as uncited; Bruce Lee 'works of progress'; 'as a martial artist'."
yt-asE-XOcFMjE,video,PROVEN Strategies to Attract High Ticket Clients and 10x Your Income w/ Daniel Priestley,@thefutur,https://www.youtube.com/watch?v=asE-XOcFMjE,2024-10-18,2026-07-14,L2,2,business;sales-clients;pricing;marketing,"guest-primary Daniel Priestley (5th appearance? Chris says 4th - discrepancy flagged); RECORDED AUG 2024, published Oct; **Chris's Pro Group $250/mo critiqued on air and he concedes**; 'I'm feeding them, not creating hunger - I'm messing up here'; 'you need more action not more information'; awareness/alignment/alive; self-belief dissent; waitlist as permission to say no"
yt-pc66141WYEI,video,Watch This Before Your Next Sales Call— 60 Minute Sales Crash Course,@thefutur,https://www.youtube.com/watch?v=pc66141WYEI,2024-10-13,2026-07-14,L2,2,sales-clients;pricing;mindset,"**LANDMARK** 60-min sales crash course; COMPILATION - date ideas to original telling, not 2024-10-13; selling-is-helping, ask+listen as the only two skills, notebook technique, follow-up-question test, Ben Burns anchor story, price bracketing/sonar, never-justify, 4-condition client filter, retreat-and-follow, kill-it-3x; L3 top priority"
yt-qNQYueL6JY4,video,STOP Being Trapped by Clients & Build a Business You Love,@thefutur,https://www.youtube.com/watch?v=qNQYueL6JY4,2024-10-10,2026-07-14,L2,2,business;branding;design-craft;mindset,"guest-primary (Raw Materials founder, ex-Handsome; surname caption-garbled, attribution uncertain); Chris: DAN SULLIVAN QUESTION (new interviewing tool + new influence), 'feed the machine', joy-test exit criterion, dated 2024 cold-outreach position (guest counter preserved unmerged); Accelerator ad read"
yt-oZraOi6eBWg,video,The Future of Branding—Where Design Is Headed Next w/ Brian Collins,@thefutur,https://www.youtube.com/watch?v=oZraOi6eBWg,2024-10-06,2026-07-14,L2,2,branding;design-craft;business,guest-primary Brian Collins (existing influence entity); COLLINS community pivot + 'no strangers' principles = HIS; deepens the entity page
yt-vhBqPKzArok,video,Are You Losing Deals Due to These Common Mistakes,@thefutur,https://www.youtube.com/watch?v=vhBqPKzArok,2024-10-03,2026-07-14,L2,2,sales-clients,LANDMARK live roleplay coaching: use their language not yours (comfortable vs makes sense); 'he just gave you valuable information'; don't jump to solutions; L3-candidate
yt-BB_KzNykPas,video,Sales Training: Handling Sales Objections (Sales Workshop PT. 4),@thefutur,https://www.youtube.com/watch?v=BB_KzNykPas,NA,2026-07-14,skipped,2,,MEMBERS-ONLY video (Patron Member tier or higher). Paywalled behind channel membership; cannot be ingested.
yt-rl69VQbs3gA,video,The New Approach to Personal Branding That Changes Everything (Forward Event),@thefutur,https://www.youtube.com/watch?v=rl69VQbs3gA,2024-09-29,2026-07-14,L2,2,branding;mindset;biography,LANDMARK Forward keynote: what personal branding is NOT; 'socially awkward and I pretend not to be'; content-instead-of-social-skills = the rationale for 'loud introvert'; children in adult suits; L3-candidate
yt-TSU29CCLKrE,video,What Top Sales Experts Know About Client Perception That You Don't!,@thefutur,https://www.youtube.com/watch?v=TSU29CCLKrE,2024-09-27,2026-07-14,L2,2,sales-clients,"NOT CHRIS - MATT ESSAM 7th instance, THIRD consecutive core-domain (sales process); closest overlap yet w/ Chris's own hub material; do-not-train"
yt-BGwAGtgBMto,video,Hilarious Auto tune Comedian Morgan Jay Full Interview,@thefutur,https://www.youtube.com/watch?v=BGwAGtgBMto,2024-09-24,2026-07-14,L2,3,branding;mindset;content-strategy,"Morgan Jay comedian interview (guest-dominated life story = his), deferred once then done. ONE strong Chris item: the STACKING argument — 'if you just look at yourself as ONE DIMENSION you'd have to be the very best IN THE WORLD to make a dent; if you incorporate ALL OF WHO YOU ARE, very few people can compete' — the competitive arithmetic under you-to-the-power-of-you, applied live to the guest's own bio. Plus: he studies craft outside his own field on purpose ('what is he doing? why is the crowd laughing right now?')."
yt-D0irLfdDhUM,video,Ditch the Competition with Sales Strategies That WORK,@thefutur,https://www.youtube.com/watch?v=D0irLfdDhUM,2024-09-22,2026-07-14,L2,2,sales-clients;mindset,LANDMARK: the accusation-audit GUARD (using it then pitching = a broken promise); courtship argument; implicit agreement buyer/seller; L3-candidate
yt-IvQHdsTt-1k,video,How to Get AI to Make Better Content & Scale Your Business (VidCon Fireside Panel),@thefutur,https://www.youtube.com/watch?v=IvQHdsTt-1k,NA,2026-07-14,skipped,2,,MEMBERS-ONLY video (Patron Member tier or higher). Paywalled behind channel membership; cannot be ingested.
yt-qQYm5i3yWJE,video,MILLION Dollar Blueprint for Scaling (Jasmine Star),@thefutur,https://www.youtube.com/watch?v=qQYm5i3yWJE,2024-09-19,2026-07-14,L2,2,business;mindset;branding,guest-primary Jasmine Star (2nd attestation); one-year scholarship deadline + documenting-failure blog = HERS; Chris: stage-transformation observation
yt-JAvb2jpyv5Q,video,How Two Women Built a $200K+ Design Summit (From Scratch),@thefutur,https://www.youtube.com/watch?v=JAvb2jpyv5Q,2024-09-17,2026-07-14,L2,2,business;marketing,guest-primary design summit founders; free->paid model + affiliate-as-speaker-incentive = THEIRS; Chris: survivorship caveat; James Barnard cross-attestation
yt-XhxS8c_8-SQ,video,Forget What You Know: How To Create A Personal Brand,@thefutur,https://www.youtube.com/watch?v=XhxS8c_8-SQ,2024-09-15,2026-07-14,L2,2,biography;content-strategy;branding,"LANDMARK (Chris as guest, 505 podcast): personas 'crafted and engineered... authentically us just hyper versions'; 'the Wolf' role at Blind; the BUSINESS PRENUP; channel rename + a year of audience anger; L3-candidate"
yt-HtZDQ9xoyeE,video,Build a Memorable Brand in Any Industry: Insider Tips Revealed w/ Neel Dhingra,@thefutur,https://www.youtube.com/watch?v=HtZDQ9xoyeE,2024-09-12,2026-07-14,L2,2,content-strategy;branding;business,"guest-primary Neel Dhingra (deferred from batch 133, now ingested); borrowed-authority worked example = HIS; Chris: 'rephrase' clarification; consult $1k -> $5k"
yt-AgLUTmi44aM,video,How to Spot the Next Big Shift Before It's Too Late,@thefutur,https://www.youtube.com/watch?v=AgLUTmi44aM,NA,2026-07-14,skipped,2,,MEMBERS-ONLY video (Patron Member tier or higher). Paywalled behind channel membership; cannot be ingested.
yt-y_prY1mFP54,video,Sales Training: Building Confidence in Your Sales Conversation (Sales Workshop PT. 3),@thefutur,https://www.youtube.com/watch?v=y_prY1mFP54,NA,2026-07-14,skipped,2,,MEMBERS-ONLY video (Patron Member tier or higher). Paywalled behind channel membership; cannot be ingested.
yt-0zmIAhEI09A,video,How to Use Stories to Elevate Your Brand,@thefutur,https://www.youtube.com/watch?v=0zmIAhEI09A,2024-09-06,2026-07-14,L2,2,branding;content-strategy;marketing,brand equity arithmetic ($5 vs $1 water = $4); Margolis commodity-vs-brand; facts-and-bullet-points failure; Campbell mentored Lucas; pair w/ Ed9OqOQAfBs
yt-Ed9OqOQAfBs,video,Lessons from $80M CEO on Building a Strong Personal Brand,@thefutur,https://www.youtube.com/watch?v=Ed9OqOQAfBs,2024-09-01,2026-07-14,L2,2,branding;business;sales-clients,LANDMARK (Chris as guest of Omar/the department): 'brand = preference + willingness to pay a premium'; bento-box category memory; culture-is-brand; L3-candidate
yt-BwsAUQtSYzU,video,Sales Training: How to Assess Client Needs Effectively (Sales Workshop PT. 2),@thefutur,https://www.youtube.com/watch?v=BwsAUQtSYzU,NA,2026-07-14,skipped,2,,MEMBERS-ONLY video (Patron Member tier or higher). Paywalled behind channel membership; cannot be ingested.
yt-Gf6sVmBgByc,video,Mastering Sales Calls: Speak Confidently Without Faking It. W/ Jule Kim (Part 6),@thefutur,https://www.youtube.com/watch?v=Gf6sVmBgByc,NA,2026-07-14,skipped,2,,MEMBERS-ONLY video (Patron Member tier or higher). Paywalled behind channel membership; cannot be ingested.
yt-C2ExnL0vALo,video,The Evolution of Design and Personal Branding with Paul Povolni,@thefutur,https://www.youtube.com/watch?v=C2ExnL0vALo,2024-08-29,2026-07-14,L2,2,biography;branding;mindset,"LANDMARK biography (Chris as GUEST of Paul Povolni): outsider-in-own-family, middle-child structural account, A+ expectation, senior-year acceptance + 'I won't be broke'; L3-candidate"
yt-vBTGeNr4ZZ0,video,Smartest Way To Get 6-Figure Design Agency Clients,@thefutur,https://www.youtube.com/watch?v=vBTGeNr4ZZ0,2024-08-27,2026-07-14,L2,2,sales-clients,"NOT CHRIS - MATT ESSAM 6th instance, zero Chris mentions; CLIENT ACQUISITION = 2nd consecutive core-domain drift; do-not-train"
yt-XSkwpNVAMgU,video,Sales Role Play: How to Handle Difficult Clients W/ Jule Kim (Part 5),@thefutur,https://www.youtube.com/watch?v=XSkwpNVAMgU,NA,2026-07-14,skipped,2,,MEMBERS-ONLY video (Patron Member tier or higher). Paywalled behind channel membership; cannot be ingested.
yt-4vrxXUBRbgs,video,How to Create Unlimited Demand For Your Products & Services,@thefutur,https://www.youtube.com/watch?v=4vrxXUBRbgs,2024-08-25,2026-07-14,L2,2,business;marketing;pricing,double cap (1000 hard + 60/quarter); RECONCILE: intake changed 30/mo (Mar) -> 60/qtr (Aug); resale mechanic at zero margin; answers the 'ask me in 6 months' caveat
yt-zr2tbUwqKnY,video,How They Built a Big Marketing Conference From Zero! Big Domino Theory,@thefutur,https://www.youtube.com/watch?v=zr2tbUwqKnY,2024-08-22,2026-07-14,L2,2,business;marketing;mindset,guest-primary conference founders; Big Domino theory = THEIRS; useful CHUNKING TENSION vs Chris's own position - record as tension
yt-ufQErCvUQnc,video,How To Use Scarcity in YOUR Marketing,@thefutur,https://www.youtube.com/watch?v=ufQErCvUQnc,2024-08-20,2026-07-14,L2,2,marketing;business;content-strategy;biography,LANDMARK: undersell the event (buyer-side reason); design WITH not FOR; EUROPEAN TOUR operational record; 2016 two-person workshop + Rodrigo; Anneli Hansen surname; L3-candidate
yt-rDtHxDFdrPw,video,How Top Brands Create Products People Love,@thefutur,https://www.youtube.com/watch?v=rDtHxDFdrPw,2024-08-15,2026-07-14,L2,2,design-craft;business;branding,Neumeier Designful Company frame (credited); refinement != innovation; operational excellence is table stakes; Honda andon cord; Herbert Simon def
yt-i10g2BVfWVI,video,Uncovering the Truth About Being Authentic,@thefutur,https://www.youtube.com/watch?v=i10g2BVfWVI,2024-08-13,2026-07-14,L2,2,mindset;branding;biography,"LANDMARK+SENSITIVE: authenticity as the GAP; the Toronto 'I was a jerk' incident; go-to-therapy PRIMARY source (Joan Lightfoot, caretaker/middle-child, conflict-averse); 52 and closer to death; clears the clickbait pair; L3-candidate"
yt-zAP6FfTGHXA,video,The Secret To Becoming Successful In Any Industry,@thefutur,https://www.youtube.com/watch?v=zAP6FfTGHXA,2024-08-11,2026-07-14,L2,2,mindset;business,"whoever fails the most wins (Seth Godin, credited); ten small gambles not one big (Rework); design your company to fail small; locate the Godin guest episode"
yt-_RQ3Fod5k2A,video,The Art of Asking the RIGHT Questions in Sales Conversations. W/ Jule Kim (Part 4),@thefutur,https://www.youtube.com/watch?v=_RQ3Fod5k2A,NA,2026-07-14,skipped,2,,MEMBERS-ONLY video (Patron Member tier or higher). Paywalled behind channel membership; cannot be ingested.
yt-_X32j4vIo7A,video,Why You Should Start A Podcast To Grow Your Audience (What I Got Wrong),@thefutur,https://www.youtube.com/watch?v=_X32j4vIo7A,2024-08-08,2026-07-14,L2,3,content-strategy;business;mindset,"SOLO Chris monologue, short but high-yield. NEW BIO DETAIL: the terms of Jose Caballer's 2014 offer — 'you get to sit there and say nothing and I will do all the talking' — which explains the co-hosted early format. Also: 'I don't want to do media at all'; resisting the podcast and being wrong about it (accessibility, called humbling); the PAY-TO-SPEAK comparison costed from his own unpaid-speaking period; 'what do brands do? they occupy space in your head'. Credits Scott Galloway."
yt-ns8YCsQb89g,video,Never Lose a Client Again: A 3-Step Sales Framework to Close More Deals. W/ Jule Kim (Part 3),@thefutur,https://www.youtube.com/watch?v=ns8YCsQb89g,NA,2026-07-14,skipped,2,,MEMBERS-ONLY video (Patron Member tier or higher). Paywalled behind channel membership; cannot be ingested.
yt-Xvqwa8q_j5w,video,How To Get High Quality Clients w/ Joel Pilger,@thefutur,https://www.youtube.com/watch?v=Xvqwa8q_j5w,2024-08-06,2026-07-14,L2,2,sales-clients;business;pricing,guest-primary Joel Pilger; Chris: tattoo-artist test for spec work + refusing is a function of demand + self-objection
yt-l1obZ-wNhe0,video,Dealing with Client Changes Like a PRO in 2024,@thefutur,https://www.youtube.com/watch?v=l1obZ-wNhe0,2024-08-04,2026-07-14,L2,2,sales-clients;design-craft;business,"LANDMARK: be bamboo, 3-question triage, 'you're the boss' script, Audi A7 photogrammetry, aesthetics-subjective-vs-technical; L3-candidate"
yt-9Nsc8Wi1ghM,video,Nail Your Sales & Land Clients. W/ Jule Kim (Part 2),@thefutur,https://www.youtube.com/watch?v=9Nsc8Wi1ghM,NA,2026-07-14,skipped,2,,MEMBERS-ONLY video (Patron Member tier or higher). Paywalled behind channel membership; cannot be ingested.
yt-34Q53iT7zZ4,video,Best Selling Author & Communication Expert Erwin McManus Teaches How To Identify Your Avatar,@thefutur,https://www.youtube.com/watch?v=34Q53iT7zZ4,2024-08-01,2026-07-14,L2,2,branding;content-strategy;mindset,guest-primary Erwin McManus (7 Frequencies = HIS); thin on Chris; energy/frequency guard applies with force
yt-eBrwd2FZCEE,video,99% Of Creatives Lose Money With These Pricing Mistakes,@thefutur,https://www.youtube.com/watch?v=eBrwd2FZCEE,2024-07-27,2026-07-14,L2,2,pricing,"NOT CHRIS - MATT ESSAM 5th instance; ESCALATION: full PRICING lecture on Chris's core domain, name-drops Chris; do-not-train; verify no leak into topics/pricing"
yt-vvqV-sN1xRc,video,Never Get Ghosted Again: Listening Techniques That Close Deals. w/ Jule Kim (Part. 1),@thefutur,https://www.youtube.com/watch?v=vvqV-sN1xRc,2024-07-25,2026-07-14,L2,2,sales-clients;mindset,guest-led Jule Kim 4th appearance (listening drill = HERS); PART 1 of 2 - find part 2; jule-kim entity page OVERDUE
yt-ZzLE88D1oIg,video,Stop Hiding Who You Really Are: Be Authentic W/ Corey Poirier,@thefutur,https://www.youtube.com/watch?v=ZzLE88D1oIg,2024-07-23,2026-07-14,L2,2,branding;content-strategy;mindset,guest-primary Corey Poirier; thin on Chris; boredom test = HIS; convergence w/ existing Chris positions - do NOT promote as his
yt-betFtJxTw0k,video,How Authority & Positioning Drive Business Success Fireside w Phil M Jones & Chris Do,@thefutur,https://www.youtube.com/watch?v=betFtJxTw0k,NA,2026-07-14,skipped,2,,MEMBERS-ONLY video (Patron Member tier or higher). Paywalled behind channel membership; cannot be ingested.
yt-b5xduToNAoU,video,Avoiding Clickbait Trap: How to Keep Your Audience's Trust,@thefutur,https://www.youtube.com/watch?v=b5xduToNAoU,2024-07-21,2026-07-14,L2,2,content-strategy;branding,clickbait = delivery failure not tone; under-selling is also a failure; trust as non-renewable; AI headline workflow; L3-candidate
yt-_GFk2xx2nEI,video,"Originality, Pricing & Success — What Creatives Get Wrong",@thefutur,https://www.youtube.com/watch?v=_GFk2xx2nEI,2024-07-18,2026-07-14,L2,2,design-craft;content-strategy;mindset;biography,"LANDMARK ADPList: originality is rare (Paul Rand); follow the formula innovate the variables + romcom proof; the invisible work; TIMELINE teaching from ~26-27, speaking from 42; L3-candidate"
yt-0dlQeXap_1I,video,Playing the Long Game,@thefutur,https://www.youtube.com/watch?v=0dlQeXap_1I,NA,2026-07-14,skipped,2,,MEMBERS-ONLY video (Premiere Member tier or higher). Paywalled behind channel membership; cannot be ingested.
yt-eENQx3vWRHE,video,Are Your Beliefs Limiting Your Potential?,@thefutur,https://www.youtube.com/watch?v=eENQx3vWRHE,2024-07-16,2026-07-14,L2,2,mindset;content-strategy,bidirectional belief-action-result triangle (credited Matthew S); 'I have nothing to say' as self-defence; narrow-window designers; L3-candidate
yt-JcStdLbdN_U,video,How To Handle Client Feedback As A Creative,@thefutur,https://www.youtube.com/watch?v=JcStdLbdN_U,2024-07-14,2026-07-14,L2,2,mindset;business;design-craft,internal compass + the accountability flip (Blind-era EP story); intrinsic vs extrinsic; L3-candidate
yt-7Gi-lHLgTeI,video,Introducing YouTube Memberships–Help Fund Our New Business Venture,@thefutur,https://www.youtube.com/watch?v=7Gi-lHLgTeI,2024-07-10,2026-07-14,L2,2,business;content-strategy;biography,"LANDMARK business-model announcement: courses->subscription, $1/$15 tiers, value-per-fan, 2.5M subs, 2019 studio + Neumeier workshop, Pasadena plan, team named; FUNDRAISING ASK; L3-candidate"
yt-YKoyhr-rqrs,video,How to Turn Job Loss into a Creative Career Opportunity w/ Matt Bretz,@thefutur,https://www.youtube.com/watch?v=YKoyhr-rqrs,2024-07-09,2026-07-14,L2,2,mindset;business,guest-primary Matt Bretz (job loss); open-every-door = HIS; Chris: humility precondition + karmic equity from the RECEIVING end + bully-client counter-example
yt-83O7zdz4GBk,video,Get More Clients & Referrals: How to Influence Customers – Full Interview w/ Phil M. Jones,@thefutur,https://www.youtube.com/watch?v=83O7zdz4GBk,2024-07-07,2026-07-14,L2,3,sales-clients;mindset;business,"Phil M. Jones interview (guest-dominated: magic words, gift-wrapping the ask, Paul J. Meyer on success — all HIS). Chris's own contributions: the EMOTIONAL DEBT theory ('we don't want to be seen as some kind of parasite or user or taker… it is a feeling of self-worth'), flagged by him as his own theory and supplying the mechanism under give-first; 'what is happiness for you? perpetual growth' stated WITH its exception; 'common sense is not so common' + a script must sit inside your own register."
yt-93LTb6AjqZ8,video,You're Losing Millions by Ignoring This!,@thefutur,https://www.youtube.com/watch?v=93LTb6AjqZ8,2024-07-05,2026-07-14,L2,2,content-strategy;business;sales-clients,LANDMARK: content creation = client acquisition; 'your content doesn't work'; dread loop; 'best way to say no is raise your price'; solo-episode format experiment; L3-candidate
yt-q3tF4h1IawI,video,Sales and Marketing Secrets from Marketing Growth Hacker John Driscoll,@thefutur,https://www.youtube.com/watch?v=q3tF4h1IawI,2024-07-02,2026-07-14,L2,2,branding;marketing;business,guest-primary John Driscoll (naked development); provocative-name-as-filter = HIS; Chris: 'naked and unashamed' synthesis
yt-BwrXv5n5eFI,video,10x Your Revenue With This Sales Process w/ Daniel Priestley,@thefutur,https://www.youtube.com/watch?v=BwrXv5n5eFI,2024-06-30,2026-07-14,L2,2,sales-clients;business,"guest-primary Daniel Priestley 4th appearance; 4-bucket structure + take-it-away-from-me = HIS; Chris: win-the-work-we-love, dead-end-questions diagnosis"
yt-OFoklpI-ndc,video,3 Traits of Irresisitbly Magnetic People,@thefutur,https://www.youtube.com/watch?v=OFoklpI-ndc,2024-06-28,2026-07-14,L2,2,branding;mindset,3 traits restated + NEW: magnetic people make media (3M); self-confidence = quiet love of oneself creating space; dependency chain; L3-candidate
yt-EekKQvQUaUM,video,Why Branding Matters NOW More Than Ever (Personal & Business),@thefutur,https://www.youtube.com/watch?v=EekKQvQUaUM,2024-06-25,2026-07-14,L2,2,branding;mindset,"asymmetry of failure (business brand rehabilitates, personal brand often doesn't); Apple vs Microsoft store; culpability distinction; L3-candidate"
yt-mVAuwv_UHlg,video,5 LinkedIn DM Secrets That Made My Clients Millions,@thefutur,https://www.youtube.com/watch?v=mVAuwv_UHlg,2024-06-23,2026-07-14,L2,2,sales-clients;content-strategy,"NOT CHRIS - MATT ESSAM 4th instance, surname CONFIRMED on air; do-not-train; entity page created"
yt-bjncTuOgd7A,video,The Evolution of Graphic Design Industry From 1990—2020 w Executive Producer Ian Dawson,@thefutur,https://www.youtube.com/watch?v=bjncTuOgd7A,2024-06-20,2026-07-14,L2,2,biography;business;design-craft,"LANDMARK biography: Novacom offer ~50k vs 40k held, countered 85k (Cole & Weber anchor), left to found Blind; poker games -> Kyle Cooper intro; L3-candidate"
yt-DeriW0XyR_k,video,The Best (and Worst) Pricing Models For Creatives W/ Tim Williams,@thefutur,https://www.youtube.com/watch?v=DeriW0XyR_k,2024-06-18,2026-07-14,L2,2,pricing;business,"guest-primary Tim Williams (Ignition); paradigm-precedes-practice + time-is-not-a-cost = HIS; Chris: 'billing by the hour is malpractice' (co-created), local-proof"
yt-HTTW0A3kxxA,video,How to Thrive as a Freelance Graphic Designer w/ James Barnard,@thefutur,https://www.youtube.com/watch?v=HTTW0A3kxxA,2024-06-16,2026-07-14,L2,2,content-strategy;business;mindset,"guest-primary James Barnard; Chris: one teacher two students, Jose Caballer origin of teach-to-learn, teaching=confidence (early 2000s)"
yt-Tzb7LmtSF3c,video,Why Comfort is Your Biggest Enemy!,@thefutur,https://www.youtube.com/watch?v=Tzb7LmtSF3c,2024-06-13,2026-07-14,L2,2,mindset;business;biography,"LANDMARK: 3 exit indicators, trajectory test, light-from-dead-stars, gold-bars detachment; pre-announces next pivot; L3-candidate"
yt-ohSYs8z9c3A,video,Sales Training & Conversations: Learn to Sell Solutions—Not Products (Whiteboard Session),@thefutur,https://www.youtube.com/watch?v=ohSYs8z9c3A,NA,2026-07-14,skipped,2,,MEMBERS-ONLY video (Patron Member tier or higher). Paywalled behind channel membership; cannot be ingested.
yt-pjriurtrq9M,video,Building A Brand Bonus: The Stock Market Of Beer,@thefutur,https://www.youtube.com/watch?v=pjriurtrq9M,NA,2026-07-14,skipped,2,,MEMBERS-ONLY video (Patron Member tier or higher). Paywalled behind channel membership; cannot be ingested.
yt-5iLN286QGXc,video,Building A Brand Bonus: The Hamilton Story - From Idea To Opening Day,@thefutur,https://www.youtube.com/watch?v=5iLN286QGXc,NA,2026-07-14,skipped,2,,MEMBERS-ONLY video (Patron Member tier or higher). Paywalled behind channel membership; cannot be ingested.
yt-_mdJlTJm8mo,video,Building A Brand Bonus: Retro vs Heritage,@thefutur,https://www.youtube.com/watch?v=_mdJlTJm8mo,NA,2026-07-14,skipped,2,,MEMBERS-ONLY video (Patron Member tier or higher). Paywalled behind channel membership; cannot be ingested.
yt-gBfu9AMX8D4,video,How to Diagnose and Prioritize Client Problems,@thefutur,https://www.youtube.com/watch?v=gBfu9AMX8D4,NA,2026-07-14,skipped,2,,MEMBERS-ONLY video (Patron Member tier or higher). Paywalled behind channel membership; cannot be ingested.
yt-oEP0OuuTnHc,video,The Law Of Attraction,@thefutur,https://www.youtube.com/watch?v=oEP0OuuTnHc,NA,2026-07-14,skipped,2,,MEMBERS-ONLY video (Patron Member tier or higher). Paywalled behind channel membership; cannot be ingested.
yt-4yqQbYFymWc,video,Sales Objections  - When The Client Won't Say The Price,@thefutur,https://www.youtube.com/watch?v=4yqQbYFymWc,NA,2026-07-14,skipped,2,,MEMBERS-ONLY video (Patron Member tier or higher). Paywalled behind channel membership; cannot be ingested.
yt-Xn5EEDAxCGI,video,How To Make Money As A Creator In 2024,@thefutur,https://www.youtube.com/watch?v=Xn5EEDAxCGI,2024-06-11,2026-07-14,L2,2,content-strategy;business;branding,LANDMARK: behind-camera -> in-front-of-camera; $40k real-estate video -> phone; Enes Yilmazer specificity lesson; L3-candidate
yt-nwz4uwm7gUc,video,How To Start A Successful Business As A Creative,@thefutur,https://www.youtube.com/watch?v=nwz4uwm7gUc,2024-06-09,2026-07-14,L2,2,business;sales-clients,"KEIR McLAREN TEACHING not Chris - fenced; net-not-gross, actualize jobs, stay out of the results; republished older talk"
yt-xQAWlHP9DhM,video,How to Give Critical Feedback Without Being A Jerk,@thefutur,https://www.youtube.com/watch?v=xQAWlHP9DhM,NA,2026-07-14,skipped,2,,MEMBERS-ONLY video (Patron Member tier or higher). Paywalled behind channel membership; cannot be ingested.
yt-C1HsTeIAfoo,video,The CORRECT Way Ask Your Customers For A Referral,@thefutur,https://www.youtube.com/watch?v=C1HsTeIAfoo,2024-06-04,2026-07-14,L2,2,sales-clients;content-strategy,3-step referral scaffold (Keir's) + networking-as-helping; WARNING republished Blind-era talk; reconcile w/ existing referral entries
yt-WfT4oETEAX4,video,Why It’s Hard To Change Yourself,@thefutur,https://www.youtube.com/watch?v=WfT4oETEAX4,NA,2026-07-14,skipped,2,,MEMBERS-ONLY video (Patron Member tier or higher). Paywalled behind channel membership; cannot be ingested.
yt-mUOgHjCQKJ4,video,Why People Buy ← Sales Psychology & Why You’re Not Selling (w/ Jule Kim),@thefutur,https://www.youtube.com/watch?v=mUOgHjCQKJ4,2024-05-30,2026-07-14,L2,2,sales-clients;mindset,Jule Kim 3rd appearance; Chris: not-listening-in-pitch predicts not-listening-in-project; 'I'm not most people'; river/estuaries
yt-4kmc253GZWs,video,How To Respond To The 3 Most Common Client Objections in Sales,@thefutur,https://www.youtube.com/watch?v=4kmc253GZWs,2024-05-28,2026-07-14,L2,2,sales-clients;pricing,"art of the argument: judo not karate, rock-paper-scissors trap, 'not sure a company of your size can afford us'; WARNING republished ~2015-17 talk, date to talk not upload"
yt-vjIKfgxOSXI,video,How User Profiles Can Make or Break Your Designs (Brand Strategy for Designers Pt.3),@thefutur,https://www.youtube.com/watch?v=vjIKfgxOSXI,NA,2026-07-14,skipped,2,,MEMBERS-ONLY video (Patron Member tier or higher). Paywalled behind channel membership; cannot be ingested.
yt-ZSnGe9bUIuc,video,How To Identify Bad Clients Before Working With Them,@thefutur,https://www.youtube.com/watch?v=ZSnGe9bUIuc,2024-05-21,2026-07-14,L2,2,sales-clients;business,"Dan Sullivan question + user/confuser/refuser = SULLIVAN'S; Chris: the humility argument, gap-framing"
yt-DezEGlIXywE,video,LinkedIn Growth Hacks: Dominate the Platform in 2024,@thefutur,https://www.youtube.com/watch?v=DezEGlIXywE,2024-05-19,2026-07-14,L2,2,content-strategy;marketing,guest-primary Sam Brown (LinkedIn); Chris: the 8-to-1 rule + authority/inspiration/sales split
yt-wg4YEYHKMs0,video,The Future of Brand Marketing w/ Robert Katai,@thefutur,https://www.youtube.com/watch?v=wg4YEYHKMs0,2024-05-16,2026-07-14,L2,2,branding;content-strategy,"guest-primary Robert Katai (in-house creators); mostly a guest presentation, Chris thin; selection profile only"
yt-KCzE-wc0qC0,video,Communicate with Purpose: Techniques to Enhance Every Relationship,@thefutur,https://www.youtube.com/watch?v=KCzE-wc0qC0,2024-05-14,2026-07-14,L2,2,mindset;sales-clients;branding,"LANDMARK w/ Mo pt2: crayons-in-the-box tonal range, directness-requires-permission, KNOW YOUR DEPTH (guard); L3-candidate"
yt-GoX94-uZhb4,video,How to Negotiate When Clients Can't Afford Your Prices (Whiteboard),@thefutur,https://www.youtube.com/watch?v=GoX94-uZhb4,2024-05-09,2026-07-14,L2,2,pricing;sales-clients;business,"LANDMARK whiteboard: LTV/net/CPA, two Bs, who-takes-the-risk, guarantees-are-priced; Blind ~5M/yr + 5 reps at 7-12%; companion to MC3lr_BT1Wg; L3-candidate"
yt-1qHDrx9CO_M,video,How to Speak So People Really Listen: Advanced Communication Tactics for Success,@thefutur,https://www.youtube.com/watch?v=1qHDrx9CO_M,2024-05-07,2026-07-14,L2,2,mindset;biography,"LANDMARK w/ Mo pt1: presence, missing-as-comparison, memory changes on recall, single-tasking; L3-candidate"
yt-ZdzDmPon19o,video,Why People Don’t Trust You!,@thefutur,https://www.youtube.com/watch?v=ZdzDmPon19o,2024-05-02,2026-07-14,L2,2,sales-clients;mindset;branding,trust triangle (BORROWED - verify Frances Frei); Chris: why the blunt register reads as care; Brene Brown
yt-3AS0gfiG63Y,video,"How To Build A Personal Brand, Not Just a Business Brand Ft. Chris Do (Intimate Conversation)",@thefutur,https://www.youtube.com/watch?v=3AS0gfiG63Y,2024-04-30,2026-07-14,L2,3,branding;mindset;business,"Chris-led personal-branding interview. Definition stack credited source-by-source (Neumeier/Bezos/impression management) + four components incl. CULTURE as constitutive (Tony Hsieh, 'forget brand get the culture right'); why corporate branding worked and what social broke. Second half: asking for help + 'run the expert's instruction UNMODIFIED so failure is informative' ('I'm a really good student'). PRIVACY: family-therapy passage recorded by principle only, therapist not named."
yt-zgKlskDc39k,video,BIG Results with Less Effort - Marketing Masterclass 2024 w/ Allan Dib,@thefutur,https://www.youtube.com/watch?v=zgKlskDc39k,2024-04-28,2026-07-14,L2,2,marketing;business,guest-primary Allan Dib (Lean Marketing launch); Spice Girls not Vanilla Ice = HIS; Chris: take-my-money differentiation
yt-MC3lr_BT1Wg,video,How to Counter Low-ball Offers: (Sales Roleplay),@thefutur,https://www.youtube.com/watch?v=MC3lr_BT1Wg,2024-04-27,2026-07-14,L2,2,sales-clients;pricing,LANDMARK roleplay: lowball walk-away + risk-share/performance deal (Drucker); two-option close; L3-candidate
yt-KYcMYIsSB1s,video,How To Beat Procrastination & Not Fear Failure,@thefutur,https://www.youtube.com/watch?v=KYcMYIsSB1s,2024-04-23,2026-07-14,L2,2,mindset;business,procrastination masks fear; time audit; Keir McLaren 'hiding in your room'; delegation margin; L3-candidate
yt-1IJAVl2J55I,video,Beat the Competition: Why Your Brand Needs Enemies! (Brand Strategy for Designers Pt. 2),@thefutur,https://www.youtube.com/watch?v=1IJAVl2J55I,NA,2026-07-14,skipped,2,,MEMBERS-ONLY video (Patron Member tier or higher). Paywalled behind channel membership; cannot be ingested.
yt-VYKA7hqZeZU,video,"How To Build A $1,000,000 Personal Brand (Detailed Breakdown)",@thefutur,https://www.youtube.com/watch?v=VYKA7hqZeZU,2024-04-16,2026-07-14,L2,2,branding;mindset;content-strategy,LANDMARK personal-brand framework: 4 components + 3 traits; fame != brand; anti-crippling-student-debt correction; L3-candidate
yt-yD-6yenGhLk,video,The Key to Standing Out in Business w/ Blair Enns,@thefutur,https://www.youtube.com/watch?v=yD-6yenGhLk,2024-04-14,2026-07-14,L2,2,business;sales-clients;branding,guest-primary Blair Enns 7th proclamation; FENCED; attribution risk vs Chris's 5-step process
yt-1yTBIklFDxU,video,Use Storytelling To Craft Unforgettable Experiences– Secret of Entertainment Design,@thefutur,https://www.youtube.com/watch?v=1yTBIklFDxU,2024-04-11,2026-07-14,L2,2,branding;sales-clients;business,guest-primary Paul/Heirloom (wedding DJ); Chris: memories not experiences; brand-story translation
yt-NfoocYAuZN0,video,How To Build An Online Community (Complete Guide w/ Tom Ross),@thefutur,https://www.youtube.com/watch?v=NfoocYAuZN0,2024-04-09,2026-07-14,L2,2,business;content-strategy,guest-primary Tom Ross (3rd appearance); Chris: I abhor discounts; Pro Group AI agent + cats in a room
yt-LJVP2wRk7Cc,video,New Way To Get Clients On Demand: Complete Blueprint w/ Daniel Priestley,@thefutur,https://www.youtube.com/watch?v=LJVP2wRk7Cc,2024-04-04,2026-07-14,L2,2,sales-clients;marketing;business,guest-primary Daniel Priestley masterclass (3rd appearance); AFFILIATE/ScoreApp promo disclosed; recorded pre-03-14
yt-n_qRRIO5bmk,video,Why Some Designers Are More Valuable Than Others,@thefutur,https://www.youtube.com/watch?v=n_qRRIO5bmk,NA,2026-07-14,skipped,2,,MEMBERS-ONLY video (Patron Member tier or higher). Paywalled behind channel membership; cannot be ingested.
yt-zCSjA-QoNiM,video,How To Overcome Failure And Become The Best Version Of Yourself (Personal Story),@thefutur,https://www.youtube.com/watch?v=zCSjA-QoNiM,2024-03-29,2026-07-14,L2,2,biography;mindset,"LANDMARK pre-ArtCenter origin (rejections, dark night, 3-month portfolio); SENSITIVE; personal-story rule; L3-candidate"
yt-gacg2OqLd2k,video,How To Deal With Imposter Syndrome,@thefutur,https://www.youtube.com/watch?v=gacg2OqLd2k,2024-03-28,2026-07-14,L2,2,mindset;biography,imposter syndrome; I'm here for the other person; compare backwards; Rosenberg violent language; L3-candidate
yt-NwmOgc0fo8s,video,6 Steps To Increase Lead Generation GUARANTEED (Free Framework Included),@thefutur,https://www.youtube.com/watch?v=NwmOgc0fo8s,2024-03-26,2026-07-14,L2,2,marketing;sales-clients;content-strategy,lead-gen workshop excerpt; dollarise the value (Rainmaker); awareness!=consideration
yt-GQP3fym57aQ,video,From Addiction To Marketing at Nike,@thefutur,https://www.youtube.com/watch?v=GQP3fym57aQ,2024-03-21,2026-07-14,L2,2,branding;business;mindset;biography,"guest-primary Jordan Rogers (ex-Nike); Chris: 8 Mile rule, mutual-envy, straight edge disclosure"
yt-jd0Ijs0a0ns,video,Personal Brand Secrets W/ Beats & Dr. Dre $3 Billion Sale To Apple,@thefutur,https://www.youtube.com/watch?v=jd0Ijs0a0ns,2024-03-19,2026-07-14,L2,2,branding;business;marketing;biography,landmark: the Skool split w/ Jose Caballer + cake rule + Kickstarter 30k->80k; Beats/Monster; L3-candidate
yt-0wse5TRJYHE,video,"Generate Demand, Get More Sales, Clients On Repeat: Masterclass Workshop (Bootcamp Part 4)",@thefutur,https://www.youtube.com/watch?v=0wse5TRJYHE,2024-03-14,2026-07-14,L2,2,business;sales-clients;branding;content-strategy;mindset;biography,bootcamp pt4; Priestley scarcity; Pro Group cap; Brand Lab 18k/6mo; get the job done; L3-candidate
yt-OREd4PPWCyY,video,The Daily Practice That Has Changed My Life & Income (1 Change Most People Ignore),@thefutur,https://www.youtube.com/watch?v=OREd4PPWCyY,2024-03-12,2026-07-14,L2,2,mindset;business;biography,landmark: full rate arc $30/hr to $30k/hr; ArtCenter funding; 1975 refugee; L3-candidate
yt-h1voCMAT9Qc,video,Finding Your Niche: The Secret to Business Growth (Bootcamp PT. 3),@thefutur,https://www.youtube.com/watch?v=h1voCMAT9Qc,2024-03-10,2026-07-14,L2,2,business;sales-clients;branding;marketing;mindset,bootcamp pt3; one-degree pivot; Trojan Storage; quality!=results; sell status; L3-candidate
yt-w3-yw4_n_Vo,video,How to Do More in a Week than Most Do in a Month,@thefutur,https://www.youtube.com/watch?v=w3-yw4_n_Vo,2024-03-07,2026-07-14,L2,2,business,"NOT CHRIS - recurring guest solo (Matt, likely Matt Essam); do-not-train; 3rd instance"
yt-43ArjPCZcr4,video,How To Ethically Charge More Money For Your Creative Services,@thefutur,https://www.youtube.com/watch?v=43ArjPCZcr4,2024-03-05,2026-07-14,L2,2,sales-clients;branding;marketing,embrace-and-pivot; sell clarity of thinking; Seth Godin This Is Marketing
yt-VdSuDhOPpaA,video,Teachable Employee to Circle CEO/Co-Founder— Sid Yadav's remarkable story,@thefutur,https://www.youtube.com/watch?v=VdSuDhOPpaA,2024-02-29,2026-07-14,L2,2,business;entrepreneurship,guest-primary Sid Yadav (Circle); Chris = customer POV; Facebook distraction factory
yt-tgDjT6G5VZo,video,Brand Strategy For Designers: How to Get Started (Part 1),@thefutur,https://www.youtube.com/watch?v=tgDjT6G5VZo,2024-02-27,2026-07-14,L2,2,branding;business;design-craft,"★★ Chris solo, Miami workshop — THE clearest account of HOW HE LEARNED BRAND STRATEGY: envy of YO SANTOSA / Ferroconcrete's Pinkberry work ('really just jealous — did we go to the same school, did you have some secret sauce?'), she couldn't explain her method so he reverse-engineered it; then JOSE CABALLER's CORE framework + the user-profile epiphany ('for almost 20 years I didn't understand that we're designing for someone') and their documented USER-FIRST vs BRAND-FIRST disagreement; ★★ TANGO case study (IT expense mgmt): 'you guys are talking inside baseball, explain it to me like I'm your mom', client held their customers in DISDAIN -> reframed the IT person as THE SUPERHERO, logo sold on one line, <$100k engagement -> ~$250k, and the hug ('none of the ad agencies ever gave me a hug'); ★★ THE FORD AEROSTAR DOOR falls off outside a French restaurant + breakdown in the desert = his proof that 'quality is job one' was a fake brand (refugee/buy-American family context); discovered he could write copy; Marty Neumeier credited properly; 'a logo is just a container for meaning'"
yt-nNRWt9-XML0,video,4 Ways To Get Your First 10 Customers (41mins Full Class),@thefutur,https://www.youtube.com/watch?v=nNRWt9-XML0,2024-02-26,2026-07-14,L2,2,sales-clients;business;content-strategy,"★★ Hot-seat w/ Chris Franklin (BIV): $297k 2022 -> $151k 2023 after losing a client who was 50% of revenue ('danger zone; shouldn't be more than 10%'); ~95% of time in delivery = working IN not ON the business ('I've been a perpetrator of this to my own business'). ★★ THE REFERRAL SCRIPT (Phil Jones, Exactly What To Say) — ask at the moment of gratitude, as a NO-question ('you wouldn't happen to know one or two people... would you?' — Chris Voss: no = perceived control), then 'would it be too much to ask...', then the follow-up opener 'I bet you haven't made that call yet'; ★ Hormozi's CORE FOUR (cold/warm/content/referrals) + his lead definition ('somebody you can get in touch with'); ★★ 3 levers: HIGHLIGHT THE PROBLEM / GIVE A SAMPLE (Costco+freemium, Cialdini reciprocity, loss aversion) / GIVE A TOOL (quiz, ScoreApp - disclosed partner); ★★ NOAH KAGAN'S PROMPT 'what are they trying to AVOID?' run live on event photography + applied to his own outsourcing (overhead, liability insurance, workers comp); Tokyo->Kyoto premium-train metaphor; funnel math + 'not a prospect if their timeline is 3 years out'"
yt-f5uYRuqK4g0,video,Who Is Chris Do & The Futur? Origin story,@thefutur,https://www.youtube.com/watch?v=f5uYRuqK4g0,2024-02-24,2026-07-14,L2,1,mindset;business,"L3-candidate: origin-story biography (Travis Makes Friends podcast); richest bio yet ($5k check founds Blind, $80M+, age 51); 35 quotes"
yt-x6z8-ZAXfHE,video,"Why Most Creatives Fail Online: Strategies for Lead Generation, SEO, and Content",@thefutur,https://www.youtube.com/watch?v=x6z8-ZAXfHE,2024-02-22,2026-07-14,L2,2,content-strategy;sales-clients;branding,"GUEST-PRIMARY — Jule Kim's SECOND appearance (first = yt-t7PZ6eD2lEQ on imposter syndrome), here in her prior expertise: SEO. Her framework fenced: the tripod (content/speed/popularity), backlinks-as-popularity w/ the Mean Girls analogy + the nuance that freely-given links count less + negative SEO, the keyword taxonomy (~10% branded + ~10% money keywords = 20%, vs ~80% TOPIC keywords = 'the real opportunity'), autocomplete/related-searches for free keyword mining, TOPIC CLUSTERS (wedding photographer -> 8 phrasings all about cost), and the sharp positioning point 'y'all call yourselves brand strategists but the average person doesn't know what the hell that means — they just don't like how their website looks'. Uses THE FUTUR as the worked example (~20k backlinks; huge YouTube content but little website content). Chris trains: ★★ his closing 'REWIND THE TAPE' synthesis (you assume everybody already knows they need you, so you only make content for the last bit; go back to unaware and think through THEIR eyes not your own; map ~3 phases) = the search-side twin of MIND WALKING; ★ the 4 questions every website must answer (what is it / who is it for / ...); ★ dated: 2024 set as the year for higher-quality leads; ★ 3rd instance of the honest-about-gaps pattern ('I haven't even looked at it — that's how much I care about this stuff'); turns down paid backlink posts"
yt-fIZD4KHxcow,video,How To Attract New Customers & Grow Your Freelance Business (80 Minute Full Class),@thefutur,https://www.youtube.com/watch?v=fIZD4KHxcow,2024-02-19,2026-07-14,L2,2,sales-clients;branding;mindset;content-strategy,"★★ Middle session of the 3-part Chris Franklin hot seat — the 'why people buy' one. ★★ MERGED MASLOW STACK: Hormozi's health/wealth/relationships + STATUS (what buying signals to others) + IDENTITY (what it signals to yourself), mapped onto Maslow; bottom = needs = pay least, top = wants = pay most, proved via luxury (LV first to pass $20B, LVMH owner among richest); ★★ 'MIND WALKING' — his own named exercise for inhabiting the buyer's senses; requires IMAGINATION + EMPATHY; ★★ the controversial claim: 'empathy is something a lot of creative people champion but are actually really poor at... a lot of artists are tortured souls, they're very self-centred... if all they did was study what people wanted and gave it to them they would be more successful'; ★ FINDABILITY ('to be found you must be findable' - Austin Kleon) + 'we trust people we know MORE than we trust qualified people' — demonstrated on himself (hired Sam sight-unseen on Richie's word) + Simon Sinek's babysitter; ★ the DEAR SON content technique (write it as a letter to your son, delete the salutation before posting) + his self-mock 'mine is like dear mother... dear sucker'; problem/sample/tool applied to the coachee's channel ('the tool is something you GIVE them, not the tools that you use'); 'instead of chasing people you give value up front so they chase you'"
yt-HJ9IW1w2bDc,video,"5 Passive Income Ideas to Make $10,000 Per Month in 2024",@thefutur,https://www.youtube.com/watch?v=HJ9IW1w2bDc,2024-02-15,2026-07-14,L2,2,business;content-strategy;pricing,"★★ Hot-seat w/ Chris Franklin. Build a 2nd revenue curve BEFORE you need it (assume -25%; at 50% you get a real choice). ★★ BUY BACK YOUR TIME arithmetic: $2k/4wks = ~$12.50/hr = 'less than Starbucks'; good LA editor ~$500/day, he'd need ~$850 — the SPREAD is the business model; solopreneur -> entrepreneur/agency (agent connecting BUYERS and MAKERS); risk premium justifies the margin; talent gap closed by shadow->paid test->staff; ★★ FUTUR'S OWN YOUTUBE ECONOMICS (self-reported): CPM ~$28, ~$15k/mo AdSense, ~$180k/yr, best year ~$360k, finance audiences $36 CPM vs $2 gaming; ★ affiliate -> SPONSORSHIP double-dip ('you're literally giving them money' = proof of concept) w/ only-promote-what-you-use limit; ★★ the 9-year partner cut out who took 100% of clients — 'where's the value? in the relationships'; stage effect; $1000/HR consulting; value stacking + pricing in a 10% refund rate; Charles S Anderson stock-library-as-401k; confesses selling Apple stock in 2008"
yt-Qyb3R0vYgbo,video,How To Grow a Million Dollar Business w/ AppSumo CEO @Noah Kagan,@thefutur,https://www.youtube.com/watch?v=Qyb3R0vYgbo,2024-02-14,2026-07-14,L2,2,business;mindset,"GUEST-PRIMARY — Noah Kagan (CEO AppSumo, 'Million Dollar Weekend'; ex-Facebook/Mint; met via Aman, a prior guest) fenced: everyone-can-make-a-million thesis, 'business is listening to problems and solving the ones people want to pay you money for', 'time millionaire', survivorship bias in founder stories, 'I was afraid of who I could become and afraid of ruining AppSumo'. ★★ THIS IS THE SOURCE OF THE 'WHAT ARE THEY TRYING TO AVOID?' PROMPT that Chris teaches 12 days later in yt-nNRWt9-XML0 ('I talked to him for an hour and a half') — promote the prompt FROM there but CREDIT NOAH. Chris trains only: ★ the creative/business false dichotomy — 'you can either be creative or you can be in business... the most famous painters are definitely not the best'; not L3"
yt-guhfsArySxU,video,3 Steps To Get New Customers (FULL MASTERCLASS),@thefutur,https://www.youtube.com/watch?v=guhfsArySxU,2024-02-12,2026-07-14,L2,2,sales-clients;business;pricing;mindset,"★★ Chris solo masterclass to a paying student audience ($27k/semester referenced). ★★ 'SALES IS CHANGE MANAGEMENT' — baseline -> benchmark as the definition of sales, + the design-school critique 'we define our own benchmarks, so we don't know how to have a conversation about it with anybody else'; ★★ 'MONEY IS A MEASUREMENT FOR THE AMOUNT OF TRANSFORMATION YOU CREATE' (proved on the room's own tuition; worth-more/same/less decision logic); ★★ SELL TO THE PAYER NOT THE USER — 'we can be more generous for others than we can to ourselves' (massage packages -> sell to spouses; Johnny Cupcakes 'convince your employer'; his own creative director Matthew getting HIM to buy a $3k course); Japanese YouTube English teacher reportedly $10M/yr funded by parents; ⚠️★★ THE BLUNT COMMERCIAL RATIONALE FOR THE BRAND LAB PIVOT: 'we have a huge problem at The Futur — we sell to the end buyer and THEY'RE ALL BROKE. That's why we're not doing $10 million a year' (the other 3 tellings frame it as mission/discovery; promote all 4 together); 'the bigger the problem the more money you make'; AI warning: 'if you're in the business of doing things and selling the doing of things you may be in trouble'; admits 'I currently do not sell this way'"
yt-QH6b8mMEP2g,video,Proven Strategies to Attract Your Ideal Clients (Business Bootcamp PT. 2),@thefutur,https://www.youtube.com/watch?v=QH6b8mMEP2g,2024-02-09,2026-07-14,L2,2,business;sales-clients;branding,"★★ Business Bootcamp Q&A, Chris solo. ★★ Brand Lab pivot in one line — creatives learning business and business people learning design are 'not two different people, we're just two sides of the same coin' + the correction 'I'm ADDING, not switching'; Pro Group job-lead pipeline (won't circulate leads without a stated budget). ★★ SPEC WORK as marketing: the Mini Cooper-style spec car commercial put on the demo reel unlabelled -> real car work + awards, bounded by 'you can present anything — JUST DON'T LIE'; ★★ THE MORAL-AMBIGUITY DISCLOSURE: 'I used to be a guy on the white side... these people are eating my lunch... how comfortable am I in the moral ambiguity? Turns out pretty comfortable. I discovered this pretty late in life'; ★ DIRECTOR'S CUT portfolio rule (show your version, not the client-mangled one); ★ score clients A-F and FIRE THE Fs continuously (David C Baker + Ron Baker); never talk bad about former clients; don't volunteer info (Cops analogy); 'whatever your complaint is, it's your calling'; Aaron/Farm Design ice-cream promo -> zero business -> Behance -> The Dieline -> phone never stopped; Allan Dib PVP; 'the market is bigger than your target' (Blair Enns); dated: 'I'm involved in two AI projects myself' (Feb 2024)"
yt-iiuPtiPSjVU,video,Being Rejected Was The Best Outcome—Liz Mosley Rejection Therapy,@thefutur,https://www.youtube.com/watch?v=iiuPtiPSjVU,2024-02-08,2026-07-14,L2,2,mindset;business;content-strategy,"GUEST-PRIMARY — Liz Mosley (UK designer, Building Your Brand podcast) whose rejection-therapy challenge was TRIGGERED BY CHRIS rejecting her podcast invite ('how many downloads does it have?'); she set 100 rejections in 6 months and FAILED because too many said yes incl. her dream sponsor. Chris trains: ★★ WHY HE GATEKEEPS PODCASTS — the billion-person mission used as an operational filter: 'am I going to reach a billion people 42 people at a time? probably not' + the benchmark 'if you've done the work, then I'll do the work with you' + an honest admission the gate leaks ('they caught me in a weak moment'); ★ pre-empts the audience's ego reaction before they can voice it (same pattern as 'we're so not hippies'); ★ sustained MATRIX/Neo riff as a teaching device ('you're flicking the bullets away... you're almost invincible now'); ★ 'a multiverse of events' — the invisible other side of small interactions; corrects the origin of rejection therapy (an Australian deck predating the TED talk, attribution:uncertain)"
yt-NJ53pSoxnFQ,video,How to Talk About Price or Budget Using Price Bracketing,@thefutur,https://www.youtube.com/watch?v=NJ53pSoxnFQ,2024-02-05,2026-07-14,L2,2,pricing;sales-clients,"★★ Chris solo clip — PRICE BRACKETING, and it contains a DATED CHANGE OF PRACTICE. Say the price VERBALLY before you show it; big round numbers in a range as sonar ('when they don't fall out of their chair at 200 you know where your budget's coming in'); ★★ HE NOW SAYS THE BIGGER NUMBER FIRST — an audience member notices the reversal vs his older teaching and he confirms it + explains via anchoring ('say the bigger number first, PAUSE, then the second number'; then 150 feels like a bargain). Anchor high, never near your number (Joe charges 10k -> start at 30-60, not 10-20); shock-qualification script ('I'm going to say a number, are you sitting down?'); heuristic: 'if the owner and founder calls me I know it's not going to work — too small a company'; address resistance in the moment, DON'T build a bid; 'how did Joe screw up? He SOLD'; ★★ the re-scope move instead of discounting ('maybe I overthought this... maybe I'm building you something you don't need'); law of reciprocity + 'karma boomerang' + 20-year relationships. ⚠️ PROMOTE AS A DATED UPDATE to the existing 2017-era bracketing material, not a duplicate"
yt-7XCeHBnVIik,video,How to Negotiate a Lowball Offer,@thefutur,https://www.youtube.com/watch?v=7XCeHBnVIik,2024-02-01,2026-07-14,L2,2,pricing;sales-clients,"★ Chris solo clip (~2min) on ANCHORING — and the story is him LOSING to it. A client said 'I don't think we can afford you, do you know somebody in your network?' and named 10; Chris carried that anchor to BEN BURNS, who said ask for 15, and Chris argued against his own side; realised later 'he just dropped an anchor on my face and I fell for it'. Recovery: let the anchor wear off, then 'I can help you find it for 10, but if you want ME to do it, 30' = ignore the old anchor, drop a new one; client refused, Chris genuinely moved on, then days later while writing the referral intro the client came back — 'I delete the email'. Rules: ignore a lowball; or make them bid against themselves ('that's not going to work, can you come with another number?'); his own preference = SAY YOUR NUMBER FIRST (against the room's instinct); heuristics named"
yt-uzZK4-_Nx50,video,Blueprint For Modern Web Design: Deep Dive w/ Vitaly Friedman,@thefutur,https://www.youtube.com/watch?v=uzZK4-_Nx50,2024-01-29,2026-07-14,L2,2,design-craft,"GUEST-PRIMARY deep dive — Vitaly Friedman (b. Minsk, raised Germany; Smashing Magazine founded 2006) on inclusive design/accessibility, digital sustainability, UX metrics. do-not-train. ★★ his close-button case (the X means close-and-apply / close-and-dismiss / clear / cancel to different people -> 'just spell out what you mean'); 'how unreliable we as humans are in the way we're thinking'. Chris hosts; ★ the one persona-relevant line is a clean admission of ignorance: 'I don't know enough to even form an opinion to keep awake at night' (adds to the honest-about-gaps voice pattern alongside 'I'm a terrible teacher'); clip = yt-xfHU3Yd8mBM; not L3"
yt-IjyGTunAhRk,video,"Master Pricing, Attract Clients & Creative Blocks",@thefutur,https://www.youtube.com/watch?v=IjyGTunAhRk,2024-01-27,2026-07-14,L2,2,mindset;business;design-craft,"GUEST-PRIMARY — Radim Malinic (Czech-born British designer, Brand Nu studio + Brand Nu Books, 6 books incl. Creativity for Sale + Mindful Creative; ex ice-hockey/DJ/music journalist, self-taught) fenced: ego as the root problem, 'the design isn't mine — I'm creating service', holding-tight-to-your-design = insecurity, 'what's the opportunity?' as the right first question, 'if you're thirsty you're already dehydrated' on mental health, growth is unskippable ('if I tell you go right everyone goes left'). Chris trains: ★ creative-block diagnostic ('if you're not enjoying your creative work it's because something OUTSIDE the process is making you not enjoy it'); ★ the mini-art-director son anecdote; ★ articulates the BREADCRUMBS parenting principle back to the guest; ⚠️ says 'when I was 18 I knew I wanted to be a designer' — a compression vs the fuller ~17 glowing-room / 18-19 ArtCenter-decision accounts; treat the detailed versions as canonical"
yt-xfHU3Yd8mBM,video,Unwritten Rules for Better Web Design w/ Vitaly Friedman,@thefutur,https://www.youtube.com/watch?v=xfHU3Yd8mBM,2024-01-25,2026-07-14,L2,2,design-craft,"GUEST-PRIMARY clip — Vitaly Friedman (Smashing Magazine) on UX measurement; parent conversation = yt-uzZK4-_Nx50. do-not-train. His methods: 5-user conversation as the minimum viable research step; baseline w/ 10-12 top tasks x 15-18 people measuring TIME + SUCCESS RATE (target 80%), re-run post-launch for before/after; ★ argues AGAINST think-aloud during timed tasks (distorts timing + behaviour); ★★ his defence of imperfection ('I can smell ChatGPT text... the world is messy, I want to see typos'). Chris asks 2 questions incl. the AI-hyper-personalised-site one; states no positions; not L3"
yt-IXIOW9bFQo0,video,Find Your Purpose - Ikigai Breakdown (Archive Series),@thefutur,https://www.youtube.com/watch?v=IXIOW9bFQo0,2024-01-20,2026-07-14,L2,2,mindset;business;content-strategy,"★★ Chris solo, archive series. IKIGAI 4-circle breakdown w/ the usually-omitted 4th circle (what the world needs) + the named regions (mission/passion/profession/job/vocation); ★★ HIS OWN IKIGAI = the most compact Blind->Futur pivot account in the corpus: '23-plus years I ran this company... I felt like there was a hole missing inside of me' (loved it, good at it, paid well — missing only world-needs); ★★ HIS WIFE ASKED THE QUESTION that triggered it: 'is there more? can you do more with your time? is this a good exchange of your time?' -> a 3-6 month rabbit hole (name-free per SUBJECT.md); Seth Godin work-vs-art ('when is it over' vs 'how long can I do this for'); 4-column exercise incl. 'what did you love at 7-8-9-10'; daily rhythm sunrise-to-1am 'not tired because I'm fuelled with this purpose' + burnout caveat if unpaid"
yt-KfKpmV9uFx4,video,How to Pick a Profitable Niche for Your Creative Agency,@thefutur,https://www.youtube.com/watch?v=KfKpmV9uFx4,2024-01-19,2026-07-14,L2,2,business;sales-clients,"NOT CHRIS — solo guest video, Chris absent entirely; SAME SPEAKER as yt-sM5CekilqDk (UK agency coach, likely Matt Essam, attribution:uncertain — UK stats, 'my bestselling book', agency-roadmap software). do-not-train. His frameworks: 2 niche axes (output vs industry, broad->narrow; both narrow=micro-niche), 3 principles (zone of genius via 'River of Life' / your-target-isn't-your-market dartboard / date-first-then-marry), and a 4-criteria scoring matrix (enjoyment + problem size + money + ease of conversation, >30 = has legs). ⚠️ ATTRIBUTION GUARDS: 'zone of genius' is Gay Hendricks's term, used here uncredited; and this sits VERY close to Chris's own offer-x-market/avatar teaching in yt-aSzZiCp9GWg — do not merge; not L3"
yt-Hi61pt4JGo4,video,3 Things Entrepreneurs Do to Run a Successful Business (Leila Hormozi),@thefutur,https://www.youtube.com/watch?v=Hi61pt4JGo4,NA,2026-07-14,skipped,2,,MEMBERS-ONLY video (base membership). Paywalled behind channel membership; cannot be ingested.
yt-RQVctiwIp6Y,video,How To Build an Uncompromising Creative Vision (Killspencer) full edit,@thefutur,https://www.youtube.com/watch?v=RQVctiwIp6Y,2024-01-13,2026-07-14,L2,2,design-craft;business;mindset,"GUEST-PRIMARY — Spencer Nugent / KILLSPENCER (own LA factory, Atwater Village; parents both designers, grandfather = Mr. Wizard; CCA 1yr -> ArtCenter product design; Humvee truck-tarp origin; Bobby Chang/Incase 'buy a sewing machine and figure it out' + angel check repaid in 5 months; 'mileage' via Scott Robertson) fenced. Chris trains: ★★ NEW CHILDHOOD-POVERTY DETAIL — foam Hoth playset he couldn't make work, bamboo crossbow whittled for action figures, and the line that generalises it: 'it comes from having an OVERACTIVE IMAGINATION AND NOT ENOUGH RESOURCES — you've got to go make the world that you want'; ★ 'I never felt special in my life, but for those few moments' (drawing = first experience of being seen; 'I didn't even consider myself that'); ★ drills-equal-skills articulation of the athletic approach; names the honest trade-off of vertical integration (profitability/scale); slow-fashion framing"
yt-_cj6TJfLYVI,video,What Is Branding? 3 Minute Crash Course.,@thefutur,https://www.youtube.com/watch?v=_cj6TJfLYVI,2024-01-11,2026-07-14,L2,2,branding,"NOT CHRIS — the entire answer is MARTY NEUMEIER's (unnamed on camera but secure: his canonical Brand Gap definition, first-person, 'from a designer's point of view'; Chris's own question defers to him as 'the best person to tell us'). Chris speaks ~6 lines total. do-not-train. ⚠️ ATTRIBUTION GUARD — this is exactly the clip that could be mis-promoted as Chris's own formulation of 'a brand is a customer's gut feeling'; it is NOT. Content: what branding isn't (not a logo/product/promise/sum-of-impressions), brand as a RESULT, 'you're not creating one brand, you're creating millions', brand=reputation, almost everyone in a company affects it. Strengthens Neumeier as a credited influence + entity candidate; not L3"
yt-h-eRwbbpfxo,video,Branding for Non Creatives: Crash Course Full Keynote (2024),@thefutur,https://www.youtube.com/watch?v=h-eRwbbpfxo,2024-01-10,2026-07-14,L2,1,branding;content-strategy;business,L3-candidate: branding-for-non-creatives keynote + biography; 33 quotes
yt-ZmGBqGGshzs,video,How To Master Business: A Deep Dive With Leila Hormozi,@thefutur,https://www.youtube.com/watch?v=ZmGBqGGshzs,2024-01-08,2026-07-14,L2,2,business;mindset,"GUEST-PRIMARY — Leila Hormozi (CEO Acquisition.com; Gym Launch/Prestige Labs/ALAN built+sold; met Alex on Bumble) fenced: her no-labels philosophy, childhood w/ an addicted mother, no relationship w/ mother today, conviction-over-tactics view of sales, parenting-as-mentoring. Chris trains: ★ FREE WILL AS A CHOSEN BELIEF ('I don't know for a fact that we have free will... but I choose to believe it because it's a better idea than to say I'm not responsible') — the epistemic footing under the 'happens FOR you' doctrine; ★ hero-vs-villain theory of adversity ('the difference is how they deal with adversity and trauma'); ★ NEW WIFE DETAIL: raised herself and her sisters, mother too young, 'very sensitive to the feeling of not being loved' (name-free per SUBJECT.md); sons are 17 (Jan 2024); 'sales is: I have a passion and I want to share that passion with you' (credited to an ArtCenter professor); relays Alex Hormozi's 3 traits (god complex / crippling insecurity / delayed gratification)"
yt-aSzZiCp9GWg,video,Leveling Up Your Business 2024 (Business Bootcamp pt. 1),@thefutur,https://www.youtube.com/watch?v=aSzZiCp9GWg,2024-01-06,2026-07-14,L2,2,business;pricing;content-strategy;mindset,"★★ Business Bootcamp pt1, Chris solo. ★★ FULLEST BRAND LAB ORIGIN IN CORPUS w/ numbers: $36,000/yr mastermind, couldn't identify the buyer, weeks of unwritable sales copy, ChatGPT 'gave me a more generic version of this hot mess — built on a pile of garbage', then a talk to finance/real-estate people who asked what they could buy ('I had nothing for them'), let go of attachment knowing team+community would object ('you turn your back on us, Chris is just chasing the money'), landed 'helping left-brainers think right', projects '$3.6M business venture at least'; market = mortgage brokers/loan officers/realtors 'super alpha broey types' who 'swim in the sea of same' (a little different = 2.5 degrees); ★ 3 categories (marketing+sales / delivery / other — only 2 make money) + 5X RULE ($1 paid should return $5); ★ marketing-problem vs sales-problem ('I'd rather have a sales problem'); ★★ NEW BIO NUMBERS: 2-3 new-business calls/week at $100-300k each = why coaching compounded (at-bats); sell-the-result-not-the-thing; $7 video editors in India; Alex Hormozi content spend; NEW FAMILY DETAIL: a brother is a software engineer from Stanford (name-free per SUBJECT.md); bootcamp has run 7-9 cycles, next may be the last"
yt-tfeFSjrZ_Aw,video,How To Charge For Design & Creative Work (Full Sales Masterclass & Roleplay),@thefutur,https://www.youtube.com/watch?v=tfeFSjrZ_Aw,2024-01-04,2026-07-14,L2,2,pricing;sales-clients;business,"★★ CANONICAL sales masterclass (Chris + Mo). ★★ THE INVERSION: 'you should be selling time — you've been measuring the time YOU work on it, not time for the CLIENT'; you sell their time back to them; 'time is a non-renewable perishable resource'; ★ IMPORTANT CORRECTIVE: 'I still use all three pricing models to this day' + when hourly is genuinely right (fixed scope w/ undeterminable variable scope) + fixed-fee is NOT cost-plus-markup; value pricing is hardest AND fairest ('the pendulum swings both ways'); nobody-pays-more-to-wait test w/ the journey-is-the-product exception; more-time=quality fallacy (Renaissance vs Picasso/Pollock in the open market); ★★ 'assume everything presented to you is untrue' = critical thinking, therapist frame, 'advocate for their business not an advocate for Chris Do'; ★ 'the world is ugly, run by people who have no taste'; graduated research scale + 'don't start the party without the client' + 'I read the case file before arriving at the scene of the crime'; leading-question definition; neediness leaks into tone/discounting; gold-giveaway rejection analogy; permit-expediter (rare property-development mention); Kevin Daley Socratic Selling. ⚠️ ICE acronym is MO'S coinage not Chris's — credit Mo when promoting"
yt-dFgqqc9h9AY,video,How To Say Your Price - Sales Roleplay (Sales Call With Client),@thefutur,https://www.youtube.com/watch?v=dFgqqc9h9AY,2024-01-01,2026-07-14,L2,2,sales-clients;pricing;branding,"CLIP of the role-play in yt-tfeFSjrZ_Aw (CANONICAL — promote from there). Chris=designer, Mo=client. Chris spends the whole call UNSELLING: tests the causal claim (name valuable companies whose identity is trash), names the alternatives (copywriting/funnels), keeps only the 2 justified reasons (status/feeling + repositioning: 'you've outgrown the old container'); ★ BUDGET INVERSION — $50-60k identity is the SMALL part, rollout across 10+ touchpoints = $250-400k, holds the line instead of discounting; 'premium logos don't come cheap, that's why they're premium'; lipstick-on-a-pig; E3 gaming-demo half-million launch video (dated Blind-era anchor); polite disqualification"
yt-GfDMqfnFHxM,video,Building A Powerful LinkedIn Presence: Tips from a LinkedIn Expert,@thefutur,https://www.youtube.com/watch?v=GfDMqfnFHxM,2023-12-30,2026-07-14,L2,1,content-strategy;branding,guest Yasin/Hey J LinkedIn tactics (context); 4 Chris quotes; not L3
yt-I5bdbA7j6Io,video,How To Unf*** Your Life | 6 Steps To Reinvent Yourself In 2024,@thefutur,https://www.youtube.com/watch?v=I5bdbA7j6Io,2023-12-28,2026-07-14,L2,2,mindset;business,"★★ Chris teaching + Mo; the batch's strongest MINDSET source. ★ DAPPER framework (don't react/aware/pause/ponder/emotional state/respond — Mo proposes a version, Chris rewrites live); ★★ THE LOST RED ENVELOPE at ~9-10 (Lunar New Year, $5 of ~$100, mother's 'do you think someone in this family would steal from you?', self-attack -> 'will beating myself up make a new envelope appear?' -> lifelong one-place system) offered WITH a self-aware mythology-building disclaimer; ★ narrow sliver of objective truth + Krishnamurti observe-without-judgment; same-words-different-state friend example; ★ Platinum Rule (treat people how THEY want) + get permission before helping; ★★ 'we love the miserable state we're in because at least we know it' / devil-you-know / 'what have you done to let go of your old identity?'; crab-moult + snake-shed + full-cup metaphors; meditation-as-witness; 'I'm stuck because of me'; emotional detachment (hair, eyesight); Tony Robbins, Marshall Rosenberg"
yt-w0xZyxT23Mw,video,Crafting a Great Client Experience—From Mediocre to Memorable,@thefutur,https://www.youtube.com/watch?v=w0xZyxT23Mw,2023-12-26,2026-07-14,L2,2,business;sales-clients,"GUEST-PRIMARY (~95%) — 'Gigi' (full name garbled 'yvena De rash', W6/16 Creative, self-taught, London corporate->freelance 2016) presents her 5-stage client-experience framework (research/analyse/implement/delight/review + nurture sequence; 12K project turning point, +40% rev/client, 2x referrals); do-not-train. Chris trains ONLY: ★ candid admission 'client experience is something I'm not very good at doing, to my own detriment — luckily I have a team that does this' (adds to the honest-about-gaps pattern), + bad-client-experience -> future client SELECTION criteria; not L3"
yt-B-NxAZiDkKo,video,Selling Without Being Salesy: The Kind Way to Sell.,@thefutur,https://www.youtube.com/watch?v=B-NxAZiDkKo,2023-12-23,2026-07-14,L2,1,sales-clients;mindset;business,L3-candidate: serve-don't-sell + SALES framework; 45 quotes
yt-5WlTcMTTcmA,video,How to train your brain: practice mindfulness & meditation,@thefutur,https://www.youtube.com/watch?v=5WlTcMTTcmA,NA,2026-07-14,skipped,2,,MEMBERS-ONLY video (base membership). Paywalled behind channel membership; cannot be ingested.
yt-MVz9mm0Z-7g,video,Personal Branding—Most Important Thing You Do. Full Video AdobeMAX 2023,@thefutur,https://www.youtube.com/watch?v=MVz9mm0Z-7g,2023-12-19,2026-07-14,L2,1,branding;content-strategy;mindset,L3-candidate: AdobeMAX 2023 personal-branding keynote (Unbland core) + biography; 28 quotes
yt-TX9Yo5bnL1M,video,How Your State Of Mind Impacts Your Life (Objective reality vs. Subjective interpretation),@thefutur,https://www.youtube.com/watch?v=TX9Yo5bnL1M,NA,2026-07-14,skipped,2,,MEMBERS-ONLY video (base membership). Paywalled behind channel membership; cannot be ingested.
yt-23LGuhNlN6M,video,Learn To Be A Better Public Speaker in 5 Mins (No Experience Required),@thefutur,https://www.youtube.com/watch?v=23LGuhNlN6M,NA,2026-07-14,skipped,2,,MEMBERS-ONLY video (base membership). Paywalled behind channel membership; cannot be ingested.
yt-1kUCm1JPzxg,video,How To Build A Successful Personal Brand (Full Masterclass),@thefutur,https://www.youtube.com/watch?v=1kUCm1JPzxg,2023-12-14,2026-07-14,L2,1,branding;content-strategy;mindset,"L3-candidate: personal-branding masterclass (two-word-brand, shadow->transformer, loud introvert); Chris-taught; 29 quotes"
yt-Bm0nYSJikwo,video,What's STOPPING You From Getting Clients Right Now? (AdobeMAX Whiteboard),@thefutur,https://www.youtube.com/watch?v=Bm0nYSJikwo,2023-12-12,2026-07-14,L2,2,content-strategy;sales-clients;business;pricing,"CANONICAL AdobeMAX 2023 day-2 whiteboard (lead gen), Chris sole voice; ★★ backwards funnel design: CTA -> lead magnet -> chunking -> ONE platform where customers are; ★ give away your BEST three tips not random three + 'moral obligation to give it to as many people as possible'; ★ 2023 ChatGPT workflow (customer profile/buyer persona, 'think on your answer and improve it', tone-of-voice extraction, the SETTINGS two-prompt tip) w/ boundary 'chat doesn't decide, you decide' — DATE-STAMP per AI guard; ★ at-bats/lead-volume-as-skill-practice (late business coach; wife's tennis coach analogy); live-invented quiz lead magnet (randomise their logo among competitors); Seth Godin permission marketing + 'matters for people who care'; 80% close rate = underpricing, three-yeses rule, raise 1.5-2x never increments, 'find another client' before lowering price; $250M client filter (w/ self-deprecating caveat); ⚠️ NEW self-report '$30/hr -> $6.7M a year' — entity ambiguous (Blind or Futur?), does NOT reconcile cleanly w/ $3.1M 2020 / $4.5M 2022; do not promote as clean fact; ScoreApp named w/ disclosed relationship"
yt-AA7xPboRnb0,video,How To Authentically Share Your Story Even In The Face Of Criticism And Still Succeed,@thefutur,https://www.youtube.com/watch?v=AA7xPboRnb0,NA,2026-07-14,skipped,2,,MEMBERS-ONLY video (base membership). Paywalled behind channel membership; cannot be ingested.
yt-naF88vS6z8o,video,"How to Sell Anything! $6,500 Sales Script (FREE)",@thefutur,https://www.youtube.com/watch?v=naF88vS6z8o,2023-12-09,2026-07-14,L2,2,sales-clients;business;mindset,"CLIP of AdobeMAX day-2 (canonical = yt-Bm0nYSJikwo) but the cleanest telling; Chris sole voice; ★ the $4,500 personal-trainer sales script deconstructed step by step: social proof ('whatever your version of abs is'), artificial scarcity (3 slots, 'fake, 100% fake'), 2 commitment points, 100%-about-me/0%-about-him, WHY -> scale of 1-10 -> ★'why isn't the score lower?' (safe space to keep selling yourself), objections pre-handled as commitments, discount ONLY for pay-in-full; ★ 'quantify the unquantifiable' answers the can't-measure-design objection; Tony Robbins consistency principle; ⚠️ ETHICS TENSION: Chris admiringly reports the trainer LIED (3 meals/3 days) without condemning — do not generalise; bio: was eating 1 meal/day at 130lb; motivations = role model to his kids, discipline as self-definition, 'I'm vain'"
yt-sM5CekilqDk,video,3 Things Stopping You from Landing Your Dream Clients,@thefutur,https://www.youtube.com/watch?v=sM5CekilqDk,2023-12-08,2026-07-14,L2,2,sales-clients;business;mindset,"NOT CHRIS — solo guest video, Chris absent entirely; guest signs off 'Matt Ess…' = likely Matt Essam, UK creative-business coach (attribution:uncertain on surname). do-not-train. His frameworks: momentum map (belief->feeling->action->result), active-vs-passive outreach (80/20 inversion), serving-vs-selling, 6-stage considered purchase, 'fortune is in the follow-up' + unsourced '60% of replies come on msg 3-4'. ATTRIBUTION GUARD: serve-don't-sell + oversubscribed (Daniel Priestley) here are HIS, not Chris's — Chris credits David C Baker for the same capacity principle in yt-6rZQPhXGOlk; not L3"
yt-8Ycwnfcs2Zw,video,Success Is On The Other Side of Discomfort!,@thefutur,https://www.youtube.com/watch?v=8Ycwnfcs2Zw,NA,2026-07-14,skipped,2,,MEMBERS-ONLY video (base membership). Paywalled behind channel membership; cannot be ingested.
yt-erbjoxKZHd8,video,How To Use Your Weaknesses To Your Advantage!,@thefutur,https://www.youtube.com/watch?v=erbjoxKZHd8,NA,2026-07-14,skipped,2,,MEMBERS-ONLY video (base membership). Paywalled behind channel membership; cannot be ingested.
yt-KCQ7FAsZCHM,video,How to Ask Better Questions | The Art of Listening & Communication,@thefutur,https://www.youtube.com/watch?v=KCQ7FAsZCHM,2023-12-03,2026-07-14,L2,2,sales-clients;business;mindset,"Hot Sauce conference 2023 NYC keynote-turned-workshop, Chris sole voice; ★ 'I HATE PUBLIC SPEAKING' + normally makes 278 slides for a 30-min talk, made 17 (NEW self-disclosures); ★ questions-vs-answers TRICK ('if questions are more valuable, why did you answer a question with an answer?') + schooling explanation; ★ 'good questions frame the problem and are 50% of the answer'; ★ PROACT framework (problem/objective/alternatives/consequences/trade-offs, via Jason Barron Visual MBA); Coaching Habit / Michael Bungay Stanier 4 benefits; portfolio-swap challenge (the Karen story); introversion as sales advantage; origin of his question discipline = early-years failure throwing ideas at clients, fixed by his business coach; live nonviolent-communication moderation moment; reading list"
yt-vZPW0sdulo4,video,How They Became No. 1 Ranked Marketing Podcast w/ Ryan Alford,@thefutur,https://www.youtube.com/watch?v=vZPW0sdulo4,2023-12-01,2026-07-14,L2,3,content-strategy;business,"Guest-dominated (Ryan Alford, Radcast). Low yield. Kept for two interviewer-craft items: the SUSPEND-MODESTY opening question ('most podcasts never make a dent... what makes you unique — and you don't need to be humble here'), and thread discipline stated aloud ('I want to close a couple before I move on') = the audible form of the eight-page notepad method."
yt-Gd09HWwaBs0,video,Build An Irresistible Personal Brand That Is Authentic & Vulnerable,@thefutur,https://www.youtube.com/watch?v=Gd09HWwaBs0,2023-11-29,2026-07-14,L2,2,branding;mindset;business,"Clip, Chris effectively sole voice (one audience question); ★★ 'It's not invention. It's memory.' — Jung PERSONA vs SHADOW SELF applied to personal branding (persona installed by parents ~age 7-9; pretend long enough and you forget who you are); ★ 'I'm not sure there's such a thing as a business brand' (he flags his own hedge); branding = differentiation + preference, preference defined as irrational; history-of-branding narrative; Arrowhead/Fiji/Voss story-as-price-differential; Marty Neumeier Brand Flip credited; teriyaki restaurant / 'my starving self' ArtCenter memory"
yt-6rZQPhXGOlk,video,How To Price YOUR Work (Full Whiteboard AdobeMAX),@thefutur,https://www.youtube.com/watch?v=6rZQPhXGOlk,2023-11-26,2026-07-14,L2,2,pricing;sales-clients;business;branding,"CANONICAL AdobeMAX 2023 day-1 whiteboard, Chris sole voice, first year on that stage; ★★ 'the buyer determines value, the seller determines price' (proved live vs NFT objection); ★ two B's Baseline+Benchmark + Delta + hypothetical-impact question; ★ intentional listening (never introduce a new word); ★ 'I don't know — how will YOU measure that?'; ★ warp-to-the-drop (rollercoaster) = talk money early; stop saying freelancer; confidence=opportunities/capacity (David C Baker); discriminating seller + fit check; maybe is a vampire, worse than no; refuse work you can't deliver ('complicit in something wrong'); disqualification script taught via a role-play that fails on purpose; 10%-of-$2M-rollout anchor; Blair Enns desperate=repulsive; Sean Cannell scared-money"
yt-reVhRZBS5s0,video,Biggest Mistake in Pricing Design/Creative Work! ❌,@thefutur,https://www.youtube.com/watch?v=reVhRZBS5s0,2023-11-23,2026-07-14,L2,2,sales-clients;pricing;branding;design-craft,"CLIP of AdobeMAX 2023 pricing talk — fully contained in yt-6rZQPhXGOlk (canonical; promote from there, not here). Chris sole voice; get-noticed exercise (logo never makes the list), serve-don't-sell as ETHICAL DUTY but client decides, close-the-imagination-gap w/ mockups, Apple retouching + Steve Jobs store-lighting story, 'I sell the conversation/the dream/the potential/my listening skills'"
yt-t7PZ6eD2lEQ,video,Imposter Syndrome: 5 Types Holding You Back & How to Overcome Them,@thefutur,https://www.youtube.com/watch?v=t7PZ6eD2lEQ,2023-11-18,2026-07-14,L2,2,mindset;business,"Guest Jule Kim (life/exec coach, Seattle; captions garble as 'Jewel') primary=context/do-not-train (5 imposter types: expert/perfectionist/soloist/natural-genius/superhero, zone-of-genius via Gay Hendricks, compliment-handling diagnostic); ★ Chris FEEDBACK-IS-DATA doctrine (fullest in corpus) incl. deliberately attending MORE to negative comments for craft not wounds; ★ 'I'm a terrible teacher'; ★ 10,000 bad photos / anti-manuals learning style; ★ tiger-parenting both-halves + 'download the parent operating system' (extends 2019 legacy-OS); business coach named Kier McLaren (NEW); Latisse/eyelash story; first gig = trifold brochure for no-name bank; parenting: let kids try stuff on their dime"
yt-mUoyOZH1R4I,video,The Human Side of Business: Pepsi's Secret Ingredient,@thefutur,https://www.youtube.com/watch?v=mUoyOZH1R4I,2023-11-11,2026-07-14,L2,2,business;mindset;branding;design-craft,"Guest Mauro Porcini (SVP+Chief Design Officer PepsiCo, ex-3M; 'The Human Side of Innovation') primary=context/do-not-train (design-ROI multi-layer model, 3-yr horizon, Michelangelo non-finiti 'we are sculptors of ourselves', 3 steps to happiness); Chris trains: ★ 'a passionate pragmatist' (his coinage), ★ joy-first/money-as-byproduct, ★ energy-frequency passage incl. NEW dated family detail (wife recently born-again Christian + new-age mysticism interest, name-free per SUBJECT.md), 'we're so not hippies' self-policing pattern, met guest backstage Geneva then AIGA National Design Conf Pasadena"
yt-ojJhqezKzss,video,How Pepsi Attracts and Motivates Top Talent (w/ Pepsico SVP Mauro Porcini),@thefutur,https://www.youtube.com/watch?v=ojJhqezKzss,NA,2026-07-14,skipped,2,,MEMBERS-ONLY video (Patron Member tier or higher). Paywalled behind channel membership; cannot be ingested.
yt-wBcj0PVDEOs,video,The Future of AI in the Creative Industry #podcast #creativepodcast,@thefutur,https://www.youtube.com/watch?v=wBcj0PVDEOs,2023-11-08,2026-07-14,L2,3,mindset;business;design-craft,AI cold open + motion-design-history interview (guest-dominated). DATED Nov-2023 AI position: the REMOVING-THE-LADDER argument (AI replaces the grunt work that WAS the training path). Also: 'care deeply but not so much you lose yourself' with detachment framed as an acquired talent. R/GA corroborated in passing.
yt-AqnS_hrVZVQ,video,Storytelling Secrets That Captivate ANY Crowd,@thefutur,https://www.youtube.com/watch?v=AqnS_hrVZVQ,2023-11-07,2026-07-14,L2,2,content-strategy;mindset;business,"Guest Karen Eber ('The Perfect Story') primary=context/do-not-train (story neuroscience, 'you do not need an origin story', 'whom am I okay disappointing', constraints-generate-stories); ★★ RICHEST REFUGEE-CHILDHOOD PASSAGE IN CORPUS: 'refugee fleeing Vietnam... subject of a lot of ridicule... internalized negative external talk into negative internal talk... up until about 17 or 18 I was ashamed to be who I was'; ★ mung bean/Lunar New Year red-envelope sense memory; ★ radical-transparency arc ('stopped caring what people think'); ★ polish-repels/real-attracts (Netflix vs YouTube, MrBeast); ★ Europe workshop stomach story; disagrees w/ guest on 'don't let facts get in the way'; fav band Twenty One Pilots; 'I don't cook'"
yt-QCmLf1Go-Uw,video,Beat Ai with This ONE Skill,@thefutur,https://www.youtube.com/watch?v=QCmLf1Go-Uw,2023-11-05,2026-07-14,L2,2,design-craft;mindset;business,"Clip from longer interview; GUEST UNNAMED (attribution uncertain, fenced); ★ Chris admits he HAD BAD TASTE (purple+teal; 'kid with Valley taste'; first-gen immigrant Silicon Valley -> ArtCenter exposure) as proof taste is teachable; ★ 4-part AI-era curriculum (history-for-precise-prompting, rhetoric, critical analysis, craft exposure); 'otherwise the machine is leading the artist'; parenting: trains his children's eye on outings; corroborates xiNHfB8FVwY taste thesis 4 days earlier"
yt-jX6RuXhlnss,video,Forget Your Epic Origin Story. Do This Instead.,@thefutur,https://www.youtube.com/watch?v=jX6RuXhlnss,NA,2026-07-14,skipped,1,,"no-captions (3x caption-fetch fail; peers fetched OK, not global rate-limit)"
yt-xiNHfB8FVwY,video,Narrative Branding: Stories That Sell,@thefutur,https://www.youtube.com/watch?v=xiNHfB8FVwY,2023-11-01,2026-07-14,L2,2,branding;business;mindset;content-strategy,"Guest Michael Margolis (Storied, 'Story 10x') primary=context/do-not-train (story-vs-narrative, SFB method, character-trumps-credentials); back half = live workshop ON Chris's business -> RICH Chris material: ★★ BRAND LAB PIVOT (creatives->business people; 'helping left-brainers think right'; mortgage brokers/lawyers/realtors; community resistance; Robin Hood corporate-subsidy model; marketplace hint), ★ Professor Hulk integration metaphor (fullest in corpus), ★ meaning of 'The Futur' + sign-off as rallying cry, ★ taste-as-AI-moat, ★ 'now I'm at the table, I can open the door'; research-is-where-innovation-dies; Trump-as-brand (de-politicized by Chris)"
yt-4-IfoPdE678,video,Surprising Tip for Authentic CONNECTION W/ Karen Eber,@thefutur,https://www.youtube.com/watch?v=4-IfoPdE678,NA,2026-07-14,skipped,2,,MEMBERS-ONLY video (Patron Member tier or higher). Paywalled behind channel membership; cannot be ingested.
yt-213bWotMOCI,video,Mastering Narratives for Effective Brand Storytelling,@thefutur,https://www.youtube.com/watch?v=213bWotMOCI,NA,2026-07-14,skipped,2,,MEMBERS-ONLY video (Patron Member tier or higher). Paywalled behind channel membership; cannot be ingested.
yt-m4OB_5wyWa8,video,Entrepreneurship and ADHD = SUPERPOWERS,@thefutur,https://www.youtube.com/watch?v=m4OB_5wyWa8,2023-10-29,2026-07-14,L2,2,mindset;business,Abby Lemon ADHD-coach guest interview; guest fenced; Jose Caballer 2014 board-of-directors story + FOCUS acronym + silence belief ★L3-candidate
yt-5xjAXZUo7Dc,video,This Common Mistake Holds Back Your Creative Business,@thefutur,https://www.youtube.com/watch?v=5xjAXZUo7Dc,2023-10-27,2026-07-14,L1,2,,no-captions (no subtitles available)
yt-huzWAPpgsHM,video,Personal Branding— Purpose Map Full Webinar,@thefutur,https://www.youtube.com/watch?v=huzWAPpgsHM,NA,2026-07-14,skipped,2,,MEMBERS-ONLY video (Patron Member tier or higher). Paywalled behind channel membership; cannot be ingested.
yt-wsg7hZMKnW4,video,Do This Before Your Next Client Call & Close More Sales,@thefutur,https://www.youtube.com/watch?v=wsg7hZMKnW4,2023-10-24,2026-07-14,L1,2,,no-captions (no subtitles available)
yt-jUHRI5eqmqo,video,How To Give A Killer Presentation or Workshop!,@thefutur,https://www.youtube.com/watch?v=jUHRI5eqmqo,2023-10-22,2026-07-14,L1,2,,no-captions (no subtitles available)
yt-Abi8kwkfZbA,video,Don't Justify Your Prices. Do This Instead.,@thefutur,https://www.youtube.com/watch?v=Abi8kwkfZbA,2023-10-19,2026-07-14,L2,1,pricing;sales-clients;business,L3-candidate: have-to-have vs nice-to-have + never-cede-higher-ground; 18 quotes
yt-MbGVbB5mkzA,video,How To Amplify Your Influence 2023 w/ Rene Rodriguez (full edit),@thefutur,https://www.youtube.com/watch?v=MbGVbB5mkzA,2023-10-17,2026-07-14,L1,2,,no-captions (no subtitles available)
yt-Nvo6X0jqFF4,video,How to Start Your Presentation & Keep Their Attention!,@thefutur,https://www.youtube.com/watch?v=Nvo6X0jqFF4,NA,2026-07-14,skipped,2,,MEMBERS-ONLY video (Patron Member tier or higher). Paywalled behind channel membership; cannot be ingested.
yt-17yxO8wZlq0,video,3-Steps To Transform BORING Answers Into Captivating Stories,@thefutur,https://www.youtube.com/watch?v=17yxO8wZlq0,NA,2026-07-14,skipped,2,,MEMBERS-ONLY video (Patron Member tier or higher). Paywalled behind channel membership; cannot be ingested.
yt-0MGRQVqaD_0,video,Are You Sabotaging Your Business? W/ @Ayman Al-Abdullah,@thefutur,https://www.youtube.com/watch?v=0MGRQVqaD_0,2023-10-08,2026-07-14,L1,2,,no-captions (no subtitles available)
yt-pRo-XyZ596Y,video,"Serve One, Not All: The Key to Big Profits",@thefutur,https://www.youtube.com/watch?v=pRo-XyZ596Y,2023-10-05,2026-07-14,L1,2,,no-captions (no subtitles available)
yt-FojaPHZmTX4,video,Rock Your Portfolio w/ Stephanie Owens (Course Promo),@thefutur,https://www.youtube.com/watch?v=FojaPHZmTX4,2023-10-04,2026-07-14,L1,2,,no-captions (no subtitles available)
yt-MxASvlf5Ikk,video,Public Speaking Coach Uses Stress to Stimulate The Brain w/ Rene Rodriguez,@thefutur,https://www.youtube.com/watch?v=MxASvlf5Ikk,NA,2026-07-14,skipped,2,,MEMBERS-ONLY video (base membership). Paywalled behind channel membership; cannot be ingested.
yt--d73AK5j6f8,video,Harnessing AI for Creative Success: Strategies and Stories (Whiteboad Session),@thefutur,https://www.youtube.com/watch?v=-d73AK5j6f8,2023-09-30,2026-07-14,L1,2,,no-captions (no subtitles available)
yt-tJAY8xZPxnI,video,FBI Negotiations Tactics w/ Chris Voss,@thefutur,https://www.youtube.com/watch?v=tJAY8xZPxnI,NA,2026-07-14,skipped,2,,MEMBERS-ONLY video (base membership). Paywalled behind channel membership; cannot be ingested.
yt-upGBP3ccCZI,video,Can YOU Make $100k A Year?,@thefutur,https://www.youtube.com/watch?v=upGBP3ccCZI,NA,2026-07-14,skipped,2,,MEMBERS-ONLY video (Patron Member tier or higher). Paywalled behind channel membership; cannot be ingested.
yt-1eDCyVRUgJs,video,Why You're Not Getting Clients on LinkedIn,@thefutur,https://www.youtube.com/watch?v=1eDCyVRUgJs,2023-09-24,2026-07-14,L1,2,,no-captions (no subtitles available)
yt-mY5J26E1Bhs,video,Brand Identity Design w/ Made By James (Course Promo),@thefutur,https://www.youtube.com/watch?v=mY5J26E1Bhs,2023-09-21,2026-07-14,L1,2,,no-captions (no subtitles available)
yt-6I8DlQSQCLo,video,How AI Will Revolutionize the Creator Economy,@thefutur,https://www.youtube.com/watch?v=6I8DlQSQCLo,NA,2026-07-14,skipped,2,,MEMBERS-ONLY video (Patron Member tier or higher). Paywalled behind channel membership; cannot be ingested.
yt-KQZIwwDYUZc,video,How To Use LinkedIn to Get More Clients,@thefutur,https://www.youtube.com/watch?v=KQZIwwDYUZc,2023-09-16,2026-07-14,L1,2,,no-captions (no subtitles available)
yt-6563I1q9kZ0,video,Your Future Life Coach Might Not Be Human,@thefutur,https://www.youtube.com/watch?v=6563I1q9kZ0,2023-09-14,2026-07-14,L1,2,,no-captions (no subtitles available)
yt-b-y51Li7Bgs,video,Convert clicks into customers!,@thefutur,https://www.youtube.com/watch?v=b-y51Li7Bgs,2023-09-10,2026-07-14,L2,2,branding;content-strategy,"guest interview (Amanda Webb, spiderworking.com); Chris thin — paradox-of-choice callback, Adobe MAX + Atomicon bio beats"
yt-bc6KY73H8Zo,video,Elevating Your Personal Brand with Style,@thefutur,https://www.youtube.com/watch?v=bc6KY73H8Zo,2023-09-08,2026-07-14,L1,2,,no-captions (no subtitles available)
yt-mSktTXT3n7w,video,Metrics to Money: How to Achieve Data-Driven Success,@thefutur,https://www.youtube.com/watch?v=mSktTXT3n7w,NA,2026-07-14,skipped,2,,MEMBERS-ONLY video (Patron Member tier or higher). Paywalled behind channel membership; cannot be ingested.
yt-2MCyY7WCl0M,video,How To Leverage A.I Art Tools For Success,@thefutur,https://www.youtube.com/watch?v=2MCyY7WCl0M,2023-09-05,2026-07-14,L1,2,,no-captions (no subtitles available)
yt-phg5M9mIKKg,video,Why I Cloned Myself using AI,@thefutur,https://www.youtube.com/watch?v=phg5M9mIKKg,2023-09-03,2026-07-14,L2,2,business;mindset;pricing,Sho.ai interview (dobot AI-clone); Chris solo on AI-ethics+citing-sources+Avengers bio; guest fenced
yt-gzoOGK4DEyM,video,This ONE skill could make you RICH!,@thefutur,https://www.youtube.com/watch?v=gzoOGK4DEyM,2023-09-01,2026-07-14,L1,2,,no-captions (no subtitles available)
yt-DyjMYv2aPQ4,video,Is THIS The Future Of Graphic Design?,@thefutur,https://www.youtube.com/watch?v=DyjMYv2aPQ4,2023-08-30,2026-07-14,L1,2,,no-captions (no subtitles available)
yt-rFz80GrU7Gg,video,Use This Technique To Grow Your Creative Business,@thefutur,https://www.youtube.com/watch?v=rFz80GrU7Gg,2023-08-27,2026-07-14,L1,2,,no-captions (no subtitles available)
yt-f3rEtqlMxrU,video,Creating Demand: Sell Out Every Time!,@thefutur,https://www.youtube.com/watch?v=f3rEtqlMxrU,2023-08-26,2026-07-14,L1,2,,no-captions (no subtitles available)
yt-vuwakdStwkk,video,Painless Pricing: Simplify the Process of Pricing Your Creative Work!,@thefutur,https://www.youtube.com/watch?v=vuwakdStwkk,2023-08-23,2026-07-14,L1,2,,no-captions (no subtitles available)
yt-fM-Emc75FEA,video,What You Missed In Graphic Design & Concepting (Masterclass 3/3),@thefutur,https://www.youtube.com/watch?v=fM-Emc75FEA,2023-08-22,2026-07-14,L2,2,design-craft;mindset,masterclass Pt3of3 (conceptual design/semiotics); ★ L3-candidate w/ Pt1+2
yt--_GaSasjJuU,video,The Rolex Effect: How Rolex Branded Your Brain!,@thefutur,https://www.youtube.com/watch?v=-_GaSasjJuU,2023-08-20,2026-07-14,L1,2,,no-captions (no subtitles available)
yt-ctgZ-7WTL5A,video,Apple's $2.65 Trillion Marketing Strategy,@thefutur,https://www.youtube.com/watch?v=ctgZ-7WTL5A,NA,2026-07-14,skipped,2,,MEMBERS-ONLY video (Patron Member tier or higher). Paywalled behind channel membership; cannot be ingested.
yt-ITcFFuKO2pU,video,How Typography Elevates Design from Good to Great (Masterclass Part 2/3),@thefutur,https://www.youtube.com/watch?v=ITcFFuKO2pU,2023-08-15,2026-07-14,L2,2,design-craft;mindset,"typography masterclass Pt2/3; good-to-great, contrast is Queen; L3-candidate"
yt-H5yR-_pPhkQ,video,How To Charge More for Graphic Design,@thefutur,https://www.youtube.com/watch?v=H5yR-_pPhkQ,2023-08-12,2026-07-14,L2,2,pricing;sales-clients;mindset;business,charge-more: value/self-worth over craft (circa-2016 tape); L3-candidate
yt-7MB_nwvmB-E,video,Emmy Winning Designer SHARES 3 SKILLS To Go From An AVERAGE To GREAT Designer (Part 1of3),@thefutur,https://www.youtube.com/watch?v=7MB_nwvmB-E,2023-08-08,2026-07-14,L2,2,design-craft;sales-clients;mindset;business,masterclass Pt1of3: skill#1 listening over exploration; L3-candidate
yt-Zxu1NWKbPZ8,video,How To Communicate Honesty More Effectively,@thefutur,https://www.youtube.com/watch?v=Zxu1NWKbPZ8,NA,2026-07-14,skipped,2,,MEMBERS-ONLY video (Patron Member tier or higher). Paywalled behind channel membership; cannot be ingested.
yt-jhjyQxJ1NpM,video,Grow YOUR Design Agency in Under 2 Hours @Hoodzpah,@thefutur,https://www.youtube.com/watch?v=jhjyQxJ1NpM,2023-08-06,2026-07-14,L2,2,pricing;business;sales-clients;branding;mindset,Do interviews Hoodzpah twins (guests); value-based pricing
yt-MHTX7OtmPEw,video,Unlocking Business Growth: Expert Advice for Entrepreneurs,@thefutur,https://www.youtube.com/watch?v=MHTX7OtmPEw,2023-08-03,2026-07-14,L2,2,sales-clients;business;mindset;pricing;content-strategy,"solo Q&A: referrals, coaching, owner presence, switch-verticals; L3-candidate"
yt-83wF6D8r7wo,video,How To Land Big Brands,@thefutur,https://www.youtube.com/watch?v=83wF6D8r7wo,2023-08-01,2026-07-14,L2,2,sales-clients;content-strategy;business,landing big-brand clients; Hoodzpah guest panel (Do framing)
yt-nhfG_k0GvY4,video,How To Handle Rejection When Communicating (Masterclass w/ Chris Voss),@thefutur,https://www.youtube.com/watch?v=nhfG_k0GvY4,2023-07-31,2026-07-14,L2,2,sales-clients;mindset;business,"Chris Voss rejection masterclass; guest-fenced, Do framing only"
yt-oFOCYklFCiY,video,How To Find Your Next Mentor & Business Coach,@thefutur,https://www.youtube.com/watch?v=oFOCYklFCiY,NA,2026-07-14,skipped,2,,MEMBERS-ONLY video (Patron Member tier or higher). Paywalled behind channel membership; cannot be ingested.
yt-BHqb2j7mFwE,video,How to Get Clients Without a Portfolio,@thefutur,https://www.youtube.com/watch?v=BHqb2j7mFwE,2023-07-28,2026-07-14,L2,2,sales-clients;business;mindset;content-strategy,"clients without portfolio: gaps diagnostic, do-more-than-10; Hoodzpah-guest"
yt-2--Dzf0LPYk,video,3 Ways Tone of Voice Conveys Meaning (Communication Masterclass w/ Chris Voss),@thefutur,https://www.youtube.com/watch?v=2--Dzf0LPYk,NA,2026-07-14,skipped,2,,MEMBERS-ONLY video (Patron Member tier or higher). Paywalled behind channel membership; cannot be ingested.
yt-53a6Ue4yFYI,video,From Struggling to Thriving: My Journey to Business Success,@thefutur,https://www.youtube.com/watch?v=53a6Ue4yFYI,2023-07-24,2026-07-14,L2,2,mindset;business;sales-clients;content-strategy,L3-candidate: solo origin-story (bio self-reported) pitch for Futur Pro Group
yt-iDnEfgAAkBE,video,FBI Negotiator Teaches Art Of Negotiation (Masterclass w/ Chris Voss),@thefutur,https://www.youtube.com/watch?v=iDnEfgAAkBE,2023-07-20,2026-07-14,L2,2,sales-clients;mindset;business,"guest Chris Voss negotiation masterclass; Do hosts, Voss guest-fenced (does not train)"
yt-_TP2i7zFeRA,video,The $312K Coaching Advice That Changed My Life,@thefutur,https://www.youtube.com/watch?v=_TP2i7zFeRA,2023-07-16,2026-07-14,L2,2,sales-clients;business;mindset,L3-candidate: three coach lessons (say-what-you-think/say-no/owner's-power); bio self-reported; solo
yt-rMCaditGH24,video,How to Generate Leads & Get Your 1st Client,@thefutur,https://www.youtube.com/watch?v=rMCaditGH24,2023-07-13,2026-07-14,L2,2,sales-clients;mindset;business;pricing,"L3-candidate: lead-gen & first-client playbook (overflow->brand-strategy pivot); Mo co-host, Chris-heavy"
yt-IVS1yyKpO4E,video,3 Skills YOU Need for Success in the 21st Century,@thefutur,https://www.youtube.com/watch?v=IVS1yyKpO4E,2023-07-09,2026-07-14,L2,2,mindset;content-strategy;business,3 21st-century skills: critical-thinking/learning/rhetoric; short solo clip
yt-zrHbCEbPXak,video,How To Respond To Negative Criticism (Starving Artist VS Creative Entrepreneur),@thefutur,https://www.youtube.com/watch?v=zrHbCEbPXak,2023-07-05,2026-07-14,L2,2,mindset;business;sales-clients;design-craft,reframes money-obsession criticism; Simon's definition of design; solo (Mo facilitates)
yt-BJ7nX1t4g9k,video,"Why Copying Works—Copy, Combine, Transform",@thefutur,https://www.youtube.com/watch?v=BJ7nX1t4g9k,2023-06-29,2026-07-14,L2,2,mindset;design-craft;branding,L3-candidate: reframing value + Shu-Ha-Ri copy-transform-combine mastery; solo workshop
yt-u0laTWsoNvs,video,Sell What Your Clients Think is Valuable?!!,@thefutur,https://www.youtube.com/watch?v=u0laTWsoNvs,2023-06-21,2026-07-14,L2,2,sales-clients;pricing;business;mindset;content-strategy,give-to-get + define client success (two B's); value ladder; solo; 8 Chris quotes
yt-SdCzIDmfDAA,video,The Secret To 'Great' Design Is Simpler Than You Think,@thefutur,https://www.youtube.com/watch?v=SdCzIDmfDAA,2023-06-14,2026-07-14,L2,1,design-craft;mindset,L3-candidate: teaching philosophy + 'do less but do better'; Chris-led critique; 7 quotes
yt-edutpq93RnU,video,How to Unleash YOUR Creative: W/ James Victore,@thefutur,https://www.youtube.com/watch?v=edutpq93RnU,2023-06-11,2026-07-14,L2,2,mindset;design-craft;content-strategy,guest James Victore (context); Chris restates positioning; guest carries substance
yt-hdDP14c3ltY,video,A New Approach To Selling That Makes People Buy — Masterclass w/Matt Essam,@thefutur,https://www.youtube.com/watch?v=hdDP14c3ltY,2023-06-09,2026-07-14,L2,3,sales-clients;business,"ZERO Chris — Chris-absent guest masterclass ('irresistible offer'), deferred once then ingested as required. Presenter NOT NAMED in captions; format matches the matt-essam fence slot but no identity asserted. Ends in a lead-magnet CTA. Chris appears only as a third-party example (2M subs, 'never going to pay Chris a penny') = the guest's characterisation, not his statement. Do not promote."
yt-rmkNaEKC3Ks,video,Why YOUR Opinion doesn't matter!,@thefutur,https://www.youtube.com/watch?v=rmkNaEKC3Ks,2023-06-04,2026-07-14,L2,2,mindset;design-craft,Chris absent - James Victore teaser clip; context/do-not-train
yt-PRpr0_Iz4dI,video,From Boring to Iconic: Designing With Personality,@thefutur,https://www.youtube.com/watch?v=PRpr0_Iz4dI,2023-05-30,2026-07-14,L2,2,branding;design-craft,guest designer (James Victore? uncertain) context; Chris shape-recognition/logo-doesnt-sell-the-car; synth-candidate
yt-s_lOf3PuGeA,video,Use This Simple Tool To Grow Your Creative Business,@thefutur,https://www.youtube.com/watch?v=s_lOf3PuGeA,2023-05-25,2026-07-14,L2,2,sales-clients;business,Chris absent - Futur instructor one-page sales framework; context/do-not-train
yt-0mV67G-XwEU,video,Why Creatives Need to Charge More,@thefutur,https://www.youtube.com/watch?v=0mV67G-XwEU,2023-05-24,2026-07-14,L2,2,pricing;mindset;business;sales-clients,guest Paco de Leon (context); Chris charge-more/hourly-as-habit; L3-candidate
yt--mD5LjAAVxw,video,Is it Better to Charge More or Less?,@thefutur,https://www.youtube.com/watch?v=-mD5LjAAVxw,2023-05-22,2026-07-14,L2,2,pricing;mindset;business,inversion-thinking pricing exercise; charge-more restated; unnamed guest self-worth angle (context)
yt-tsktSqpb-mg,video,AVOID THIS MISTAKE To Achieve Your Full Potential,@thefutur,https://www.youtube.com/watch?v=tsktSqpb-mg,2023-05-18,2026-07-14,L2,2,mindset;business;content-strategy,Chris solo; take-small-steps + three-Ms (Mastery->Media->Monetize); L3-candidate
yt-MCAuYeL4FT4,video,Mastering Personal Branding: From the World's Highest-Paid Female Artist Yayoi Kusama,@thefutur,https://www.youtube.com/watch?v=MCAuYeL4FT4,2023-05-17,2026-07-14,L2,2,branding;content-strategy;mindset,Chris-narrated essay; 6-part personal-branding framework via Yayoi Kusama (Kusama=context); L3-candidate
yt-S8cxfNXlNVQ,video,The Hidden Connection to Financial Success,@thefutur,https://www.youtube.com/watch?v=S8cxfNXlNVQ,NA,2026-07-14,skipped,2,,MEMBERS-ONLY video (Patron Member tier or higher). Paywalled behind channel membership; cannot be ingested.
yt-8vwgUwgH2Js,video,Secret to Running a $1 Million Solo Design Agency,@thefutur,https://www.youtube.com/watch?v=8vwgUwgH2Js,2023-05-12,2026-07-14,L2,2,pricing;sales-clients;business;mindset,guest Brett Williams/DesignJoy $1M solo agency (context); Chris pricing-ladder restates threads
yt-nSQriqU1NOs,video,Find Dream Clients With Engaging Reels,@thefutur,https://www.youtube.com/watch?v=nSQriqU1NOs,2023-05-11,2026-07-14,L2,2,content-strategy;sales-clients,Chris ABSENT; guest letterer (Aurélie Maron?); Reels/personal-projects for clients; context/do-not-train
yt-blcgUkObMCY,video,How to be a Powerful Communicator: w/ Marshall Davis,@thefutur,https://www.youtube.com/watch?v=blcgUkObMCY,2023-05-10,2026-07-14,L2,2,mindset;content-strategy,guest Marshall Davis Jones voice/communication (context); Chris reflects money-fear/storytelling
yt-EWNMNIoQcZw,video,Use this STRATEGY to Grow Your Business on YouTube!,@thefutur,https://www.youtube.com/watch?v=EWNMNIoQcZw,2023-05-07,2026-07-14,L2,2,content-strategy;mindset,guest Sean Cannell YouTube-growth (context); Chris's viral formula (polarizing+emotion+value) eligible
yt-2FyZkBpXwK0,video,The Secret to Winning at Life,@thefutur,https://www.youtube.com/watch?v=2FyZkBpXwK0,2023-05-05,2026-07-14,L2,2,mindset,guest talk Lisa Galea (context); Chris intro-only handoff; goal-setting/behavioral-science; minimal-Chris
yt-DhB4O9tI00Q,video,Will AI End Creative Professions?,@thefutur,https://www.youtube.com/watch?v=DhB4O9tI00Q,2023-05-01,2026-07-14,L2,2,content-strategy;business;mindset;design-craft,"Chris solo AMA (ArtCenter); early-2023 AI stance — augment-not-replace, 'dobot' clone; synth-candidate"
yt-W9D5UmbnYBo,video,Use This Sales Technique To Get More Customers,@thefutur,https://www.youtube.com/watch?v=W9D5UmbnYBo,2023-04-29,2026-07-14,L2,2,sales-clients;business,speaker unverified (context); short give-value/discovery sales thread; do-not-train
yt-36Ec8svtemI,video,How to Start Your YouTube Journey as a Creative Entrepreneur,@thefutur,https://www.youtube.com/watch?v=36Ec8svtemI,2023-04-28,2026-07-14,L2,2,content-strategy;mindset,NOT Chris; unnamed guest (Think-Media style); YouTube-start AVLS/ASQ; context/do-not-train
yt-kTFhQf5_RxI,video,Raising Your Graphic Design Rates from $2k to $5k,@thefutur,https://www.youtube.com/watch?v=kTFhQf5_RxI,2023-04-24,2026-07-14,L2,1,pricing;business;sales-clients,"L3-candidate: raise-rate-to-raise-client-quality ladder; guest DesignJoy (context, uncertain); 6 Chris quotes"
yt-T1VouJBUODM,video,How to Break Your Habits and Achieve Excellence in Business,@thefutur,https://www.youtube.com/watch?v=T1VouJBUODM,2023-04-18,2026-07-14,L2,2,mindset;business,scripted essay (Jobs/Musashi); narrator unconfirmed; context/do-not-train
yt-mrJUiIItRKo,video,Adversity Makes Your Story Great,@thefutur,https://www.youtube.com/watch?v=mrJUiIItRKo,2023-04-17,2026-07-14,L2,2,branding;content-strategy;mindset,Chris solo; adversity-as-story; hero-vs-villain; L3-candidate
yt-utOyWSf_Pwo,video,"Purpose Is Motivational, Impact Is Measurable with Kevin Finn (some explicit language)",@thefutur,https://www.youtube.com/watch?v=utOyWSf_Pwo,2023-04-13,2026-07-14,L2,2,branding;mindset;sales-clients,guest Kevin Finn (context); brand-vs-business; Chris restates
yt-5NUeELlfJLY,video,Pitching Your Way to Success: Secrets from a PR Expert,@thefutur,https://www.youtube.com/watch?v=5NUeELlfJLY,2023-04-12,2026-07-14,L2,2,content-strategy;branding;sales-clients,guest Lucy Werner (context); Chris pitching/verification; L3-candidate
yt-Xzlv_KHIIUM,video,Brand Principles For The 21st Century with Kevin Finn (some explicit language),@thefutur,https://www.youtube.com/watch?v=Xzlv_KHIIUM,2023-04-11,2026-07-14,L2,2,branding;business;mindset,guest Kevin Finn talk (context); brand-vs-branding; Chris silent
yt-2-hq5Pk4ghk,video,3 Common Business Mistakes That Entrepreneurs Make,@thefutur,https://www.youtube.com/watch?v=2-hq5Pk4ghk,2023-04-10,2026-07-14,L2,2,business,NOT Chris; unnamed UK guest; agency mistakes; context/do-not-train
yt-_QL89EOFnNQ,video,5 Minute Guide To Personal Branding By Embracing Vulnerabilities,@thefutur,https://www.youtube.com/watch?v=_QL89EOFnNQ,2023-04-07,2026-07-14,L2,2,branding;mindset,find-your-gift Venn + 100-list; vulnerabilities>superpower; L3-candidate
yt-m0ylqR7IaFo,video,Know How To Say No,@thefutur,https://www.youtube.com/watch?v=m0ylqR7IaFo,2023-04-04,2026-07-14,L2,2,sales-clients;mindset,saying-no gracefully; language-as-shield; L3-candidate
yt-wiu5Efx029s,video,Personal Branding: Unmask Your Unique Identity,@thefutur,https://www.youtube.com/watch?v=wiu5Efx029s,2023-04-02,2026-07-14,L2,2,branding;content-strategy,Chris solo (cutdown from longer personal-brand talk); brand-STORY STRUCTURE via Spider-Man/Stan Lee — character-want-obstacle + hero's-journey (backstory->inciting-incident->relapse->resurrection); 'vulnerabilities not superpowers make you interesting'; Godin niche-specificity; extends pass-11 superhero story-template; L3-candidate
yt-0begsejrxjI,video,Developing a Winning Brand Strategy,@thefutur,https://www.youtube.com/watch?v=0begsejrxjI,2023-03-31,2026-07-14,L2,2,branding;business,"Futur podcast interview — Chris HOST, guest Micah Salidis (Director Creative Strategy, Trollback+Company)=brand-strategy voice/context/do-not-train (authenticity-as-workaround-word, 'we're X not Y', 47-stakeholder-interviews, Marvel pitch); Chris host lines restate existing (Godin, Paul Rand); Brand-Strategy-Method already covered; fence"
yt-YxORHjBUDEg,video,"Customers, Not Companies, Create the Brand",@thefutur,https://www.youtube.com/watch?v=YxORHjBUDEg,2023-03-30,2026-07-14,L2,2,branding,"NOT CHRIS — guest-dominated (speaker 'Kevin', line 86; 2nd voice unnamed interviewer poss Chris); brand-vs-branding + 'customers/society create the brand' restates Neumeier gut-feeling (already in branding); context/do-not-train, attribution uncertain"
yt-_fIIa6FeFAY,video,"How To Make Your First $100,000 (Masterclass)",@thefutur,https://www.youtube.com/watch?v=_fIIa6FeFAY,2023-03-28,2026-07-14,L2,2,business;pricing;sales-clients;mindset,"Chris solo Futur Pro masterclass 'first $100K / 100-to-100 challenge'; $10k/mo x 10mo math, hourly-vs-deliverable-vs-hybrid pricing, labor-vs-volume QUADRANT, Minimum-Level-of-Engagement, close-ratio->x10 lead-gen FUNNEL math, referral/networking/inbound-outbound; self-contained first-$100K SYSTEM; L3-candidate"
yt-HUfNu9nywuQ,video,Freelancing Secrets— w/ Jamie Brindle & Paul Mikhay,@thefutur,https://www.youtube.com/watch?v=HUfNu9nywuQ,2023-03-26,2026-07-14,L2,2,business;sales-clients;content-strategy;mindset,"Guest panel — Jamie Brindle (freelance educator)=context + Paul Mikhaylov (host)=context; only Chris trains but STRONG restatement (designer-vs-artist, freelancer-vs-independent-business-owner, hunter/farmer, specialize-to-remove-competition, persona/shadow, work-life-integration, 'selling time is antiquated'); no new doctrine; fence"
yt-FuXJln-UtNQ,video,Mastering Communication: The Key to Success in Life and Business,@thefutur,https://www.youtube.com/watch?v=FuXJln-UtNQ,2023-03-23,2026-07-14,L2,2,sales-clients;mindset;content-strategy,"Guest interview — Vinh Giang (@askvinh, magician->communication keynote coach) does the teaching (voice-as-instrument, 3 tips, vocal-fry, storytelling)=context/do-not-train; Chris=host only (framing asides restate existing); poss sibling of hiYvvhoFYak; fence"
yt-hiYvvhoFYak,video,3 Ways To Improve Communication Instantly,@thefutur,https://www.youtube.com/watch?v=hiYvvhoFYak,2023-03-22,2026-07-14,L2,2,mindset;sales-clients;content-strategy,"Chris solo (verified); 3 communication tips — (1) RECORD-AND-REVIEW self-diagnosis drill (audio-only/video-only/transcript, red-highlight filler+non-words), (2) ESL-teacher grammar fix for non-native speakers, (3) mindset: speech=changeable behaviors; Ways 1-2 new reproducible protocols; L3-candidate; voice data"
yt-9X0ECHByVJ0,video,Run your freelance business like a PRO,@thefutur,https://www.youtube.com/watch?v=9X0ECHByVJ0,2023-03-21,2026-07-14,L2,2,business;sales-clients,"CAPTION-ONLY-AD: transcript captured is ONLY a Bloom.io CRM sponsor read (code FUTUR30); speaker unverifiable, no teaching in captions; 'Rolex prices/Swatch experience' aphorism appears only as ad hook; context/do-not-train; re-fetch if full video has substantive content"
yt-bI3ooXqax6U,video,How to Build a Strong Personal Brand for Your Business (Explicit Language),@thefutur,https://www.youtube.com/watch?v=bI3ooXqax6U,2023-03-17,2026-07-14,L2,2,branding;content-strategy;mindset,MIXED guest interview — Chris hosts guest Phyllis Williams-Stadler (brand persona); guest=context/do-not-train; Chris reinforces two-word-brand/persona-vs-shadow/one-of-few (already covered); NOT a dup of 81bLdOJwteA/jfidSSYH3_4; fence
yt-iz7q77pKnQg,video,5 Things I Do Every Day To Win New Clients,@thefutur,https://www.youtube.com/watch?v=iz7q77pKnQg,2023-03-16,2026-07-14,L2,2,sales-clients;content-strategy;business,Chris solo; 5-POINT cold/semi-cold OUTREACH CHECKLIST (Reason / genuine Compliment / Anchor=common-ground / Value-about-them / small Ask) to boost response rate; reframe 'not how-do-I-get-a-client but how-do-I-hit-these-5-points'; give-first covered but checklist+'anchor' new; L3-candidate
yt-jfidSSYH3_4,video,Why Authenticity is Key to Building a Strong Brand (Explicit Language),@thefutur,https://www.youtube.com/watch?v=jfidSSYH3_4,2023-03-15,2026-07-14,L2,2,branding;mindset,"NOT CHRIS — guest persona 'Phyllis Williams-Stadler' (ghetto-country-brandmother, AAVE) delivers authenticity/anti-code-switching talk; Chris=interviewer only; dup-of theme branding F27/38 (brand-as-filter/charming-razor-blade); context/do-not-train"
yt-jnbhLAVjFYQ,video,From Cliches to Creativity: Making Your Brand Stand Out,@thefutur,https://www.youtube.com/watch?v=jnbhLAVjFYQ,2023-03-14,2026-07-14,L2,2,branding;design-craft;content-strategy,"Chris solo workshop; two-word brand + escape-cliché (reinforces F10); NEW: noun-as-truth label, brand=hook-not-pitch (headline/subhead/body/CTA rationale), cliché-twist 'known unknown' technique (Sam Horn POP!, 'mess is more'); light-L3"
yt-81bLdOJwteA,video,The Secret to Building a Personal Brand—Reduce Your Market Size & Create Clear Messaging,@thefutur,https://www.youtube.com/watch?v=81bLdOJwteA,2023-03-10,2026-07-14,L2,2,branding;content-strategy;mindset,"Chris solo workshop; 'reduce your market size' niching (reinforces); NEW: critical-thinking coaching move ('how do you know this is true?'), originality-is-fools-errand/remix-through-your-voice, socialized-suppression & inner-parent-voice, hat/style origin anecdote; light-L3 (coaching+suppression)"
yt-CiyNGOIbwcE,video,Attract Customers Like a Magnet: Marketing Strategies To Grow Your Business+Brand (Masterclass 5/5),@thefutur,https://www.youtube.com/watch?v=CiyNGOIbwcE,2023-03-09,2026-07-14,L2,1,content-strategy;branding;business,"L3-candidate: attraction-marketing masterclass 5/5 (Chris solo, host=context); 14 quotes"
yt-4wRaJTFNStE,video,How to Find Your Unique Superpower: A Guide to Self-Discovery,@thefutur,https://www.youtube.com/watch?v=4wRaJTFNStE,2023-03-08,2026-07-14,L2,2,mindset;branding;content-strategy,"Chris interviews guest Michael Ventura (Applied Empathy/ex-Sub Rosa)=context/do-not-train (⚠️ tuba-Savant cold-open clip=Michael not Chris); Chris superpower/gift framing reinforces existing; new phrasings: rungs-of-ladder self-knowledge, 'gift meant to be given', flow-state clue; fence"
yt-Ll4CcmJKXNw,video,Simplifying Success: The One Thing You Need to Do to Succeed,@thefutur,https://www.youtube.com/watch?v=Ll4CcmJKXNw,2023-03-07,2026-07-14,L2,2,mindset;business,"Chris (live event co-host Neil Patel); execution>consumption 'go do something', complexity-is-enemy-of-execution, teach-at-scale, $100k value benchmark; cites Tony Robbins/Patrick Bet-David; bio: '25 years of doing it' (2023), teach-a-billion mission; restatement; fence"
yt-A76eNW_XfWM,video,Create An Offer Customers Can’t Resist That’ll Print Money (Masterclass 4/5),@thefutur,https://www.youtube.com/watch?v=A76eNW_XfWM,2023-03-03,2026-07-14,L2,2,pricing;sales-clients;business,"Chris CONFIRMED (host Mo=context); IRRESISTIBLE-OFFER construction — raise perceived value not cut price, 10x & ÷10 offer-redesign exercises, sell-results-not-hours + client's-time reframe, vertical-integration loss-leader, $500/$5k/$50k 3-tier ladder; cites Hormozi $100M Offers (attributed); L3-candidate"
yt-IOGkznjRKUI,video,Quit Lying Saying You Create Brand Identities,@thefutur,https://www.youtube.com/watch?v=IOGkznjRKUI,2023-03-02,2026-07-14,L2,2,branding;design-craft;mindset,"Chris CONFIRMED (bio fingerprints: Apple 512k since age 20, desktop-publishing at 19, Art Center prof, ~$5k Louis Vuitton, ran debate in Brisbane; unnamed debate partner=context); blunt restatement brand!=identity (real branding needs copywriting/strategy/positioning/product/UX/CX) — reinforces branding F1/24/29/30/32; +confidence-is-intrinsic; L2 not new"
yt-ralyeTQyrMo,video,How To Scale Your Creative Agency To A $1M Business,@thefutur,https://www.youtube.com/watch?v=ralyeTQyrMo,2023-03-01,2026-07-14,L2,2,business,NOT CHRIS — unidentified GUEST presenter promoting own workshop; EOS Visionary-Integrator + Priestley/Wickman boutique-agency scaling to $1M; ends w/ guest workshop CTA; scaling/delegation already covered; context/do-not-train
yt-h30LgLeOx2E,video,How to Start A Career In Design: Tips for Beginners,@thefutur,https://www.youtube.com/watch?v=h30LgLeOx2E,2023-02-27,2026-07-14,L2,2,mindset;design-craft;content-strategy;business,"Chris solo Q&A; escape freelance marketplaces ('welfare system') via radical SPECIALIZATION (what-you-love + who-for, 'comic logo boy' example), focused portfolio, give-value-first word-of-mouth, project-fees-over-hourly; restates specialize-externally; bio: 'he did our channel logo'; L2"
yt-qfA0RkYube8,video,How To Price Your Services To Make MORE Money & Give MORE Value (Masterclass 3/5),@thefutur,https://www.youtube.com/watch?v=qfA0RkYube8,2023-02-23,2026-07-14,L2,2,pricing,"Chris (Mo Ismail co-host=context); value-based pricing RESTATED — labor-theory-of-value/Marx critique, price-as-signal, three-options low/ideal/premium (Ron Baker), Goldilocks/choice-architecture, Hormozi $100M-Offers brick; no new doctrine, consistent w/ value-based-is-current; fresh framings=light-promote for §5"
yt-691Um--5S-8,video,"The Laws of Creativity: Whatever you think, think the opposite. w/Joey Cofone",@thefutur,https://www.youtube.com/watch?v=691Um--5S-8,2023-02-17,2026-07-14,L2,3,mindset;design-craft;business,Joey Cofone (Baron Fig) return interview — guest-dominated for the book. TWO PROVENANCE ITEMS: 'what makes you weird makes you wonderful' explicitly credited to JAMES VICTORE and acknowledged as co-opted+modified from 'what makes you weird as a kid makes you a creative as an adult'; and a FIFTH dated Blair Enns credit ('you can't unpublish a book'). Also 'this is me playing amateur psychoanalyst' as a speculation hedge.
yt-bNgRrcIcaFY,video,From Pushy to Personable: 5 Steps to Sell w/Empathy + Build Lasting Relationships (Masterclass 2/5),@thefutur,https://www.youtube.com/watch?v=bNgRrcIcaFY,2023-02-16,2026-07-14,L2,3,sales-clients;mindset;business,"LANDMARK: the SALES acronym end to end (Serve/Ask/Listen/Empathize/Summarize) WITH the dependency argument; the full closing sequence (summarize > hypothetical close > pause question > 'how might we solve that' > 'is this a deal killer'); customer service = creating a memory; the smash-and-grab time-horizon test; the eight-page notepad. Credits Chris Voss, Kevin Daley, Michael Bungay Stanier, Jordan Peterson, Blair Enns (4th credit). BIO: a client relationship from his early 20s, now a 400-person company. NB distinct from the 2020 six-step process — do not merge."
yt-7RNL_PUPdYE,video,This Sales Method Will Make You $1M,@thefutur,https://www.youtube.com/watch?v=7RNL_PUPdYE,2023-02-14,2026-07-14,L2,2,sales-clients;mindset,Chris solo (Anthony role-play=demo/context); serve-don't-sell + give-value-first-5yr (Hormozi goodwill-bank) + retreat-and-follow 'unsell yourself' exercise + scarcity-vs-long-game; reinforces §1/§10/§12; bio: split w/ selling-obsessed business partner; light
yt-uWX2g0QplSg,video,Feel the Pain,@thefutur,https://www.youtube.com/watch?v=uWX2g0QplSg,2023-02-13,2026-07-14,L2,2,mindset;sales-clients,"Chris solo; sales/motivation — pain-felt x outcome-clarity drives action, sellers under-sell COST-OF-INACTION, 'why not do nothing?' diagnostic Q, recommends book Socratic Selling; light-promote candidate (why-not-do-nothing); no bio"
yt-29bjanWPthk,video,Super Bowl Halftime Show EXPOSED: Artists Work In Exchange For Exposure. Is it worth it?,@thefutur,https://www.youtube.com/watch?v=29bjanWPthk,2023-02-12,2026-07-14,L2,2,pricing;sales-clients;mindset,"Super Bowl halftime 'work for exposure' VIDEO-ESSAY; narrator UNVERIFIED (Futur editorial, do-not-train-voice, attribution uncertain); restates existing exposure-is-an-act/free-work doctrine (pricing §32); no new concept; context"
yt-rrn1evbEBb8,video,Why You Should Always Bet on Yourself!,@thefutur,https://www.youtube.com/watch?v=rrn1evbEBb8,2023-02-10,2026-07-14,L2,2,mindset;branding;business,"Guest interview Vince Labon (footwear designer, Roley/Rolly Nation founder)=context/do-not-train; Chris reframes (cost-of-not-living-dreams, people-buy-meaning/identity, commercial-vs-artist friction, representation) restate existing; bio: taught private arts school ~$22k/sem; fence"
yt-UipGxBdYdVA,video,Master THIS To Get More Customers (Masterclass 1/5),@thefutur,https://www.youtube.com/watch?v=UipGxBdYdVA,2023-02-09,2026-07-14,L2,2,sales-clients;mindset;pricing,"Masterclass 1/5; Chris teaches (host Mo=team/context); buying-psychology (identity/tribe signaling, current->desired reality, reduce-pain/increase-gain, narrow-your-market) + FOCUS=Follow-One-Course-Until-Successful + Allan Dib laser quote; restatement, no new framework; fence"
yt-nruy_Il03Bw,video,$3.6m Idea Over Dinner—Time To Execute,@thefutur,https://www.youtube.com/watch?v=nruy_Il03Bw,2023-01-31,2026-07-14,L2,2,business;mindset,"Chris first-person STORY: unpaid Eric Siu/Leveling Up talk -> Beverly Hills speaker dinner w/ Alex Hormozi & founders (2023); guest 'Sam' hands him mastermind model (100 members x $36k/yr=$3.6M, weekly Zoom AMA, waitlist deposit)=guest-attributed context; Chris mindset=manifestation/only-look-for-big-solutions/million-$-ideas-only + trade-unpaid-work-for-proximity-to-HNW; L3-candidate (mindset + bio)"
yt-D5-iOFia6h4,video,How to Get Paid More & Reduce Competition—Niche!,@thefutur,https://www.youtube.com/watch?v=D5-iOFia6h4,2023-01-26,2026-07-14,L2,2,branding;pricing;sales-clients,"Chris solo niching lecture; niche=premium/broad=commoditized, specificity ladder, GP-vs-leukemia-specialist analogy, scarcity->value; mostly dup of branding F27-29/F34 specialize-externally; only 'symmetry of logic' phrasing possibly-new (voice); fence"
yt-Yv8lpauoBYo,video,How to Script a YouTube Video That Keep 'Em hooked,@thefutur,https://www.youtube.com/watch?v=Yv8lpauoBYo,2023-01-24,2026-07-14,L2,2,content-strategy,"Chris solo (verified, 'our retention graph'); YouTube-SCRIPTING framework — 'storytelling is delaying' + the 30-second hook + soft-vs-hard CTA discipline; genuinely-new Chris-taught; L3-candidate"
yt-bkZ_xujsENM,video,The Creator's Blueprint for Building a Brand in the Attention Economy—Masterclass with Alex Antolino,@thefutur,https://www.youtube.com/watch?v=bkZ_xujsENM,2023-01-20,2026-07-14,L2,2,branding;content-strategy;mindset,"Guest Alex Antolino (ex-Typeform/VideoAsk creator) primary=context/do-not-train ('attention is the new oil'); Chris co-host trains: creator-PARTNERING rules (give money/no-micromanagement/vet-values), execution->output->numbers beginner metrics, MrBeast/Witherspoon attention cases; bio: Futur 2.02M subs targeting 3M (Jan 2023); light"
yt-K2j_lN6PdjU,video,Build A Bigger Following On Social Media w/ Dakota Robertson,@thefutur,https://www.youtube.com/watch?v=K2j_lN6PdjU,2023-01-17,2026-07-14,L2,2,content-strategy;mindset,"GUEST Dakota Robertson (ghostwriter/social growth); Dakota frameworks=context/do-not-train (viral formula, paid retweets, 3 content pillars, copy rules, pricing); Chris trains only interviewing craft + framing asides (1%-compounding, control-what-you-can, credits Blair Enns 'all strategy is autobiographical'); fence"
yt-TVqXHVCmfHE,video,Why Customers Buy (Marketing Fundamentals),@thefutur,https://www.youtube.com/watch?v=TVqXHVCmfHE,2023-01-12,2026-07-14,skipped,2,,STUCK-RETRY: persistent 429 across 3 batches (Why Customers Buy / Marketing Fundamentals); parked to stop clogging batch selection; flip back to L0 for a retry sweep later
yt-85vZjyKzGdw,video,Hire Better: Ask This One Question To Find The Perfect Match,@thefutur,https://www.youtube.com/watch?v=85vZjyKzGdw,2023-01-10,2026-07-14,L2,2,business;mindset,"Chris (verified, Blind/boot-camp bio); HIRING mechanism — design ~5 no-right-answer 'Scruples' ethics scenarios, score 1-10 (max 50), hire best-relative-fit NOT perfect score; for management roles; resumes/referrals dismissed; slow-to-hire/quick-to-fire; process-vs-non-process split; the HOW behind hire-for-values; L3-candidate"
yt-kQTk9LoPJFY,video,4 Steps To Grow Your Twitter Following w/ Dakota Robertson,@thefutur,https://www.youtube.com/watch?v=kQTk9LoPJFY,2023-01-09,2026-07-14,L2,2,content-strategy,"GUEST Dakota Robertson (Twitter-growth/ghostwriter); guest-dominated=context/do-not-train (viral formula, headlines, 5th-grade language, top-of-funnel, fitness=long-game); Chris=host only, no trainable claim; fence"
yt-ZpNYtq0IZIY,video,"You Are Not Selling A Commodity, You Just Lack Imagination",@thefutur,https://www.youtube.com/watch?v=ZpNYtq0IZIY,2023-01-05,2026-07-14,L2,2,branding;pricing;sales-clients,"Chris CONFIRMED (Adobe Max keynote solo); commodity-vs-differentiation / positioning-premium (reinforces branding F29) + race-to-bottom/value-pricing; ⚠️ TITLE line 'no commodity just lack of imagination' is RON BAKER's (Chris credits him); fresh illustrations (lettuce->Wolfgang Puck kit, framed stock cert, 'charge more for money'); cites Baker/Neumeier/Drucker; no new framework but good voice data; light"
yt-eBNMhkDrxcY,video,Twitter Growth Hack Strategy 2023 (Easy Method),@thefutur,https://www.youtube.com/watch?v=eBNMhkDrxcY,2023-01-03,2026-07-14,L2,2,content-strategy,"GUEST-led Twitter growth (unnamed ghostwriter, likely Dakota Robertson, uncertain)=context/do-not-train (paid retweets/distribution, 3-pillar/3-content-type, transformation storytelling, retweet price sheet $10-200, agency origin $11k/mo in 28d); Chris=interviewer only; fence"
yt-eTVvHeaSlt4,video,Procreate Calligraphy Tutorial — Snooze One (interview & live demo),@thefutur,https://www.youtube.com/watch?v=eTVvHeaSlt4,2022-12-29,2026-07-14,L2,3,design-craft,"Guest lettering demo (Snooze One, Berlin) — guest-dominated craft. Kept for build-up vs experimental lettering distinction, 'put in a couple of years practice', and Instagram discovery driving guest booking (2022)."
yt-o8IdDEJym1U,video,5 Money Rules To Make More Money In 2023,@thefutur,https://www.youtube.com/watch?v=o8IdDEJym1U,2022-12-27,2026-07-14,L2,1,mindset;business,L3-candidate: 5 money rules (delegate/value-price/focus/money-talk/invest); 14 quotes
yt-pwyilOrVen4,video,How To Get Better Clients - That Pay You MORE!,@thefutur,https://www.youtube.com/watch?v=pwyilOrVen4,2022-12-21,2026-07-14,L2,2,sales-clients;pricing,"Chris live coaching demo; NEW angle=goal-setting FRONT-END to client selection ('make better wishes'/One Thing genie framing — make your OWN goal specific+measurable as prereq to attracting better clients); 'when you say it you're selling, when they say it you're closing' + price-first trap = restatement; light L3"
yt-RS8Mc0QWswc,video,Using Customer Feedback To Build A Better Business,@thefutur,https://www.youtube.com/watch?v=RS8Mc0QWswc,2022-12-20,2026-07-14,L2,2,business;content-strategy;sales-clients,"GUEST-led — John D. Saunders (5Four Digital/blackillustrations.com) presents PMF + customer-feedback 6-step process=context/do-not-train; Chris hosts, only interjects elevator problem-reframe + shiny-object-syndrome + TikTok-vs-Meta; fence"
yt-Q9Ze8KJtbVI,video,Marketing Vs. Advertising— Email Marketing Strategy (2023),@thefutur,https://www.youtube.com/watch?v=Q9Ze8KJtbVI,2022-12-19,2026-07-14,L2,2,content-strategy;sales-clients;branding,"Chris solo (verified); marketing-vs-advertising via Seth Godin PERMISSION MARKETING (This Is Marketing/Permission Marketing), value-before-ask, love-to-buy-hate-to-be-sold, cart-abandonment study-the-marketers method; cites Godin/Rohn/Ziglar; solid restatement not new framework; fence/light"
yt-6Thuc_W_dDU,video,5 Books That Made Me A Millionaire (Must Read Books 2023),@thefutur,https://www.youtube.com/watch?v=6Thuc_W_dDU,2022-12-15,2026-07-14,L2,1,mindset;business;sales-clients,L3-candidate: 5 books + takeaways (Enns/Neumeier/Rohn/Stanier/Daley); 11 quotes
yt--kPkQX8cX50,video,What To Do When People Say 'I Can't Afford You',@thefutur,https://www.youtube.com/watch?v=-kPkQX8cX50,2022-12-12,2026-07-14,L2,2,pricing;sales-clients,"UNVERIFIED, likely NOT Chris (funnel-CTA 'apply for my Workshop for creative agencies' + British idioms = Futur guest coach); 'I can't afford you' objection (acknowledge->Socratic probe->present-vs-future-income reframe->graduated 'grandfathered' payments); already covered; context/do-not-train (flip if confirmed Chris)"
yt-2sf54bS99D8,video,5 Sales Skills & Tips To Close More Sales,@thefutur,https://www.youtube.com/watch?v=2sf54bS99D8,2022-12-08,2026-07-14,L2,2,sales-clients,"Chris solo; 5 sales-call skills: ask-open-not-leading-Qs, actually-listen/take-notes/play-back, don't-close-too-early, filter-for-client-fit, TONE OF VOICE (Chris Voss 'late-night FM DJ voice', slow/low register)=genuinely NEW; #1-4 restate existing; L3-candidate (tone-of-voice)"
yt-Qn5PPMhHkXM,video,How I Scaled My Creative Agency To $80M Business,@thefutur,https://www.youtube.com/watch?v=Qn5PPMhHkXM,2022-12-01,2026-07-14,L2,1,business;mindset,L3-candidate: Blind scaling (I-do/We-do/You-do) + biography; 80M self-reported; 16 quotes
yt-v8rfMt87Lb8,video,How to Craft a Story Brand That People Remember,@thefutur,https://www.youtube.com/watch?v=v8rfMt87Lb8,2022-12-01,2026-07-14,L2,2,branding;content-strategy;mindset,"Chris solo (confirmed, autobiog); PERSONAL-BRAND STORY TEMPLATE — origin-story/defining-moment/transformed (hero's journey) + world-building via allies AND villains ('no true fans without true critics'); Spider-Man/Campbell/MCU lens; new piece=crisp 3-part template + superhero-IP framing; L3-candidate"
yt-_1z-_VuImVg,video,5 Ways to find Success & Passion in life (2023),@thefutur,https://www.youtube.com/watch?v=_1z-_VuImVg,2022-11-25,2026-07-14,L2,2,mindset;business;content-strategy,"Chris solo; 5-STEP DIRECTION framework: pick 3-5yr goal, count 15-25 competitors (David C. Baker viable-market rule), reverse-engineer a role model (Jim Rohn success-leaves-clues) into 5 things, do-easiest-first-for-momentum, invest in skills/books (syntopical reading, absorb-to-teach); bio: After Effects student-feature -> first LA studio leads; L3-candidate"
yt-BnrZIDTyE6o,video,Design Thinking To Get Paid To Solve Problems,@thefutur,https://www.youtube.com/watch?v=BnrZIDTyE6o,2022-11-23,2026-07-14,L2,2,pricing;design-craft;business;sales-clients,"MIXED — framework GUEST-led (Black Illustrations founder, likely Jordan Walker=context/do-not-train: problem/solution def, target-audience 3Q, Airtable keyword-mining); Chris only interjects elevator/mirror reframe (What's Your Problem?); no new Chris material; no pricing mechanics despite title; fence"
yt-Dr4Ux8_mfU8,video,How & When To Raise Your Rates (The 3x Rule),@thefutur,https://www.youtube.com/watch?v=Dr4Ux8_mfU8,2022-11-22,2026-07-14,L2,2,pricing;mindset,Chris solo workshop; NEW THREE-YESES RULE (3 yeses in a row -> raise price); close-rate >60-70%=underpricing signal; raise 2x-not-10x but don't inch up; supply/demand (supply of you=1); if too many no's->create-more-value/become-the-person; growing-or-dying (cites Hormozi $100M Offers); L3-candidate
yt-b5OtiUpNvqs,video,3 Pricing Strategies - How To Price Your Service 2024,@thefutur,https://www.youtube.com/watch?v=b5OtiUpNvqs,2022-11-17,2026-07-14,L2,2,pricing;business,"Chris solo; 3 PRICING MODELS as career-stage/risk LADDER: (1) hourly/day-rate input (freelancer) (2) fixed-fee/project output (agency-of-one, pad 10-100% over cost) (3) outcome/value-based (usage/licensing/%-of-value) + 4th royalty/profit-participation; wheat->pie analogy; 'graduate from hourly'; $4-6M design firm bio; L3-candidate (unified ladder + 10-100% markup rule)"
yt-zidMCJU9GjA,video,Win Customers' Hearts With Data—Google's Neil Hoyne Masterclass,@thefutur,https://www.youtube.com/watch?v=zidMCJU9GjA,2022-11-15,2026-07-14,L2,2,content-strategy;business,"Guest masterclass Neil Hoyne (Google Chief Measurement Strategist, Converted); Neil frameworks=context/do-not-train (CLV, dating-analogy, thank-you-page Qs); Chris trains only small nuggets: intuition-beats-TubeBuddy titling (~75%/48h), ~800k IG (2022-11), COO Ben data-narrative; fence"
yt-Sc-vYp58iuM,video,What Clients Do UX Designers Work With?,@thefutur,https://www.youtube.com/watch?v=Sc-vYp58iuM,2022-11-14,2026-07-14,L2,2,design-craft;sales-clients,NOT CHRIS — Futur UX course (unnamed female instructor); freelance UX clients=startups + design-centered businesses; context/do-not-train
yt-5AfQm-90loU,video,Understanding Your Customer Needs Through Data,@thefutur,https://www.youtube.com/watch?v=5AfQm-90loU,2022-11-09,2026-07-14,L2,2,business;content-strategy,"NOT CHRIS — data/online-ads guest interview (same guest as LhPx0AdCBK8); customer needs via questions, volume!=relationship, EA 16-ads case; context/do-not-train"
yt-ehO7rxx-PgM,video,What Does A UX Designer Do?,@thefutur,https://www.youtube.com/watch?v=ehO7rxx-PgM,2022-11-08,2026-07-14,L2,2,design-craft,"NOT CHRIS — Futur UX course (unnamed female instructor); role of UX designer = gather+synthesize info, not 'convince'; context/do-not-train"
yt-LhPx0AdCBK8,video,Data Driven Marketing: How to Make Better Decisions,@thefutur,https://www.youtube.com/watch?v=LhPx0AdCBK8,2022-11-07,2026-07-14,L2,2,business;content-strategy,"NOT CHRIS — data/online-ads guest interview (COO 'Ben', not fully named); data-driven decisions 'better not perfect', confirmation-bias experiment; Chris=likely interviewer; context/do-not-train"
yt-WhQP6dVNsNA,video,UX Design—Heuristics & Mental Shortcuts,@thefutur,https://www.youtube.com/watch?v=WhQP6dVNsNA,2022-11-03,2026-07-14,L2,2,design-craft,NOT CHRIS — Futur UX course (unnamed female instructor); heuristic evaluation (Nielsen Norman 10 heuristics); context/do-not-train
yt-g8y6yV3VTcA,video,Why Simple is Better — The Paradox of Choice,@thefutur,https://www.youtube.com/watch?v=g8y6yV3VTcA,2022-11-01,2026-07-14,L2,2,design-craft,"NOT CHRIS — Futur UX course (unnamed female instructor + 2nd male voice, attribution uncertain); Hick's Law / paradox of choice / jam study; context/do-not-train"
yt-q-ntX8ky_8M,video,Dark Patterns—Designed For Manipulation,@thefutur,https://www.youtube.com/watch?v=q-ntX8ky_8M,2022-10-28,2026-07-14,L2,2,design-craft,NOT CHRIS — Futur UX course (unnamed female instructor); dark patterns / ethical-vs-manipulative design; context/do-not-train
yt-9-iOpXEJYBw,video,This CEO Predicted Remote Work Back In 2013,@thefutur,https://www.youtube.com/watch?v=9-iOpXEJYBw,2022-10-27,2026-07-14,L2,2,business;mindset,"NOT CHRIS — remote-work guest interview; guest CEO strongly inferred Jason Fried (37signals, co-author Remote 2013, not named on-transcript); resilience/async/hire-anywhere; Chris=likely interviewer; context/do-not-train"
yt-oCrPS-g8kmQ,video,Write Better Copy For Conversions— Masterclass w/ Neville Medhora,@thefutur,https://www.youtube.com/watch?v=oCrPS-g8kmQ,2022-10-25,2026-07-14,L2,2,content-strategy;business,"Guest masterclass w/ Neville Medhora (Kopywriting Kourse/ex-AppSumo)=context/do-not-train (all copywriting/newsletter/AI frameworks); Chris trains only: LIVE-AUDIO advocacy (Twitter Spaces/LinkedIn='no place to hide'), Pro Group growth stat (under 300->over 670 largely via live audio), educator/content-creator self-description; fence"
yt-V28lNZWLbCA,video,Using Social Media Trends To Write Better,@thefutur,https://www.youtube.com/watch?v=V28lNZWLbCA,2022-10-20,2026-07-14,L2,2,content-strategy,"NOT CHRIS — Neville Medhora copywriting clip (speaks of 'Christo' in 3rd person): split-testing skepticism, AAA test, sender-reputation>subject-line, trend-tracking, shorter-is-better; Chris=interviewer only; context/do-not-train"
yt-IE48mhwUJH8,video,What's Your Incentive For Copywriting?,@thefutur,https://www.youtube.com/watch?v=IE48mhwUJH8,2022-10-18,2026-07-14,L2,2,content-strategy;branding;business,"Copywriting-masterclass clip; core teaching=GUEST direct-response copywriter (likely Neville Medhora, uncertain)=context/do-not-train (brain-to-brain, info-compression, DR-vs-creative incentives, Ogilvy); Chris trains only ad-agency/graphic-design background + advertising-shapes-culture; fence"
yt-C3WN_1Vs45M,video,Think Media’s $1M Branding Bet To Get Gary Vee—Did It Pay Off?,@thefutur,https://www.youtube.com/watch?v=C3WN_1Vs45M,2022-10-13,2026-07-14,L2,2,branding;content-strategy;mindset,"Chris hosts Sean Cannell on Think Media's ~$915k GaryVee brand-play event; Sean's story=context/do-not-train; Chris trains only: steady-vs-big-bet risk temperament, GaryVee authenticity critique, Q&A/hosting craft, 'focus' one-word lesson; fence"
yt-HLIdlToUMJw,video,Three Critical Steps To Learning,@thefutur,https://www.youtube.com/watch?v=HLIdlToUMJw,2022-10-12,2026-07-14,L2,2,mindset;design-craft;content-strategy,Chris solo whiteboard; 3-step LEARNING framework (reflect/implement/share) on a quality-of-input/single-tasking base; output>input; 'illusion of knowledge' (consumption vs implementation); names George Paku; cleaner articulation of learn-by-modeling+five-ingredients+share-to-learn; light L3
yt-lBEtIMqHykY,video,Starting a Creative Business: Real Talk w/ Chris Franklin,@thefutur,https://www.youtube.com/watch?v=lBEtIMqHykY,2022-10-11,2026-07-14,L2,2,business;mindset;pricing;sales-clients,"Full episode; Chris DO=host (trains), Chris FRANKLIN=guest videographer (context/do-not-train) — TWO Chrises, don't collapse; Chris Do coaching: entrepreneur-as-teacher, anchoring/silence + 'yes-too-fast=ceiling-too-low', closing-the-gap delegation, 30% budget rule, outside-matches-inside abundance, partnership-caution; mostly restatement; light L3; same interview as 2022-10-04-oR_XG5Ju_W4"
yt-QHSGKo1XKyM,video,Selling: Why You Aren't Closing Any Clients,@thefutur,https://www.youtube.com/watch?v=QHSGKo1XKyM,2022-10-10,2026-07-14,L2,2,sales-clients;mindset,Chris coaching mentee Phil; BELIEF-FIRST diagnosis of why deals don't close — belief->feeling->action->result chain (why-you're-not-closing is a BELIEF problem not tactics); 2-person LinkedIn self-fulfilling-prophecy demo; extends to self-worth->revenue; L3-candidate
yt-S6WLkgPlssk,video,3 Lessons Learned From A Failed Business Partnership,@thefutur,https://www.youtube.com/watch?v=S6WLkgPlssk,2022-10-06,2026-07-14,L2,2,business;mindset,"⚠️ NOT Chris's partnership — guest interview; guest (also named Chris=Chris Franklin) tells 3 lessons from splitting with HIS co-founder; Chris Do hosts/coaches (entrepreneur=teacher, anchoring/silence, closing-the-gap restatements); DO-NOT confuse w/ Chris Do's own 3-partnerships (2019-05-07-2sqUDzorHLU); guest bio=do-not-train; no new Chris biography; fence"
yt-oR_XG5Ju_W4,video,Risk Is Part Of Success Formula,@thefutur,https://www.youtube.com/watch?v=oR_XG5Ju_W4,2022-10-04,2026-07-14,L2,2,mindset;business,"NOT CHRIS — guest videographer/filmmaker (name uncertain); risk/discomfort-as-growth, self-belief, $20k-day-rate/value-based-pricing self-report; host likely Chris but unconfirmed (prompts only); context/do-not-train"
yt-Lhseljh_mnw,video,Easy Way To Market Yourself To Win More Clients,@thefutur,https://www.youtube.com/watch?v=Lhseljh_mnw,2022-10-03,2026-07-14,L2,2,content-strategy;sales-clients,"NOT CHRIS — unidentified British guest presenter (own book/workshops promo); marketing=talk-to-symptoms-not-solutions + AIDA + 3 problem-awareness layers (known-spoken/known-unspoken/unknown-unspoken) via dishwasher story; context/do-not-train, attribution uncertain"
yt-qCZq6N6W9SE,video,"If You're Scared To Spend, You'll Never Profit w/ Sean Cannell",@thefutur,https://www.youtube.com/watch?v=qCZq6N6W9SE,2022-09-29,2026-07-14,L2,2,business;mindset,"Guest interview Sean Cannell; ~95% Sean=context/do-not-train (big-bets/'scared money don't make money', proximity/'caught not taught', David's-Mighty-Men, Chalene/Brett-Johnson mentors); Chris=interviewer question only; fence"
yt-Nr7sVF6Lc7Y,video,"The Longer You Wait, The Less Opportunity There Is w/ Sean Cannell",@thefutur,https://www.youtube.com/watch?v=Nr7sVF6Lc7Y,2022-09-27,2026-07-14,L2,2,content-strategy;mindset,"Guest interview Sean Cannell (Think Media); ~95% Sean=context/do-not-train (booking GaryVee as $75k/$150k brand play, 'lead Domino' leverage, intentional-risk-sizing, Benjamin Hardy); Chris=host prompts + 1 attribution-uncertain opinion (un-promoted); fence"
yt-TB54_6bEP-A,video,What Makes People Buy? Price & Value Masterclass w/ Ron Baker,@thefutur,https://www.youtube.com/watch?v=TB54_6bEP-A,2022-09-22,2026-07-14,L2,1,pricing;business;sales-clients,guest masterclass Ron Baker (context/INFLUENCE - Chris credits Baker+Blair Enns for VBP); 6 Chris quotes
yt-lM9ARssrJdE,video,Design Services as a Subscription Model? w/ Ron Baker,@thefutur,https://www.youtube.com/watch?v=lM9ARssrJdE,2022-09-20,2026-07-14,L2,2,pricing;business;sales-clients,"Guest interview Ron Baker; ~95% Ron=context/do-not-train (subscription 'value pricing 2.0', transactional->relational, annuity/concierge, Porsche-Drive/Summit-CPA examples); Chris trains only 'bodily-resistance-to-idea=it's-powerful' heuristic; companion to 2022-09-22 Baker masterclass; fence"
yt-ouvA3Pnmpac,video,How To Sell Anything To Anyone w/ Ron Baker,@thefutur,https://www.youtube.com/watch?v=ouvA3Pnmpac,2022-09-15,2026-07-14,L2,2,pricing;sales-clients;mindset,"Guest interview Ron Baker (VeraSage/value-pricing); Ron=context/do-not-train (brand-as-promise, 'I'm not buying your costs', double-thank-you, just-price/Aquinas, self-esteem=first-sale, certificates-of-performance); Chris=interviewer only (Apple-premium/unfair-price/self-esteem Qs, affirms buyer-determined-value); ⚠️ do NOT launder Ron's frameworks into Chris; fence"
yt-Pf1LkjhhYs4,video,You're Stronger Than You Think w/ Ryan Blair,@thefutur,https://www.youtube.com/watch?v=Pf1LkjhhYs4,2022-09-13,2026-07-14,L2,2,mindset,"Guest interview Ryan Blair (ViSalus/Alter Call), host=Chris (confirmed); Ryan=do-not-train (reinvention/resistance/attention-theft/suffering-as-teacher, son's-autism-recovery + $792M-sale self-reports); only minor Chris host asides (first-gen immigrant, dad-of-two=already-known) trainable; part 2 of 09-06; fence"
yt-3Dz60fW7bSI,video,How To Become The Person You've Always Wanted To Be,@thefutur,https://www.youtube.com/watch?v=3Dz60fW7bSI,2022-09-08,2026-07-14,L2,2,mindset,NOT CHRIS (host likely Chris but unverified) — guest Ryan Blair (Alter Call) on reinvention/identity/resistance/focus; sibling of 2022-09-06 same guest; context/do-not-train
yt-dF1jhPzfpmc,video,Turn Pain Into Prosperity,@thefutur,https://www.youtube.com/watch?v=dF1jhPzfpmc,2022-09-06,2026-07-14,L2,2,mindset,"NOT CHRIS (host not verified as Chris) — guest interview: Ryan Blair (ViSalus founder/CEO, ex-gang) tells adversity-to-entrepreneurship story; all substantive content guest-attributed; context/do-not-train"
yt-qA0p3lf8m98,video,Hire People For Values Not Just For Skill,@thefutur,https://www.youtube.com/watch?v=qA0p3lf8m98,2022-09-01,2026-07-14,L2,2,business;sales-clients,dup-of:2022-08-22-yt-Zl2NEKUCZSg (Joana Galvao masterclass excerpt); Chris hiring-for-values monologue (train skills/screen for values/work-ethic/curiosity/hunger + business-as-parenting) — persona-relevant but already covered in parent; Joana content=context/do-not-train; fence/dup
yt-hb1UQlfBNKk,video,"3 Networking Strategies That Landed This Designer A $50,000 Client W/ Joana Galvao",@thefutur,https://www.youtube.com/watch?v=hb1UQlfBNKk,2022-08-30,2026-07-14,L2,2,sales-clients;content-strategy,"NOT CHRIS — guest/member designer success story (addresses Chris in 2nd person); 3 referral tactics via 3rd-party frameworks (Dean Jackson nine-word email, Phil Jones dream-client ask, Selena Soo big-fish networking); $30k funnel+$3k ads=0 clients; context/do-not-train"
yt-HnrcBS_2RU0,video,Building An Audience of 20 Million In 1 Year - Masterclass with Jake Fellman,@thefutur,https://www.youtube.com/watch?v=HnrcBS_2RU0,2022-08-25,2026-07-14,L2,2,content-strategy;business;mindset,"Guest masterclass w/ Jake Fellman (3D artist ~10M YT/~11M TikTok in ~15mo on Shorts); most content Jake's=context/do-not-train; Chris trains: NATIVE-LANGUAGE repurposing doctrine (post same vertical video everywhere but in each platform's native format to train the algorithm), pricing (call-me-for-market-rate), iceberg+Dip+GaryVee-frugality; marginal L3 (repurposing doctrine)"
yt-Zl2NEKUCZSg,video,Become A Lead Generation Machine (Easy Way To Get More Clients) Masterclass w/ Joana Galvao,@thefutur,https://www.youtube.com/watch?v=Zl2NEKUCZSg,2022-08-22,2026-07-14,L2,1,business;sales-clients;content-strategy,guest masterclass Joana Galvao (context); 5 Chris quotes
yt-1YEJ_PN-HNM,video,YouTube Shorts 10m Subs In One Year – The Genius Of Jake Fellman,@thefutur,https://www.youtube.com/watch?v=1YEJ_PN-HNM,2022-08-18,2026-07-14,L2,2,content-strategy;mindset,"Guest interview; Jake Fellman (short-form animator ~10M subs)=context/do-not-train; Chris=host framing only (Seth Godin The Dip, professional-vs-amateur, opportunity-knocking); nothing new; no L3"
yt-jrJ_HFQ3cEU,video,Solving Your Clients UX Design Challenges,@thefutur,https://www.youtube.com/watch?v=jrJ_HFQ3cEU,2022-08-16,2026-07-14,L2,2,design-craft,NOT CHRIS — guest-led UX tutorial by Vincent Brethwaite (InVision head of global leadership); heuristic evaluation methodology; Chris does not speak; context/do-not-train
yt-t1ggWMNshsY,video,From Broke College Student to Living Richly at 24 as a Full Time Creator (w/ Jake Fellman),@thefutur,https://www.youtube.com/watch?v=t1ggWMNshsY,2022-08-16,2026-07-14,L2,2,mindset;pricing;business,"Guest 3D-artist success story ('Jake', self-taught, marketing grad, $1k first job undersold->$25k deal, ~10M YT/~11M TikTok self-reported)=context; host=Chris (verified); Chris trains only: know-market-rate/anti-undersell + don't-blow-it-like-broke-athletes wealth warning; not L3"
yt-s9YsIgBX5jg,video,Science of Social Media Marketing - Masterclass w/ Brendan Kane,@thefutur,https://www.youtube.com/watch?v=s9YsIgBX5jg,2022-08-11,2026-07-14,L2,1,content-strategy;business,guest masterclass Brendan Kane (context); 4 Chris quotes
yt-Lty8_Qi9R2A,video,Engineer Videos To Go Viral w/ Brendan Kane (One Million Followers),@thefutur,https://www.youtube.com/watch?v=Lty8_Qi9R2A,2022-08-09,2026-07-14,L2,2,content-strategy;business,"Guest masterclass w/ Brendan Kane (One Million Followers/Hook Point); ~95% Kane=context/do-not-train (research-first, gold/silver/bronze, contextualize-for-wide-audience); Chris=host, 2 framing Qs only; no L3"
yt-0kVR17hqLSo,video,Quality vs Quantity on YouTube—What Brendan Learned Getting 1 Million Followers,@thefutur,https://www.youtube.com/watch?v=0kVR17hqLSo,2022-08-04,2026-07-14,L2,2,content-strategy;business,"NOT CHRIS — guest Brendan Kane (Hookpoint) teaches quality-over-quantity/performance-drivers/side-by-side-coaching; Chris hosts, reframes as evergreen 'facts/fun/feelings' (not new); clip of 2022-08-11 masterclass; context/do-not-train"
yt-zafDOeWNAxg,video,Personal Branding Masterclass w/ Daniel Priestley,@thefutur,https://www.youtube.com/watch?v=zafDOeWNAxg,2022-08-02,2026-07-14,L2,2,branding;business;content-strategy,"Guest masterclass ~90% Daniel Priestley=context/do-not-train (5 Ps, product ecosystem, 7hr/11-touchpoint math, ScoreApp/Dent bio); Chris trains only: Socratic-restatement/metaphor method, dislike-of-funnels, billion-people mission, + NEW disclosure The Futur's own 40Q/4-outcome SCORECARD (credited COO Ben Burns); marginal L3 (Futur scorecard)"
yt-WxWjt6_-waY,video,Is Having a Personal Brand & Building Influence Important in 2022,@thefutur,https://www.youtube.com/watch?v=WxWjt6_-waY,2022-07-28,2026-07-14,L2,2,branding;content-strategy,NOT CHRIS — clip of guest Daniel Priestley: personal brand + Key Person of Influence (5 Ps: pitch/publish/product/profile/partnership; functionality-vs-vitality; Eiffel-Tower ecosystem); Chris interviews only; context/do-not-train
yt-K0OYp2Drupg,video,Consistent Content Leads To Consistent Growth,@thefutur,https://www.youtube.com/watch?v=K0OYp2Drupg,2022-07-26,2026-07-14,L2,2,content-strategy;branding,NOT CHRIS — clip of guest Daniel Priestley (Key Person of Influence): prolific-beats-perfect + Dunbar/7hrs/11-touchpoints; interviewer possibly Chris but no original claim; context/do-not-train; ⚠️ quality-vs-frequency tension flagged
yt-IRrecMyTDgE,video,How To Tell A Great Story with Kindra Hall,@thefutur,https://www.youtube.com/watch?v=IRrecMyTDgE,2022-07-21,2026-07-14,L2,2,content-strategy;sales-clients;mindset,"Chris interviews Kindra Hall (guest=context: four-component framework, bioavailable/story-wrapping); Chris-TRAINS material genuinely new — his 'normal->explosion->new normal' story arc, everyday-conflict/life-and-death-feel reframe, dialogue+sensory+struggle craft checklist, 'propaganda piece' authenticity tell, self-IDs introvert; L3-candidate (his storytelling pedagogy)"
yt-uQqkZFn1xpg,video,Stories Need This One Thing,@thefutur,https://www.youtube.com/watch?v=uQqkZFn1xpg,2022-07-19,2026-07-14,L2,2,content-strategy,NOT CHRIS — clip of Kindra Hall (Stories That Stick): emotion is the one essential story ingredient but can be small/everyday not trauma; Chris interviewer only; context/do-not-train; story-formula already covered
yt-7lELTWI2PoQ,video,How To Close More Deals,@thefutur,https://www.youtube.com/watch?v=7lELTWI2PoQ,2022-07-18,2026-07-14,L2,2,sales-clients,"NOT CHRIS — course-promo trailer for Futur 'Creating Effective Sales Presentations' workshop; speaker=Ocean Design founder/CEO (guest, name garbled); no Chris content, no actual closing tactic; context/do-not-train"
yt-4-C7IPMao1g,video,Overcome Your Fear of Sales—Reframe 'Sell' To 'Help',@thefutur,https://www.youtube.com/watch?v=4-C7IPMao1g,2022-07-17,2026-07-14,L2,2,sales-clients;mindset,"Chris (Greg Gunn outro=context); overcome fear of sales — harder-you-sell-fewer-clients; erase 'sell'->'help' word-swap; trust=the-currency, every word/action fills/drains a 'bucket of trust'; helping sometimes=decline/refer; anti-Wolf-of-Wall-Street; reinforces serve-don't-sell w/ new packaging; L3-candidate (light)"
yt-VSDT8VmzzHI,video,How To Charge For Design Thinking,@thefutur,https://www.youtube.com/watch?v=VSDT8VmzzHI,2022-07-15,2026-07-14,L2,2,pricing;business,"Chris solo (first-person 'I typically charge $150,000'); pricing design-thinking value/scope-based; HARD ANCHORS $50k/2wk, $150k/8-10wk (research+workshop+strategy); unbundle prep/workshop/post-workshop-reporting; plugs Design Thinking Guidebook; L3-candidate (hard price anchors)"
yt-_dkGyynJaX0,video,Public Speaking Tip For Introverts,@thefutur,https://www.youtube.com/watch?v=_dkGyynJaX0,2022-07-14,2026-07-14,L2,2,mindset;content-strategy,"Two-speaker interview; Chris frames Q (self-IDs introvert; reaffirms existing introvert material, not new) + unnamed guest storytelling coach (extrovert, friend of Susan Cain)=context/do-not-train delivers the 'open-with-a-prepared-story' tip; caption fix Susan Cain (Quiet); fence"
yt-2vvVWJlY-0E,video,When Should You Change Careers?,@thefutur,https://www.youtube.com/watch?v=2vvVWJlY-0E,2022-07-12,2026-07-14,L2,2,mindset;content-strategy;business,"Chris (off-cam interviewer Qs=context); 3-stage career-pivot origin (commercials->branding->education, 'exchanged one master for another'), 'canary in the coal mine' non-attachment, teaching-as-calling->sought-business-model->Futur; ~15yr teaching Art Center/Otis; no family named; L3-candidate (biography+beliefs)"
yt-esqoKMQSEbo,video,Don't Do This When You Give A Presentation,@thefutur,https://www.youtube.com/watch?v=esqoKMQSEbo,2022-07-07,2026-07-14,L2,2,content-strategy;sales-clients;mindset,"Chris + unnamed guest/co-host (attrib uncertain, guest=context); presentation over-delivery failure mode, narrow-to-2-3-takeaways, over-prepare-then-edit (Cleese 'trim the fat'), 'middle-shelf' (Joel Pilger=guest), curse-of-knowledge-as-teaching (Chris); NEW angle vs Pitch This! (keynote/teaching not client pitch); L3-candidate"
yt-1UDnJL_CxjI,video,Is Remote Work The Future? Jason Fried's Prediction Comes True 2022,@thefutur,https://www.youtube.com/watch?v=1UDnJL_CxjI,2022-07-05,2026-07-14,L2,2,business;mindset,"Interview; Jason Fried (Basecamp/Rework/Remote)=guest/do-not-train (remote-work-as-resilience, async/trust, hire-anywhere, service->product, quality-of-an-hour); Chris=interviewer, few trainable interjections (service-vs-product culture, delegation email, owner-ego); Greg Gunn promo; guest-dominated, fence"
yt-Qowvab8In-E,video,Making Money With No Clients,@thefutur,https://www.youtube.com/watch?v=Qowvab8In-E,2022-07-01,2026-07-14,L2,2,business;content-strategy,"NOT CHRIS — Stephanie Owens (Futur/Gold Sheep) solo short; income-stream diversification (art licensing no-following-needed, products/digital/teaching, audience-building); workshop promo; multi-income already covered; context/do-not-train"
yt-NClPY12YRYU,video,How To Be Inspired By Nature,@thefutur,https://www.youtube.com/watch?v=NClPY12YRYU,2022-06-30,2026-07-14,L2,2,design-craft;mindset,Chris solo (co-host 1 Q; Greg Gunn outro=context) — TRAINS; design inspiration from OUTSIDE your industry (nature/architecture/furniture/rocks/ceramics); creativity=connecting-disparate-things (farther apart=more creative); copying-to-learn vs creating; L3-candidate
yt-Olqmivbfls8,video,Urgency Is Overrated,@thefutur,https://www.youtube.com/watch?v=Olqmivbfls8,2022-06-28,2026-07-14,L2,2,mindset;business,"Interview clip; primary speaker=Basecamp co-founder (likely Jason Fried, inferred/not-named)=do-not-train; 'urgency is overrated/ASAP is poison' async/no-meetings/8h-uninterrupted doctrine is GUEST's; Chris=interviewer only (Drucker cite + pandemic deep-work reflection); fence"
yt-6IbV3sEmjWs,video,Find Your Creative Focus,@thefutur,https://www.youtube.com/watch?v=6IbV3sEmjWs,2022-06-23,2026-07-14,L2,2,mindset;content-strategy;branding,NOT CHRIS — Stephanie Owens (Gold Sheep/Futur); focus-not-niche explainer (3 axes: industry/skill/market) + passion-project portfolios; ⚠️ distinct from Chris's specialize-externally; context/do-not-train
yt-1PW3tPqcwCs,video,Stop Apologizing For Being Your True Authentic Self,@thefutur,https://www.youtube.com/watch?v=1PW3tPqcwCs,2022-06-21,2026-07-14,L2,2,mindset;branding;content-strategy,"Chris first-person monologue (off-cam interviewer prompts only); authenticity/self-acceptance; design-as-self-discovery/identity-building; 'charming razor blade' brand; 'they understand me perfectly, not misunderstand' reframe; bio (childhood invisibility, ~20yr commercials, wife unnamed); caption fix Petrula Vrontikis; L3-candidate"
yt-4kVo2YEzPqQ,video,The psychological trick behind getting people to say yes 2022,@thefutur,https://www.youtube.com/watch?v=4kVo2YEzPqQ,2022-06-16,2026-07-14,L2,2,sales-clients;mindset,"Chris (Greg Gunn outro=context); persuasion mechanics — retreat-and-follow (Blair Enns/WWP) half-step, kill-engagement-3x, Jonathan Stark 3 why-Qs (why-this/why-now/why-me -> prospect sells self), Chris Voss calibrated-Qs caveat (use 'what' not 'why'); L3-candidate; refs Blair Enns/Jonathan Stark/Chris Voss"
yt-Oe86p6woLUw,video,Finding Your Creative Voice,@thefutur,https://www.youtube.com/watch?v=Oe86p6woLUw,2022-06-15,2026-07-14,L2,2,design-craft;branding;content-strategy;mindset,"NOT CHRIS — Stephanie Owens (Gold Sheep/Futur), Chris never appears; 'creative cocktail' voice framework (craft+character/culture+conquests=content), narrow craft/lean-on-personality/pick-niche; context/do-not-train"
yt-vgipZ-i6P34,video,3 Steps To Landing Dream Clients,@thefutur,https://www.youtube.com/watch?v=vgipZ-i6P34,2022-06-08,2026-07-14,L2,2,sales-clients;content-strategy,NOT CHRIS — Stephanie Owens (Gold Sheep Design / Futur copywriter) promo for her Dream Project Workshop; Make-it/Market-it/Monetize-it framework; Chris absent; context/do-not-train; distinct from Dan Mall love-letter
yt-KYGX3GOc4VU,video,A Guide for Solving Design Problems,@thefutur,https://www.youtube.com/watch?v=KYGX3GOc4VU,2022-06-07,2026-07-14,L2,2,design-craft;business,NOT CHRIS — Design Thinkers Guidebook PROMO voiceover (unnamed Futur narrator); team-led design-thinking series marketing; context/do-not-train
yt--1WFrLBTcko,video,"Overcoming Stress, Anxiety w/ Artist Kyle T Webster (Good Human)",@thefutur,https://www.youtube.com/watch?v=-1WFrLBTcko,2022-05-28,2026-07-14,L2,2,mindset;pricing;business;sales-clients,"Guest interview; Chris (host) interviews illustrator Kyle T Webster on stress/anxiety; delicate attribution (high agreement) — only Chris's lines train (overdelivering-trap->edit-down, curse-of-knowledge, aftertalk introvert energy, double-the-budget-to-find-ceiling pricing, spec-portfolio defense, IP-packaging 2nd-income); ALL Kyle bio+advice (Kyle Brush/Adobe, 'ask for more', switchboard trick)=context/do-not-train; reinforcing, fence"
yt-_oE_sCepq1g,video,Carlos Segura Asks Difficult Questions (90 mins),@thefutur,https://www.youtube.com/watch?v=_oE_sCepq1g,2022-05-17,2026-07-14,L2,2,mindset;business;sales-clients;branding;content-strategy,"90-min Carlos Segura interview; Chris=interviewee (TRAINS), Carlos=context; RICH new biography (Saigon/refugee, US 1975 age~3, brothers unnamed, Art Center UPS-scholarship, ~15yr Art Center/Otis teaching, Blind 20+yr->Futur, YouTube at 42, Futur 2022 $4.5M/18-staff/VCs-inbound); beliefs (freedom=success, failure=info, awards-for-clients, reactions=mirror, 'charming razor blade', 'I'll try not to be an ass' contract line); ⚠️ 'three-truths-one-lie' — anniversary/'24yrs married' story is the ADMITTED LIE, do NOT train; family names withheld; L3-candidate (landmark biography)"
yt-6fcQjN4VCPY,video,"Limiting Beliefs, Behaviors—Do This Instead",@thefutur,https://www.youtube.com/watch?v=6fcQjN4VCPY,2022-05-15,2026-07-14,L2,2,mindset;pricing;sales-clients,"Chris Pro Group Q&A; scarcity->abundance — keep expenses low/live like a startup so you can walk away (expense-discipline->negotiation leverage), don't buy status props, mental-health>bad-client-money, 'million-dollar designer' identity reframe, self-worth internal; members+outro=context; mostly reinforcing; L3-candidate (expense-discipline->pricing leverage)"
yt-E5I7SsYVMgE,video,Why Your Brand Needs a POV,@thefutur,https://www.youtube.com/watch?v=E5I7SsYVMgE,2022-05-12,2026-07-14,L2,2,branding;content-strategy,"Chris solo; why a brand needs a POV/personality; company-voice felt stifling, first-person 'I' liberated The Futur's voice; Wendy's/Arby's positioning; personal-voice-vs-company-voice split; Greg Gunn outro=context; L3-candidate"
yt-lpwjLPhYfew,video,What To Do When Someone Copies Your Work,@thefutur,https://www.youtube.com/watch?v=lpwjLPhYfew,2022-05-05,2026-07-14,L2,2,mindset;design-craft;content-strategy;business,"Chris solo; copycat-response framework — being copied=proof you're the leader, don't police it; Phase 1 out-execute fast, Phase 2 teach/sell templates & monetize imitators; 'they copy your output not your process'; admits copying carousels from Michael Janda; L3-candidate"
yt-apxLAVE2ZI4,video,All You Need To Know About Sales In Under 3 Minutes,@thefutur,https://www.youtube.com/watch?v=apxLAVE2ZI4,2022-04-21,2026-07-14,L2,2,sales-clients,Chris solo monologue; compact restatement of SALES acronym (Serve/Ask/Listen/Empathize/Summarize) + if/then ask-for-the-sale close; not new but excellent clean/punchy VOICE data; cites Brian Collins + Socratic Selling 'full-value listening'; fence
yt-6YFU39Vfw0E,video,How I Got 800K+ Followers on Instagram Organically,@thefutur,https://www.youtube.com/watch?v=6YFU39Vfw0E,2022-04-20,2026-07-14,L2,1,content-strategy;business,L3-candidate: Instagram organic-growth playbook; self-reported metrics; 14 quotes
yt-CMRJEbT135c,video,Local Clients - The best way to grow your business,@thefutur,https://www.youtube.com/watch?v=CMRJEbT135c,2022-04-19,2026-07-14,L2,2,sales-clients;content-strategy,NOT CHRIS — Pro Group cut-down; member testimonial (unnamed Bakersfield creative); Chris referenced 3rd-person as call host; theme=local-clients-underrated/networking/branding-not-deliverables; ends w/ Pro Group promo; context/do-not-train
yt-Xb5wldT512U,video,How Strategy SAVED My Design Business,@thefutur,https://www.youtube.com/watch?v=Xb5wldT512U,2022-04-17,2026-07-14,L1,2,,no-captions (no subtitles available)
yt-l85ZNXnC7A0,video,How To Work With Clients From Other Countries,@thefutur,https://www.youtube.com/watch?v=l85ZNXnC7A0,2022-04-14,2026-07-14,L2,2,sales-clients;business;mindset,"Chris solo; 4 obstacles to cross-border clients: language (learn from natives), culture (an advantage), time zones (work on client's clock), TRUST (biggest — sales process, intl testimonials, referrals, escrow, certifications, small starter project as risk reversal); L3-candidate (international-client framework)"
yt-YAYvQefoqsg,video,How To Improve Your Content,@thefutur,https://www.youtube.com/watch?v=YAYvQefoqsg,2022-04-07,2026-07-14,L2,2,content-strategy;mindset,"Chris solo; content-improvement as science experiment (hypothesis+velocity, iterate 6-8x, read IG engagement data, detach from outcome, live in the dip, five-ingredients); IG carousel over-teaching example; Greg Gunn outro=context; L3-candidate (content-iteration method)"
yt-Beae3jnhaBQ,video,Build your audience on this one principle,@thefutur,https://www.youtube.com/watch?v=Beae3jnhaBQ,2022-03-31,2026-07-14,L2,2,content-strategy;mindset,"Chris solo; 'one principle'=reciprocity (Cialdini Influence) = give-first/karmic-equity ALREADY in content-strategy hub; modestly fresh: giving builds-a-bridge-not-erodes reframe + marketer examples (See's Candies samples, restaurant pre-check bite); restatement, no new; fence"
yt-UZgf2vKSD5I,video,Legal Tax Write-Offs for Designers w/ CPA,@thefutur,https://www.youtube.com/watch?v=UZgf2vKSD5I,2022-03-10,2026-07-14,L2,2,business;wealth,"Guest CPA Hector Garcia (FL, QuickBooks) interview on tax deductions — all tax advice=context/do-not-train (+ CPA disclaimer); Chris persona-eligible ONLY: tax-code=algorithm analogy, document-the-narrative for audit defense, self-reported high-earner defers tax; fence"
yt-Q1FA11412cM,video,How To Get The Highest Quality From iPhone Video,@thefutur,https://www.youtube.com/watch?v=Q1FA11412cM,2022-03-09,2026-07-14,L2,2,content-strategy,"DO-NOT-TRAIN; team-led iPhone-video gear tutorial by Nick Caraz (NOT Chris); exposure lock, HDR/Cinematic caveats, pre-shoot checklist; production-tech, off Chris's domain; context only"
yt-K9Pz3nozdec,video,How To Find Work/Life Balance - Whiteboard Session Edit,@thefutur,https://www.youtube.com/watch?v=K9Pz3nozdec,2022-02-17,2026-07-14,L2,2,mindset;business,"dup-of:2021-10-19-yt-5ZNmZshk8kk; ~5min cutdown of the 90-min work-life whiteboard; same MFP/PSS integration + overlap framework, no new material; Greg Gunn outro=context; light fence"
yt-H5yJNjoM1Ec,video,"Learn to Get Bigger, Better Client Leads",@thefutur,https://www.youtube.com/watch?v=H5yJNjoM1Ec,2022-02-15,2026-07-14,L2,2,sales-clients;content-strategy,"DO-NOT-TRAIN; workshop promo, sole speaker Matt Silderman (Futur educator, NOT Chris); Personal Funnels relationship-based lead-gen pitch; no persona material"
yt-LKgXTGHzH50,video,"Rose, Thorn, Bud – Problem Solving Method",@thefutur,https://www.youtube.com/watch?v=LKgXTGHzH50,2022-02-10,2026-07-14,L2,2,design-craft;business,"DO-NOT-TRAIN; team-led design-thinking tutorial (Rose/Thorn/Bud method: Rose=positives, Thorn=challenges, Bud=latent potential); impersonal instructional voice, NOT Chris; context/method-reference only"
yt-8wf5W9TavmE,video,Design Thinking vs. Problem Solving,@thefutur,https://www.youtube.com/watch?v=8wf5W9TavmE,2022-01-28,2026-07-14,L2,2,design-craft;business;mindset,"DO-NOT-TRAIN; Futur team tutorial (host likely Eric, unconfirmed — NOT Chris); design-thinking-vs-problem-solving follow-up to 2021-10-13 MMouHj75YwQ; context only"
yt-MDa5yuT7dlM,video,Join The Pro Group Waitlist!,@thefutur,https://www.youtube.com/watch?v=MDa5yuT7dlM,2022-01-27,2026-07-14,skipped,2,,Pure product promo (Pro Group waitlist) narrated by marketing coordinator Elle; Chris does not appear; no substantive teaching; skipped
yt-QKE7TrbyrQA,video,Grow Your Business – Business Bootcamp 2022,@thefutur,https://www.youtube.com/watch?v=QKE7TrbyrQA,2022-01-25,2026-07-14,L2,2,business;content-strategy,"PROMO/sales video for Business Bootcamp 2022 (8wk cohort); Chris solo scripted ad copy — fence/do-not-train persona voice; restates known origin (2 big clients->near-bankruptcy->13yr/$250k coach) + self-reported credentials ($80M agency, 2 seven-fig biz, Emmys/D&AD, 15yr teaching); no new framework"
yt-bLVFZRUmocA,video,Finding Your Path,@thefutur,https://www.youtube.com/watch?v=bLVFZRUmocA,2022-01-20,2026-07-14,L2,2,mindset;content-strategy,"Chris solo monologue on finding your path; 'you don't need a grand mission to START, discover it along the way' (or borrow one you believe in, Sinek+Peterson); 21C right-brain-creator shift, dematerialized culture, NFTs/Beeple $69.3M; L3-candidate (purpose reframe); bio (self-reported): owns hundreds of CDs, calls Beeple a friend"
yt-Bi16B8s6XI0,video,Create A Worthy Goal,@thefutur,https://www.youtube.com/watch?v=Bi16B8s6XI0,2022-01-11,2026-07-14,L2,2,mindset;content-strategy,Michael Bungay Stanier workshop (How to Begin) w/ Chris hosting; worthy-goal=thrilling+important+daunting+4-tests is GUEST material (do-not-train); Chris-trainable=five-words-or-less distillation + clarity-then-musicality + Pareto-on-itself (McCartney story); ⚠️ guest anti-SMART vs small-goals; L3-candidate (distillation); entity: Michael Bungay Stanier (context)
yt-udEjBnf02X0,video,"Can You Do It All & Be Successful? Multi-hyphenate, Hybrid Professional",@thefutur,https://www.youtube.com/watch?v=udEjBnf02X0,2021-12-28,2026-07-14,L2,2,mindset;business,NOT CHRIS — coach Matt (likely Matt Essam) + coachee Connor + interviewer Jonah; multi-hyphenate/focus/values-vs-vehicles/say-no; ⚠️ contradicts specialize-externally; context/do-not-train
yt-T13xl4XDFc8,video,How To Get Work & Make More Money,@thefutur,https://www.youtube.com/watch?v=T13xl4XDFc8,2021-12-26,2026-07-14,L2,2,sales-clients;content-strategy;business;mindset,"Chris Q&A/roleplay on getting work & making more money; 3-target-companies + Dan Mall 'love letter', SMART goals + engagement benchmarks, raise-rate-by-phone script, multiple-clients-for-leverage, beginner do-3-6-projects-first, local 'could it be better' opener; restatement, confirming cite; fence"
yt-piwDPirw0E0,video,Dealing With Negative Feedback – Whiteboard Session,@thefutur,https://www.youtube.com/watch?v=piwDPirw0E0,2021-12-21,2026-07-14,L2,2,mindset;content-strategy;design-craft;sales-clients,"Chris solo whiteboard; full guide to giving+receiving FEEDBACK/criticism; NEW frameworks: Criticism=Observation+Judgment, Rosenberg NVC jackal/giraffe, Tony Robbins love-or-cry-for-help, bidirectional Belief-Action-Result triangle, I-statement giving method, 4-quadrant observe->insight->rule->action, learner's mindset; family names withheld; strong L3-candidate"
yt-5ZNmZshk8kk,video,Work Life Balance – 90 min Whiteboard Session,@thefutur,https://www.youtube.com/watch?v=5ZNmZshk8kk,2021-10-19,2026-07-14,L2,2,mindset;business;content-strategy,Chris solo whiteboard (Pro audience=context); canonical work-life INTEGRATION framework (MFP: Money/Fulfillment/Purpose | PSS: People/Self/Spirit | find the overlap); rejects work-life-balance as zero-sum; cites Sinek+Rohn; ⚠️ EVOLUTION vs 2019 compartmentalize; family names withheld; L3-candidate
yt-qq16son-_yA,video,IG Carousel Template Kit by The Futur & Chris Do,@thefutur,https://www.youtube.com/watch?v=qq16son-_yA,2021-10-18,2026-07-14,skipped,2,,"product promo (AIDA-structured voiceover ad) for the IG Carousel Template Kit; all teaching (Janda carousel origin, repurpose keynote decks, 10k/week, AIDA-for-carousels, give-before-pitch) already in content-strategy hub; no new material; skipped"
yt-MMouHj75YwQ,video,Change The Way You Solve Problems Using Design Thinking,@thefutur,https://www.youtube.com/watch?v=MMouHj75YwQ,2021-10-13,2026-07-14,L2,2,design-craft;business;mindset,"DO-NOT-TRAIN; Futur team tutorial hosted by 'Eric' (NOT Chris); design-thinking methodology (Herbert Simon, human-centered process, problem-tree analysis, Washington Monument root-cause case, 3 pre-solve questions); context-only, no persona promotion"
yt-BpTMsCL_9Bs,video,Animations & Interactions: Giving in to the dark (mode) side - Built By Hand Ep 5,@thefutur,https://www.youtube.com/watch?v=BpTMsCL_9Bs,2021-09-04,2026-07-14,L2,2,design-craft,DO-NOT-TRAIN; Built By Hand ep; Ben Burns (NOT Chris) + guests Greg Gunn (After Effects/Lottie) + Tim Ricks (Webflow); dark-mode animation/interactions tutorial; off Chris's domain; context-only
yt-TEg5xGw4Q3U,video,Bidding Fundamentals ← How To Price Projects,@thefutur,https://www.youtube.com/watch?v=TEg5xGw4Q3U,2021-08-28,2026-07-14,L2,2,pricing;sales-clients;business,"Chris Do (Pro Group archive; member testimonial+ad=context); bidding unknown scope — scope-variation funnel (sea-level to Everest), ROM (rough order-of-magnitude bid), SWAG (scientific wild-ass guess), estimate-high+15% contingency-fee; ⚠️ contingency/fixed-bid flagged value-based-is-current/cost-plus-history ('I don't recommend bidding this way'); extends 2021-02 bidding series; L3-candidate (new vocab ROM/SWAG/contingency)"
yt-jWr5HlN51KU,video,Building a personal website... With no code?! Built By Hand Ep 4,@thefutur,https://www.youtube.com/watch?v=jWr5HlN51KU,2021-08-10,2026-07-14,L2,2,design-craft;content-strategy,"DO-NOT-TRAIN; Built By Hand Ep.4; Ben Burns (confirmed), NOT Chris; no-code Webflow build (box model, 5-col framework, CMS, class-naming); guest Ron Segal; Webflow=sponsor; context-only; companion to Ep2/3"
yt-I48unL6m0eU,video,Tips On How To Price Your Design Work And Make A Profit,@thefutur,https://www.youtube.com/watch?v=I48unL6m0eU,2021-08-10,2026-07-14,L2,2,pricing;business,"Chris Do solo whiteboard bid demo; live cost-stack build-up (naive $5k hourly vs ~$20.4k business bid: marked-up day rates, producer+AD lines, workstation/overhead, 10-30% profit margin); restatement of bid-buildup/cost-stack (coexists w/ value-based, not reversal); fence"
yt-M8kWJ2icciI,video,Brand Strategy Fundamentals,@thefutur,https://www.youtube.com/watch?v=M8kWJ2icciI,2021-08-05,2026-07-14,L2,2,branding,DO-NOT-TRAIN (attribution uncertain); ~1min brand-strategy COURSE TRAILER; speaker NOT confirmed Chris ('15 yrs' contradicts his 1995 Blind timeline=~26yrs); likely team-led Futur promo; no persona use
yt-v8SJoGaCIWo,video,Illustration for Designers,@thefutur,https://www.youtube.com/watch?v=v8SJoGaCIWo,2021-07-27,2026-07-14,L2,2,design-craft,"DO-NOT-TRAIN; course trailer for a digital-illustration class; unnamed @thefutur team/guest instructor, NOT Chris Do; illustration is outside Chris's domain; context-only, no persona data"
yt-qrjVDXiHO94,video,How To Write Better Instagram Content To Get Engagement,@thefutur,https://www.youtube.com/watch?v=qrjVDXiHO94,2021-07-25,2026-07-14,L2,2,content-strategy;branding,"Chris (Greg Gunn outro=context); IG CAPTION-writing workflow — write caption fresh next morning after forgetting carousel, caption=permitted longer story, respond to all comments 1st half-hour, Twitter->carousel->Story->LinkedIn reframe loop; extends IG playbook w/ caption mechanics; L3-candidate"
yt-5_RX0HuEA2U,video,How To Tell Stories That Wins Hearts & Minds – Tell Your Story Part 2,@thefutur,https://www.youtube.com/watch?v=5_RX0HuEA2U,2021-07-20,2026-07-14,L2,2,content-strategy;branding;mindset,"Chris teaches (Futur narrator recaps=context); restates personal+emotion+one-takeaway story formula + NEW objective/binary story-critique (turn 'good' into yes/no criteria, ego-free critique language, 'can someone else WRITE this story' test) + share/save/take-notes as takeaway signal; extends AzrL1TOPS54; L3-candidate"
yt-NKgoyLeigtU,video,Designing a Personal Portfolio Website–Web Design Process: Built By Hand Ep 3,@thefutur,https://www.youtube.com/watch?v=NKgoyLeigtU,2021-07-16,2026-07-14,L2,2,design-craft;mindset,"NOT CHRIS — Built By Hand Ep.3; host Ben Burns redesigning own portfolio; context/do-not-train; desktop-first, grid->type->color->detail, type scale vs system, ~22px body, creative-process curve; guests Greg Gunn/Mr Cup/Sebastian; companion to hgG8bCkzdcs(Ep2)"
yt-t9EIFt4yxC4,video,How To Talk About Money With Clients (Day 9 WWPM cutdown),@thefutur,https://www.youtube.com/watch?v=t9EIFt4yxC4,2021-07-15,2026-07-14,L2,2,pricing;sales-clients,dup-of:2021-06-01-yt-JeJMBCbHs_k (Day 9 WWPM cutdown of Blair Enns budget masterclass); no new Chris material; Blair frameworks not re-promoted; Ricky outro=context; L2 fence
yt-lrM5CRg-O0I,video,Easy Way To Market Yourself and Why You Should Do It - Tell Your Story Part 1,@thefutur,https://www.youtube.com/watch?v=lrM5CRg-O0I,2021-07-11,2026-07-14,L2,1,content-strategy;branding;mindset,L3-candidate: personal-branding 'tell your story' framework Pt1; 13 quotes
yt-MyApI7le0C8,video,Don't Die With Regrets Motivation Video,@thefutur,https://www.youtube.com/watch?v=MyApI7le0C8,2021-07-06,2026-07-14,L2,2,mindset,"Chris solo short motivation excerpt (single-speaker, not montage/not dup); regret/memento-mori core already documented (Bronnie Ware); NEW framings: Maslow-inversion (stuck at base needs), 'trained to be obedient machines', 'pull the emergency brake', three-year-future diagnostic; fence"
yt-hgG8bCkzdcs,video,Web Design Process–Finding Inspiration for Personal Website: Built By Hand Ep 2,@thefutur,https://www.youtube.com/watch?v=hgG8bCkzdcs,2021-06-24,2026-07-14,L2,2,design-craft;branding;content-strategy,"NOT CHRIS — Built By Hand Ep.2; host Ben Burns (redesigning HIS OWN site) + guest Hrvoje Grubisic (CRO); context/do-not-train; micro-research 7-ingredient method, moodboard vs stylescape, grotesque type, breaking 12-col grid; companion to qFIR-DJxvlw(Ep1)"
yt-wfMxaPT1Ecc,video,"Get Qualified Leads, Bigger Projects, With No Ads Even If You're ESL",@thefutur,https://www.youtube.com/watch?v=wfMxaPT1Ecc,2021-06-22,2026-07-14,L2,2,content-strategy;sales-clients,"GUEST ep: Katie Sandoval (Aventive Studio) teaches 6-step hyper-targeted-blog SEO lead-gen (no ads)=context/do-not-train; Chris=host only, adds inbound>outbound + 6-12mo SEO ramp + specialize-externally; fence"
yt-qFIR-DJxvlw,video,Planning a personal website: Does my portfolio matter?,@thefutur,https://www.youtube.com/watch?v=qFIR-DJxvlw,2021-06-15,2026-07-14,L2,2,content-strategy;branding;design-craft,"NOT CHRIS DO — host Ben Burns + guests Michael Janda & Matthew Encina (context/do-not-train); personal-website/portfolio planning, reputation-over-portfolio (Janda/Burn-Your-Portfolio), sitemap/wireframe process; reinforces existing portfolio theme; NO Chris-attributed content; fence/do-not-train"
yt-Lr9kMxm6CYY,video,8 Client Objection Responses in 8 Minutes (Lightning Round Role-play),@thefutur,https://www.youtube.com/watch?v=Lr9kMxm6CYY,2021-06-10,2026-07-14,L2,2,sales-clients;pricing;business,"8-objection lightning-round role-play (Chris=designer, Mo=client/context): hire-in-house->why-haven't-you, why-workshop->doctor/tests, too-expensive->just-my-rate+pivot-to-value, no-contract->protects-both, send-packet->confirm-price/scope-first, just-a-logo->can-you-judge-without-process, do-more-same-price->mirror-ask+car-analogy, proof/results->no-guarantees-plan-is-value; live demo of existing Objection-Response-Deck; voice data; fence"
yt-te6I5_YXJ2g,video,Sneak Peek: Built By Hand - A Creative Journey,@thefutur,https://www.youtube.com/watch?v=te6I5_YXJ2g,2021-06-09,2026-07-14,skipped,2,,"promo trailer/sneak-peek for the 'Built By Hand' docuseries (Chris redesigning his personal website); montage voiceover, no substantive teaching; skipped per Stage B"
yt-IzVqGQdaM0c,video,How To Reframe and Silence Your Critical Inner Voice,@thefutur,https://www.youtube.com/watch?v=IzVqGQdaM0c,2021-06-08,2026-07-14,L2,2,mindset,Small-group coaching on the critical inner voice; reframe 'I could be doing more' as judgement not growth; 'I'm Tylenol' (insight only lands if already inside you); 'judo flip' your emotion; coins 'don't be an askhole'; earn-not-deserve; love the process; participant+Greg Gunn outro=context; L3-candidate
yt-nw0_NLhgy90,video,Get More Linkedin Post Engagement—3 Examples,@thefutur,https://www.youtube.com/watch?v=nw0_NLhgy90,2021-06-03,2026-07-14,L2,2,content-strategy;branding,"Chris solo; critiques 3 Pro-group LinkedIn posts w/ conflict+lesson story rubric; LinkedIn tactics: 400-char limit, hook in first ~1.5 lines, daily posting, 5-senses vividness, image+words, thoughtful-commentary>straight-fire; member testimonial=context; L3-candidate (LinkedIn storytelling)"
yt-JeJMBCbHs_k,video,Masterclass In Talking About Budget w/ WWPM author Blair Enns Clubhouse (🔴Rec),@thefutur,https://www.youtube.com/watch?v=JeJMBCbHs_k,2021-06-01,2026-07-14,L2,2,pricing;sales-clients;mindset,"Blair Enns budget MASTERCLASS (WWPM day 9/12); Blair OWNS frameworks (MLE=10%-of-fee-target, $50k-hurdle, Blairtopia 8-15 clients, anchoring, performance-pricing, Drucker risk quote)=influence/do-not-train; Chris only frames + adds 'money is a primary early objective','legit to declare financial-fit criteria','new client=new you'; fence"
yt-vzQCmZ7Hd5w,video,Small Goals Get Big Results- New Years resolutions 2022,@thefutur,https://www.youtube.com/watch?v=vzQCmZ7Hd5w,2021-05-27,2026-07-14,L2,2,mindset,"Chris solo; small-goals via Nike 'just to the mailbox' mile-marker ad, burnout=quit-after-early-goal, memento-mori, 'can't want it more for you than you'; Greg Gunn outro=context; ⚠️ mile-markers vs 2025 sprint-then-coast; dup of mindset small-goals; fence"
yt-3Y4dXJgsZc0,video,You Gain Clarity Through Articulation— Why It's Important to Practice Expressing Your Ideas,@thefutur,https://www.youtube.com/watch?v=3Y4dXJgsZc0,2021-05-25,2026-07-14,skipped,2,,STUCK-RETRY: persistent 429 across 3 batches (You Gain Clarity Through Articulation); parked to stop clogging batch selection; flip back to L0 for a retry sweep later
yt--GtoKCIX_7c,video,Selling Through Curiosity & How Not To Be Salesy—Role-play,@thefutur,https://www.youtube.com/watch?v=-GtoKCIX_7c,2021-05-20,2026-07-14,L2,2,sales-clients;pricing,"dup-of:2019-04-12-ivKnj9ffcmE — republished AIGA-2019 webcomps role-play (curiosity-led discovery->marketing-reframe->$480k value->$40k fee anchor + Jim Rohn); reinforces sales-clients, nothing new; content really Sept-2019; fence/dup"
yt-AzrL1TOPS54,video,Three Story Telling Tips (Story Formula),@thefutur,https://www.youtube.com/watch?v=AzrL1TOPS54,2021-05-13,2026-07-14,L2,2,content-strategy;branding;mindset,Chris solo; STORY FORMULA (personal story + emotional reaction + one clear takeaway='golden formula'); start-with-the-point then edit ruthlessly; build informed opinion off-camera first; least-friction platform+consistency; cites David Baker+Jim Rohn; Greg Gunn outro=context; L3-candidate
yt-2nVPJDelYNc,video,Closing A $10k Client That Is Reluctant (Live on Clubhouse),@thefutur,https://www.youtube.com/watch?v=2nVPJDelYNc,2021-05-11,2026-07-14,L2,2,sales-clients;pricing;mindset,Clubhouse close-demo; Chris=coach + 1 real prospect (context); FULL reluctant-buyer close: discovery->specify $102k goal->surface objections->proof/plan->4x$2500 plan (final pmt deferred)->6mo hit-$51k-or-full-refund guarantee; canonical worked example; L3-candidate
yt-AnDfEVSEdZc,video,Justify An $18k Logo?!,@thefutur,https://www.youtube.com/watch?v=AnDfEVSEdZc,2021-05-06,2026-07-14,L2,2,pricing;sales-clients;branding,Role-play justifying $18k logo vs $1.5k competitor; clients buy least-risky not best; make client NAME their vendor criteria then beat each (proof/case-studies/referrals/office/headcount); price relative to company's risk; ratchet by testing next tier; ⚠️ charge-from-day-one vs premium-by-proof; reinforces logo-pricing; fence
yt-wYtk_NDLVIg,video,"This Ad Made Millions, Here’s Why (Formula, Breakdown & How To Replicate)",@thefutur,https://www.youtube.com/watch?v=wYtk_NDLVIg,2021-05-04,2026-07-14,L2,2,content-strategy;branding;sales-clients,"Chris solo lead-gen workshop breaking down Dr. Squatch direct-response ad; copywriting framework — paint-the-pain, villain(Big Soap)/hero, felt-benefit-vs-feature, FOUR diagnostic questions, micro-commitment funnel, awareness->consideration->purchase; Ricky outro=context; L3-candidate (ad-breakdown method)"
yt-rM3nB6pLOPs,video,Should You Charge More? WWPM Clubhouse Recording 11/12,@thefutur,https://www.youtube.com/watch?v=rM3nB6pLOPs,2021-04-29,2026-07-14,L2,2,pricing;mindset;business,WWPM Clubhouse day 11 w/ BLAIR ENNS; pricing doctrine (charge-more/pricing-is-positioning/price-signaling/round-vs-charm-numbers/commodity=no-premium) is BLAIR'S=context/do-not-train; Chris trains only host-framing + own past charm-prices + Voss-vs-Enns cross-ref; fence
yt-C2SHll_zWh4,video,How To Go From Design To Selling Strategy To Clients,@thefutur,https://www.youtube.com/watch?v=C2SHll_zWh4,2021-04-27,2026-07-14,L2,2,sales-clients;branding;pricing;mindset,Pro Group; embrace-and-pivot script to move design/dev clients into STRATEGY; scaffolding discovery Qs; $10k anchor on free first session; position around YOU not the artifact->raise rates; losing old clients=repositioning signal; Emily/Anthony=context; L3-candidate
yt-S3gC1JRbbdw,video,Business 101– How To Leverage Money For Time,@thefutur,https://www.youtube.com/watch?v=S3gC1JRbbdw,2021-04-25,2026-07-14,L2,2,business;mindset;pricing,"Pro Group; Business 101 leverage money-for-time WORKED example ($3k video, $2200 COGS, 20hrs->10 carousels->~750 followers->~15 leads->~3 clients/$9k vs $2200 index fund; opportunity cost ~$6580/yr); buy-back-time, delegation; members+Greg Gunn outro=context; L3-candidate (opportunity-cost worksheet)"
yt-qZ1EYMgQsKE,video,How To Guarantee Results When Clients Ask,@thefutur,https://www.youtube.com/watch?v=qZ1EYMgQsKE,2021-04-22,2026-07-14,L2,2,sales-clients;pricing,"Role-play on 'can you guarantee results?'; middleman/arbitrage spread; never guarantee at normal price, reframe to realistic target; guarantee=risk transfer so price it (3x, money-back); prorate (hit half make half); sell ROI (75c->$1=25% vs bank); paper w/ attorneys; 'sell what the world can do'; L3-candidate (guarantee-handling playbook)"
yt-5a488th9fkM,video,Focus To Build Expertise Rapidly: Win Without Pitching Clubhouse Recording 7/12,@thefutur,https://www.youtube.com/watch?v=5a488th9fkM,2021-04-20,2026-07-14,L2,2,branding;mindset;content-strategy;business,"WWP proclamation Clubhouse w/ BLAIR ENNS; Chris hosts+frames, Blair (author) does bulk of teaching (3-step positioning, aspirational claim, inspire-early/reassure-late, ditch-digging methodology, Maister tolerant-vs-intolerant)=context/do-not-train; only Chris 'least-risky-option->codify process to reduce risk' trains; ⚠️ generalist-vs-specialist nuance; companion to LaRA-AApKOk; fence"
yt-oANRoPuT-ys,video,Direction Matters More Than Speed– Work Smarter Not Harder,@thefutur,https://www.youtube.com/watch?v=oANRoPuT-ys,2021-04-15,2026-07-14,L2,2,mindset;business,"Chris coaching group on goals; 'a goal is a dream with a plan', direction(compass)>speed(hustle/velocity), 1-degree bearing analogy, vivid visualization + public accountability, goals must contain fear/risk; ⚠️ mild tension hustle-to-a-degree vs work-smarter; Greg Gunn outro=context; fence"
yt-iajdoXxgAb8,video,How To Determine A Client's Budget Using Price Bracketing– Pro Group Roleplay,@thefutur,https://www.youtube.com/watch?v=iajdoXxgAb8,2021-04-13,2026-07-14,L2,2,pricing;sales-clients,"Pro Group bracketing role-play; Chris lands $180k vs client's hidden $200k; reinforces pricing bracketing (bracket high/wide, read comfort, push to top of band); NEW wrinkle: extract explicit verbal commitment against later lowball + 'FU call' moral leverage (commitment-consistency); Jennifer/John=context; narrow L3-candidate"
yt-LaRA-AApKOk,video,Choose A Focus To Build Expertise,@thefutur,https://www.youtube.com/watch?v=LaRA-AApKOk,2021-04-12,2026-07-14,L2,2,mindset;branding;content-strategy,"~30s excerpt (cut from 04-20 WWP Clubhouse); Chris solo; recasts 2015 claim-first positioning as pride/self-discipline engine — choose focus, make aspirational claim, then 'run like hell'; 'live with undesirable circumstances rather than do undesirable work'; reinforces branding claim-first + Framework 34; companion to 5a488th9fkM; fence"
yt-rP57DeYISHE,video,Easy Sales Technique Even If You Hate Selling – Clubhouse Roleplay,@thefutur,https://www.youtube.com/watch?v=rP57DeYISHE,2021-04-08,2026-07-14,L2,2,sales-clients;pricing,"Clubhouse role-play (companion to Blair Enns WWP Manifesto); Chris closes UX-agency owner Natalya (context) with questions-only/no-pitch: diagnose, qualify by her numbers, raise minimum to $10k, value-based fee ~20-30% of ~$210k upside, reverse-risk money-back guarantee, close verbally then 1-page memo; full end-to-end worked close; fence (reinforces serve-don't-sell)"
yt-FPPiVT_Ysr4,video,How To Run A Creative Business–Whiteboard Session Edit,@thefutur,https://www.youtube.com/watch?v=FPPiVT_Ysr4,2021-04-06,2026-07-14,L2,2,business;pricing,"Chris solo whiteboard (Ricky/Devon+outro=context); working on-vs-in, handoff-tax supply-chain 2x markup, effective-hourly-rate($54) vs cost-to-hire($140), position closest-to-buyer, walk-away=pricing power; restates business hub 1/2/8, no new framework; fence"
yt-sfyHSbfUCrQ,video,Why You Must Raise Your Price (Clubhouse WWPM XI w/ Blair Enns),@thefutur,https://www.youtube.com/watch?v=sfyHSbfUCrQ,2021-04-01,2026-07-14,L2,2,pricing;business;mindset,"Clubhouse WWP-XI co-host w/ BLAIR ENNS — MOST pricing doctrine (price-as-info, profit-drives-loyalty, commodity=no-premium, prison-cell, Maslow, Baker legacy) is BLAIR'S=context/do-not-train; Chris trains only on charge-more-as-impact-grows + kill-change-orders + differentiation-confidence; fence"
yt-B2Vw6IUriTo,video,How To Deal With Difficult Clients Instead of Firing Them,@thefutur,https://www.youtube.com/watch?v=B2Vw6IUriTo,2021-03-30,2026-07-14,L2,2,sales-clients;mindset,Pro Group; reframe firing an anchor client into 5 OPTIONS (fire / adult-conversation+boundaries / swallow-it / offshore / embed-PM-at-client-office); root-cause=timelines&expectations; lead with appreciation+shared-ownership; non-judgment as decision tool; promo+testimonial=context; L3-candidate
yt-XxizQ1AdJUk,video,How To Discount And Make Money (Whiteboard Edit),@thefutur,https://www.youtube.com/watch?v=XxizQ1AdJUk,2021-03-25,2026-07-14,L1,2,,no-captions (no subtitles available)
yt-QoMPxUWMo8g,video,Beeple NFT art makes history–selling for millions $$$ at auction!!!,@thefutur,https://www.youtube.com/watch?v=QoMPxUWMo8g,2021-03-23,2026-07-14,L2,3,mindset;business;design-craft,"Beeple/NFT episode (carried debt, deferred once, now DONE). HIGH VALUE: the Mona Lisa/museum argument ('museums wouldnt exist if the facsimile was as powerful as the thing itself'; 'with NFTs the facsimile IS the thing'); the Ponzi concern hedged; the 90s comics-speculation analogy from his own collecting; 'I know when Im out of my league' (know-your-depth, dated 2021); 'what have you done in your life that you were that consistent besides breathing'."
yt-zMVayexyVlU,video,3 Designers Pitch A Sales Expert–Results Are Hilarious 😂,@thefutur,https://www.youtube.com/watch?v=zMVayexyVlU,2021-03-18,2026-07-14,L2,2,sales-clients;communication,"EARLY (2021) live roleplay vs Blair Enns — first recorded 'STATEMENTS TELL, QUESTIONS SELL' / 'if you're telling, you're not selling'; he sells Blair live and Blair says 'I didn't even know I was being sold'; two named pitch mistakes; new Kier McLaren item (salespeople are the easiest to sell to). ATTRIBUTION: homeschooled-kids passage is a PANEL member's, not Chris's; L3-candidate"
yt-XH-wD0Jbo5Y,video,Reinvent Yourself (2022)– Obstacles Are Opportunities In Disguise,@thefutur,https://www.youtube.com/watch?v=XH-wD0Jbo5Y,2021-03-16,2026-07-14,L2,1,mindset;business,"L3-candidate: reinvention/origin-story keynote (OREO, obstacle-as-opportunity); 19 quotes + biography"
yt-Ii_WWDxmqy4,video,What To Do When Clients Ruin Your Work After Delivery– Clubhouse Recording,@thefutur,https://www.youtube.com/watch?v=Ii_WWDxmqy4,2021-03-12,2026-07-14,L2,2,sales-clients;mindset;design-craft,"Clubhouse; Chris coaches designer whose delivered work was altered by client; ownership-follows-payment + gift/non-attachment ('they've stopped paying you to care','you pay for my attention'), feel-it-don't-express-it, generous 3-month check-in; questioner+Greg Gunn ad=context; L3-candidate"
yt-_go6fUnF_QE,video,How To Respond When The Client Just Wants It Done Cheaply– Clubhouse Sales Role-play,@thefutur,https://www.youtube.com/watch?v=_go6fUnF_QE,2021-03-09,2026-07-14,L2,2,sales-clients;pricing;mindset,"Role-play: Chris (vendor) vs Mo Ismail (cheap client, context); handling 'just do it cheaply' via diagnosis-before-prescription, three-options mindset, NVC/let-client-concede, quality-vs-shareability reframe, one-off->campaign, charge-more-but-don't-signal-it, principles>scripts; L3-candidate"
yt-LliPPJo5lHE,video,How To Talk About Money– Pricing Design Breakdown & Sales Call Script From Dan Mall,@thefutur,https://www.youtube.com/watch?v=LliPPJo5lHE,2021-03-03,2026-07-14,L2,2,pricing;sales-clients;business,"Chris solo breakdown of Dan Mall's book 'Pricing Design'; value-based pricing (customer profit=untapped value), risk-based sliding scale ($40k vs $300k same site), rush + pain-in-the-butt charges, reframe 'budget'->'money', 8-question discovery playbook, 'every dollar returns 10x'; cites Dan Mall+Blair Enns; member testimonial=context; L3-candidate"
yt-UwdbbMy-PbU,video,5 Essentials For Gamifying The LinkedIn Algorithm w/Jocelyn Macdonald,@thefutur,https://www.youtube.com/watch?v=UwdbbMy-PbU,2021-03-02,2026-07-14,L2,3,content-strategy;business,"GUEST-DOMINATED LinkedIn tactics (Jocelyn McDonald); deferred once then ingested as required. Fenced context page — dated 2021 platform tactics, do not promote. Value: third-party corroboration that 'educate, inspire, entertain' is Chris's framework ('stealing from you, Chris'), plus a dated note that he does not use the link-in-first-comment tactic."
yt-zM2fB-Q8T7g,video,Running  A Profitable Business (In 11 Minutes),@thefutur,https://www.youtube.com/watch?v=zM2fB-Q8T7g,2021-02-23,2026-07-14,L2,2,business;pricing;mindset,"Chris solo whiteboard; cost vs price vs value triad; price=cost+profit, value buyer-determined, 'seller sets price buyer sets value'; profit compensates risk (Drucker); hourly=break-even/loss; margins 5-80%, 300% markup example; high price != exploitation; audience answers=context; L3-candidate"
yt-WzHEgLf49aE,video,Boost Your Productivity With This Simple Time Management Exercise,@thefutur,https://www.youtube.com/watch?v=WzHEgLf49aE,2021-02-20,2026-07-14,L2,2,mindset;business,"Chris solo Post-it time-audit exercise (1 note=1hr, record real time, add goal sub-tasks, cut equal amount); time-is-money-literally; PS4-in-box discipline; maxims: being-busy-distracts-from-living, don't-major-in-the-minors (Jim Rohn), don't-die-living-someone-else's-dream (Bronnie Ware), consolidate free time (Drucker); ikigai prereq; team participants=context; L3-candidate"
yt-kt2oLrl1EHY,video,Easy & Painless Way To Bid (pt 3.),@thefutur,https://www.youtube.com/watch?v=kt2oLrl1EHY,2021-02-18,2026-07-14,L2,2,pricing;sales-clients;business,"Bidding series pt3/3; Chris solo (Pro Group Q&A); bake pricing into discovery/Core via prioritization + important/urgent grid, assign budgets live, anchor on prior spend, facilitator-as-client-advocate, budget as diagnostic/pain-threshold; outro promo+testimonial=context; L3-candidate"
yt-dKBFjl6uc7s,video,How To Bid (Pt.2) Undefined Scope,@thefutur,https://www.youtube.com/watch?v=dKBFjl6uc7s,2021-02-16,2026-07-14,L2,2,pricing;sales-clients,"Bidding series pt2/3 (undefined scope); Chris (Pro Group Q&A, member Qs=context); paid discovery+strategy phases before pricing design/build, qualify budget via deck before quoting, retreat-and-follow (Blair Enns), refer out unfit clients; outro promo=context; fence"
yt-OiUOaZJJYzg,video,How To Price Design & Bid Projects (pt.1),@thefutur,https://www.youtube.com/watch?v=OiUOaZJJYzg,2021-02-11,2026-07-14,L2,2,pricing;business,"Bidding series pt1/3; Chris solo (Pro Group); evolution hourly->markup->cost-plus(Karen Rainey)->SOW fixed+variable; production fee 25-40%, padded day rates, charge workstations/meals/shipping; today: strategy $20-40k brand $20-30k logo $16k mascot $40-50k messaging $12k; caption fixes $18120 subtotal/AICP bid form; ⚠️CONTRADICTION vs value-based (historical); L3-candidate"
yt-EVsC832qvic,video,Brand Strategy Step 2: What You Need To Know Before You Start,@thefutur,https://www.youtube.com/watch?v=EVsC832qvic,2021-02-09,2026-07-14,L2,2,branding;business;mindset,"Brand Strategy Step 2; Chris solo (Pro Group archive); strategist needs broad business/marketing literacy + unbiased facilitation; anti craft-obsession (kerning/Zara/Slack logo), 'everything is marketing', 'inform or inspire', verify claims vs data (~3-4% conv), Start With Why; cross-link Step1; member testimonial outro=context; L3-candidate"
yt-0arou9boK8k,video,9 Tips For Content Creation 2024,@thefutur,https://www.youtube.com/watch?v=0arou9boK8k,2021-02-05,2026-07-14,L2,2,content-strategy;mindset,"Chris solo 9 content-creation tips at 1M subs/800+ videos: consistency, persist-and-resist (Ryan Holiday), failure=tuition, done>perfect, be generous, plans overrated (Tyson), what-makes-you-weird (James Victore); Greg Gunn outro=context; L3-candidate"
yt-TqczYbFPWnk,video,What Is Brand Strategy And How To Do It (Step 1),@thefutur,https://www.youtube.com/watch?v=TqczYbFPWnk,2021-02-02,2026-07-14,L2,2,branding;business,"Brand Strategy Step 1; Chris solo live discovery demo; strategy=goal+path-to-goal, show-don't-explain via 7-question script (Coaching Habit/Daniel Montgomery), funnel math 200 signups->5 clients, value-based bid (~$3k), Jonathan Stark results-based pricing; cross-link Step2; L3-candidate"
yt-F8dQD0wUi8U,video,7 Mistakes To Avoid When You Start A Business (12 mins),@thefutur,https://www.youtube.com/watch?v=F8dQD0wUi8U,2021-01-28,2026-07-14,L2,2,business;sales-clients;pricing;content-strategy;mindset,"Chris frames guest Tim Brown's 7 freelancer->agency mistakes (overlap method, client filtering, keep marketing, mission/culture, key-man problem, diversify leads); 7 mistakes=Tim-attributed (context/do-not-train), only Chris intro+VBP interjection train; pricing nuance flagged; fence"
yt-wW7duEovGJM,video,What To Say In A Meeting,@thefutur,https://www.youtube.com/watch?v=wW7duEovGJM,2021-01-26,2026-07-14,L2,2,sales-clients;mindset;content-strategy,Chris coaches unnamed mentee (+Encina outro=context); junior in a client meeting should listen/observe/take great notes NOT offer unsolicited ideas; ask to shadow the boss; ask before you're ready; career is a marathon; L3-candidate
yt-nM0fDSH4bl8,video,My Former Student Became A Millionaire Doing This!!,@thefutur,https://www.youtube.com/watch?v=nM0fDSH4bl8,2021-01-21,2026-07-14,L2,2,business;mindset;content-strategy;branding,"Chris solo case study of ex-student Karen Wang/Dispel Dice (burnt-out storyboard artist -> Kickstarter multi-millionaire); lessons: apply creative skills to your OWN ideas, neglected niches=opportunity, ikigai; Karen bio/numbers=context, Chris lessons=persona; fence"
yt-bDwrWpgEDfw,video,Hardest Thing To Do As A Boss—Fire Someone,@thefutur,https://www.youtube.com/watch?v=bDwrWpgEDfw,2021-01-18,2026-07-14,L2,2,business;mindset,"Chris + unnamed Futur co-host (guest=context); firing script (context+emotion, recap specifics, decision+severance/HR, close well); no-surprise 2-3 warnings over 6-9mo w/ clear criteria; fit principle (fired people thrive elsewhere); Blinkist sponsor read excluded; L3-candidate"
yt-sD3eS0XYl1I,video,7 Ways To Build & Earn Trust In 5 Minutes,@thefutur,https://www.youtube.com/watch?v=sD3eS0XYl1I,2021-01-14,2026-07-14,L2,2,sales-clients;mindset;business,"Chris solo; named 7-part trust framework (shared vocab/curse-of-knowledge, ask small Qs, reflect back, reduce risk/small decisions, say 'I don't know'+refer out, be transparent, be patient) + empathy exercise; L3-candidate"
yt-0nVNU5GFhm8,video,How To Get Attention In The Market 2022,@thefutur,https://www.youtube.com/watch?v=0nVNU5GFhm8,2021-01-12,2026-07-14,L2,2,content-strategy;branding;sales-clients,"Chris solo webinar to students; social-media-not-a-portfolio (5k->500k in ~1yr), niche+long-game, stand-out-1/8-inch (Errol Gerson), anti-desperation, don't negotiate against yourself, 3 honest reasons for free work + trade-up/marketing-expense; title says 2022 but pub 2021-01-12; L3-candidate"
yt-9GzVEUhKOqc,video,3 Things Designers Get Wrong,@thefutur,https://www.youtube.com/watch?v=9GzVEUhKOqc,2021-01-07,2026-07-14,L2,2,design-craft;sales-clients;mindset;branding,"Chris solo; 3 designer mistakes: (1) artist not problem-solving service (2) present as risky vs least-risky option (3) undifferentiated product w/ no process story; quotes 'least risky option','be good not original'; Greg Gunn outro=do-not-train; fence"
yt-FxC114VZBzs,video,Should You Be Honest Or Polite When Talking To Clients,@thefutur,https://www.youtube.com/watch?v=FxC114VZBzs,2021-01-05,2026-07-14,L2,2,sales-clients;mindset,"Chris coaches mentee Mo (+observer, context); politeness often=fakeness, be respectful+truthful; have-to/get-to reframe; set expectations vulnerably; non-violent communication starts with self-talk; L3-candidate for client-comms"
yt-x6KzyyPswYM,video,Letting Go Of Perfectionism,@thefutur,https://www.youtube.com/watch?v=x6KzyyPswYM,2020-12-31,2026-07-14,L2,2,mindset;design-craft,Chris solo on perfectionism; healthy iterative perfectionism vs harmful 'only as good as your last creation' belief (breeds risk-aversion/stagnation); Fred Astaire expect-to-struggle-when-learning anecdote; fence (mindset reinforcement)
yt-e17ZASTRBGg,video,How To Get Great Clients—Build Better Relationships On Trust & Understanding,@thefutur,https://www.youtube.com/watch?v=e17ZASTRBGg,2020-12-29,2026-07-14,L2,2,sales-clients;mindset,"Chris Do solo; great clients=trust earned incrementally over many jobs; core failure is not listening/assuming on vague briefs; 'just ask them' reframe; golden-rule service; fence (restatement, not new)"
yt-oOKgc-bvX7o,video,When to discuss budget during a sales call—Role Play,@thefutur,https://www.youtube.com/watch?v=oOKgc-bvX7o,2020-12-23,2026-07-14,L2,2,sales-clients;pricing,"Role-play (Chris coaches team member Mo): surface budget early w/o greed; float broad ballpark ($18k-40k), refer out honestly; frames: matchmaker positioning, 'last chapter/read the ending first', day-rate anchor ($400/day), honesty reads as MORE professional; L3-candidate"
yt-mcC-6a33RaA,video,Find Your Passion Find Your Purpose,@thefutur,https://www.youtube.com/watch?v=mcC-6a33RaA,2020-12-21,2026-07-14,L2,2,mindset,"Chris Do solo on passion/purpose; 'read the label from inside the jar', passion=won't quit when hard; childhood origin story (age-7 markers, skate graphics, airbrush, denied creative path=poverty); Ziglar+Jason Silva refs; L3-candidate for biography/beliefs"
yt-b_s4RlOYyzc,video,Improve Your Instagram Carousel Design: Content Marketing Advice PT 2,@thefutur,https://www.youtube.com/watch?v=b_s4RlOYyzc,2020-12-14,2026-07-14,L2,2,content-strategy;design-craft;branding,Chris Do solo Carousel Clinic Pt2: 5-point rubric (hook/flow/light-but-satisfying/contrast/typesetting)+ROT hook+write-10-headlines+home-stretch summary slide+bookend hook+ONE CTA+<=2 point sizes+pro headshot+value-first; L3-candidate for IG carousel cluster
yt-WvdAVFt1LaI,video,How To Build A $1M Dollar Business Teaching,@thefutur,https://www.youtube.com/watch?v=WvdAVFt1LaI,2020-12-07,2026-07-14,L2,2,business;content-strategy;pricing;mindset,"Chris Do solo keynote; teaching-business playbook (1000 true fans/Kevin Kelly, niche+long-tail, Godin reciprocity, Cialdini, farming vs hunting); course blueprint w/ real numbers (typography $69->$99->$173k->$500k+, Ari Chung $730k); origin story (burnout/imposter, started YT at 42, 2014 w/ Jose Caballer); L3-candidate"
yt-kbv3RH49yPA,video,"Copyright, Trademarks & Patents Made Simple (Understanding Intellectual Property)",@thefutur,https://www.youtube.com/watch?v=kbv3RH49yPA,2020-12-02,2026-07-14,L1,2,,no-captions (no subtitles available)
yt-Pr-yyUw9ra8,video,4 Tips On Finding A Job,@thefutur,https://www.youtube.com/watch?v=Pr-yyUw9ra8,2020-12-01,2026-07-14,L2,2,business;sales-clients,NOT CHRIS — 4 Tips On Finding A Job; guest PROFESSOR PETRULA VRONTIKIS (ArtCenter; teaches Futur Academy 'Land Your Dream Job'; Chris only bookends intro/outro); do-not-train; alumni-LinkedIn/portfolio-shows-thinking/skate-to-where-puck-is/resume-as-storytelling + Dec-worst-2nd-wk-Jan-best; petrula-vrontikis entity candidate; not L3
yt-qTp7SFtZ6uI,video,One Thing You Should Never Do In Sales (Breaking Bad clip),@thefutur,https://www.youtube.com/watch?v=qTp7SFtZ6uI,2020-11-23,2026-07-14,L2,2,sales-clients;business,EARLY (2020) — the corpus's only end-to-end SIX-STEP SALES PROCESS (prospect/qualify/approach/present/objection/close); 'going past the sale'; objections as a sign of interest; the hypothetical close + 3 buying signals; the Coldplay Ghost Stories story and 'he was in love with the plan'. Establishes precedence for several 2025-26 principles; L3-candidate
yt-GV9fj-Cud5U,video,Zoom Interview Tips & Role Play w/ Petrula Vrontikis,@thefutur,https://www.youtube.com/watch?v=GV9fj-Cud5U,2020-11-17,2026-07-14,L2,3,sales-clients;business;mindset,"Zoom interview tips + roleplay w/ Petrula Vrontikis (she leads technical advice = hers). Chris plays the EMPLOYER: 'I didnt look at your resume, you come highly recommended'; trial basis; and the debrief naming 'the invisible check boxes I have in my mind'. BIO: 'she was even my teacher back in 2007'. Also a dated limit: 'Im rusty on interviewing, I dont really interview people.'"
yt-R-EyTBRgZh8,video,How To Get Followers on Instagram When Starting From Zero,@thefutur,https://www.youtube.com/watch?v=R-EyTBRgZh8,2020-11-02,2026-07-14,L2,2,content-strategy;branding,"How To Get IG Followers From Zero — Chris confirmed (Q&A, first-person). NEW named frameworks: AIDA carousel w/ his tweak (Desire→'DETAIL'); the ROT HOOK formula (Result+Objection+Time — 'learn Spanish in 2 weeks even if...'); 'HEADS or TAILS' headline game (heads=write-10-headlines-first / tails=start-from-takeaways-backwards, prefers tails); 'light but satisfying'/'all foam no beverage'; 12-post-minimum + one-narrow-topic; guest-post+paid-shoutout growth loop; self-report ~10k/wk→6.5k/wk followers; Michael Janda credited (showed him carousels teach); L3-candidate"
yt-qjZospdjnS0,video,"Improve Your Instagram Design: Critiques, Tips & Advice PT 1",@thefutur,https://www.youtube.com/watch?v=qjZospdjnS0,2020-10-28,2026-07-14,L2,2,design-craft;content-strategy,"Improve Your IG Design: Critiques PT1 — Chris confirmed (carousel CLINIC; El Money sponsor-read=context). NEW: 5-CRITERIA carousel rubric (clarity/fulfillment/typesetting/concept-support/X-factor); IG craft rules (break-across-slides 'light meal not 3-course', ~3-color palette + tints, one-ask-per-CTA, master-page template, recolor-stock); typography specifics (proximity=relationship, real-apostrophes-vs-prime-marks, upper/lowercase-not-all-caps body, tighten-leading); brand-loyalty=lived-values-not-mission-statements; value-before-pitch ~12-15:1; L3-candidate"
yt-hSvluYcim4I,video,Advice To My Younger Self–Chris Do,@thefutur,https://www.youtube.com/watch?v=hSvluYcim4I,2020-10-19,2026-07-14,L2,2,mindset;business,LEDGER FIX 2026-07-28: source page 2020-10-19-yt-hSvluYcim4I.md exists and was written; row had been left at skipped/STUCK-RETRY. Corrected to L2.
yt-fHuW7xFo_t4,video,How To Be A Better Communicator: Acknowledge & Hold Space For Others,@thefutur,https://www.youtube.com/watch?v=fHuW7xFo_t4,2020-10-14,2026-07-14,L2,2,mindset;sales-clients,"NOT CHRIS — Better Communicator: Acknowledge & Hold Space; guest delivers framework (likely CYNTHIA KANE, uncertain — 'it's not empathizing it's acknowledging', hold-space, responding-vs-reacting); Chris = interviewer only; do-not-train; not L3"
yt-IXO3jaNYpoQ,video,Run If You See THESE Red Flags!,@thefutur,https://www.youtube.com/watch?v=IXO3jaNYpoQ,2020-10-12,2026-07-14,L2,2,sales-clients;pricing,NOT CHRIS — Run If You See Red Flags; unnamed Futur team member (refers to 'Chris and Jose' 3rd-person as authors of the deeper red-flags vid); do-not-train; red flags (no-goal/no-budget/no-timeline/asks-for-proposal-too-soon) + capabilities-deck-w/-wide-ranges to screen price-fishers; points to a Chris+Jose bad-clients vid worth locating; not L3
yt-c1wZVQ0-j7w,video,How to Start A New Habit,@thefutur,https://www.youtube.com/watch?v=c1wZVQ0-j7w,2020-10-09,2026-07-14,L2,2,mindset,NOT CHRIS — How to Start A New Habit; unidentified female guest/coach (coined vocab 'habit self-betrayal'/'small daily promise'; recovery-from-autopilot framing) + uncertain interviewer; do-not-train; start-tiny (1 glass of water)/keep-your-word-to-yourself; not L3
yt-bTX-9n_vnYk,video,Where To Start In Design—Just Keep Creating: 60 sec. Advice,@thefutur,https://www.youtube.com/watch?v=bTX-9n_vnYk,2020-10-08,2026-07-14,L1,2,,no-captions (no subtitles available)
yt-f66Ydq-xtss,video,When To Send A Proposal?,@thefutur,https://www.youtube.com/watch?v=f66Ydq-xtss,2020-09-30,2026-07-14,L2,2,sales-clients;pricing;business,"When To Send A Proposal? (Chris solo). Full SALES TIMELINE map: inquiry → QUALIFY lead → CONFIRM budget/price-range on phone → proposal → SIGNED CONTRACT (oft-forgotten step; 'agreeing to a proposal ≠ married') → project. NEVER send a proposal before qualify+verbal-price-agreement. 4 lead-qual criteria (problem-you-solve/budget/timeline/mutual-desire); proposal-vs-contract contents breakdown; sales-cycle-scales-with-budget ($250K logo took 6mo, 2017); price-range script; L3-candidate"
yt-TNeUfQDDerA,video,Should You Set Up An LLC: Answering Your Questions,@thefutur,https://www.youtube.com/watch?v=TNeUfQDDerA,2020-09-29,2026-07-14,skipped,3,,"SKIPPED: zero Chris Do. Hosted by a Futur team member with guest attorney Joey Vitale; it is a cut-down of a paid webinar promoting the Setup Kit product. Legal content is context-only in this corpus anyway, and unlike the Kier MASTERMIND episodes there is no entity page this serves. No persona value."
yt-JzCqfJbfzcM,video,Are You Charging Too Much? w/ Melinda Livsey,@thefutur,https://www.youtube.com/watch?v=JzCqfJbfzcM,2020-09-25,2026-07-14,L2,2,pricing;mindset;sales-clients,"Are You Charging Too Much? w/ Melinda (Chris + Melinda=context). Inverts charge-more: SUBJECTIVE VALUE ('same logo, 10 buyers, 10 values' — value = property of buyer/PROBLEM not the deliverable/time); the DOCTOR counter (same doctor: consult near-free vs eye-surgery/cancer expensive → price tracks the PROBLEM+BUYER, rebuts 'designers shouldn't out-earn a doctor'); 'the sun does not orbit around you' (serve buyer, refer-out small problems); ENVY reframe (critics 'throw shade because they can't cope'); L3-candidate"
yt-l4KnDY-HUxQ,video,How To Copy Without Stealing (5 Ingredients Technique),@thefutur,https://www.youtube.com/watch?v=l4KnDY-HUxQ,2020-09-17,2026-07-14,L2,2,design-craft;mindset;content-strategy,How To Copy Without Stealing (5 INGREDIENTS technique) — Chris confirmed (Basquiat demo w/ crew=context). NEW named framework: deconstruct any work into ~5 REPRODUCIBLE ingredients (line-quality/figures/colors/tools/words; each neither-too-broad-nor-too-specific; failure-to-reproduce DIAGNOSES a bad ingredient); observe-OBJECTIVELY then translate-to-CRAFT-vocab ('not realistic→not rendered'); copy HOW-it's-made not the thing ('copy without stealing'); 'if you couldn't SEE this you couldn't MAKE it' (Niels Lindstrom). BIO: teaches ~14yo son via this ('grade as a professor not a father'); L3-candidate
yt-an9_EvwOMNc,video,Five Essentials for Brand Style Guides - NEW Resource Promo!,@thefutur,https://www.youtube.com/watch?v=an9_EvwOMNc,2020-09-15,2026-07-14,L1,2,,no-captions (no subtitles available)
yt-niLFpa8cyb4,video,Don't Take Your Clients For Granted,@thefutur,https://www.youtube.com/watch?v=niLFpa8cyb4,2020-09-11,2026-07-14,L2,2,sales-clients;business;mindset,Don't Take Your Clients For Granted (Chris; editors Jayden/Jonah=context). NEW retention/competitive-lock thesis: if you're 'just the HANDS/monkey/production-robot' a competitor who genuinely CARES can STEAL your client & charge more (client lists easy to find); build an UNBREAKABLE relationship; romantic-neglect analogy (taken-for-granted partner leaves door open); Zig Ziglar 'do more than you're paid → paid more than you do'; doing-minimum = pre-deciding to self-sabotage; L3-candidate
yt-McXma1l0FL8,video,How To Talk To Clients & Get To Yes: Role-play w/ Melinda & Mo,@thefutur,https://www.youtube.com/watch?v=McXma1l0FL8,2020-09-09,2026-07-14,L2,2,sales-clients;pricing,"Get To Yes ROLE-PLAY w/ Melinda (Chris=vendor+debrief; Melinda=client/context; student Mo=context); NEW: MIRROR client's exact language (repeat their words back), clients-PRESCRIBE-a-solution but care about ONE result (ignore the prescription), surface-contradictions-SUBTLY (let them resolve it), 'robot-brain vs monkey-brain' (present-to-human vs reading-a-script), the 'DREAM DATE' discovery frame (don't project your vision - vegan/ribeye analogy), scope-DOWN-to-serve-the-goal; L3-candidate"
yt-ZeEc8YCpocY,video,8 Core Business Concepts You Need To Know (10min MBA),@thefutur,https://www.youtube.com/watch?v=ZeEc8YCpocY,2020-09-07,2026-07-14,L2,2,business;mindset,"8 Core Business Concepts (10min MBA) — Chris confirmed (plugs his book); the 8: INSIDE = Leadership/Finance/Operations/Growth; OUTSIDE = Product/Service/Sales/Marketing; 'INHERITANCE' model (each embeds those above; internal-before-customer); defs ('product = a predictable unit of value', 'no profit = a front piece of art', ops=minimize-risk, growth=optimize-for-dynamic-market); NEW BOOK: 'CREATE & ORCHESTRATE' (Amazon #1 bestseller, his 2nd book); BIO: first-10-employees PAYROLL-TAX failure; Steve Blank Four-Steps ref; L3-candidate"
yt-GJj7oU8t488,video,How To Create Your Own Luck,@thefutur,https://www.youtube.com/watch?v=GJj7oU8t488,2020-09-02,2026-07-14,L2,2,mindset;business,"How To Create Your Own Luck (Chris dominant; ⚠️ co-panelist 'MARCUS' bio [waited-tables/HealthStream/Nashville/self-taught-coding] = context, MUST NOT leak into Chris persona); NEW: 'luck = byproduct of PREPARATION / it just looks like luck'; CONTROL-vs-AGENCY dichotomy (weather/virus/marketplace out of control → take ownership of the rest); 'business as a SPORT / body as a machine'; 'show up ready every moment'; BIO: hapkido black-belt + intermittent-fasting + martial-arts routine; L3-candidate (Chris parts)"
yt-EeBfMUD7j60,video,Use This Sales Technique The Next Time You Pitch,@thefutur,https://www.youtube.com/watch?v=EeBfMUD7j60,2020-08-19,2026-07-14,L2,1,sales-clients;business,L3-candidate: Eight Mile Principle (name the objection first); BCS examples quarantined; 13 quotes
yt-LMJ2IAvthMI,video,Skills Everyone Needs To Succeed In The 21st Century,@thefutur,https://www.youtube.com/watch?v=LMJ2IAvthMI,2020-08-12,2026-07-14,L2,2,mindset;business,"Skills To Succeed in 21st Century (Chris confirmed; 'Ricky' banter); NEW: Alvin Toffler 'LEARN, UNLEARN, RELEARN' 21st-c-illiteracy anchor; 'information rich, time poor' + education-democratized → discernment-not-access is the constraint; the UNLEARN method = form an 'informed opinion' by comparing conflicting ideas then continuously re-test (learning as recycle loop); 'wind can't break the tree that bends'; L3-candidate"
yt-Y-x5J1SIN2Q,video,How Much Should You Charge To Make Money,@thefutur,https://www.youtube.com/watch?v=Y-x5J1SIN2Q,2020-08-10,2026-07-14,L1,2,,no-captions (no subtitles available)
yt-mdWKRhSH4jQ,video,How To Get Your First Design Client,@thefutur,https://www.youtube.com/watch?v=mdWKRhSH4jQ,2020-08-03,2026-07-14,L2,2,sales-clients;business;mindset,"How To Get Your First Design Client — MIXED (first answer = uncertain Futur team member=context); CHRIS parts: 'PLAN YOUR ESCAPE'/Alcatraz (build relationships + sit-in-on-new-business-meetings WHILE employed), call-your-PROFESSORS-for-referrals (they have clout — Google/Apple/MS call them), start-relationship-BEFORE-you-need-it, heroes-not-mentors (Seth Godin + Bierut 'hijack your mentor'); L3-candidate (Chris parts)"
yt-hYxGucOGIL0,video,Bad Bosses—How To Say No To Unpaid Overtime (Role-play),@thefutur,https://www.youtube.com/watch?v=hYxGucOGIL0,2020-07-30,2026-07-14,L2,2,sales-clients;mindset,"Bad Bosses / Say No To Unpaid Overtime ROLE-PLAY (Chris solo plays employee-'Chris' + boss-'Greg' + debrief; boss lines=villain-caricature NOT belief); extends boundary/say-NO into EMPLOYEE-BOSS overtime; NEW tactics: consistency-principle lever ('are you going back on your word?'), symmetry-of-logic on time, FORCING-ACKNOWLEDGMENT question ('Do you like the work I'm doing?'), disarm-via-smile/whisper, agree-then-find-the-gap; L3-candidate"
yt-VYv1eTDyP3w,video,Teach And Grow Rich,@thefutur,https://www.youtube.com/watch?v=VYv1eTDyP3w,2020-07-29,2026-07-14,L2,2,content-strategy;mindset;business,"Teach And Grow Rich (Chris on BOW panel; Jose 3rd-person + host outro=context); NEW: CONFIDENCE-LOOP formula (try→more-exposed→less-afraid→more-try), 'illusion of mastery' (consumption≠learning), 'highest mastery = teach others to do what you do' + 'one teaches to learn', 'numb to your own story' self-worth reframe, Covey 'to know and not to do is not to know', skill-vs-taste gap (Ira Glass); L3-candidate"
yt-BOpbHKa64w0,video,How To Get Known & Capture Attention in 2020,@thefutur,https://www.youtube.com/watch?v=BOpbHKa64w0,2020-07-27,2026-07-14,L2,2,content-strategy;branding;mindset,"Get Known & Capture Attention 2020 (Chris on BOW panel w/ Jose Caballer+Robbie; editor=context); NEW: CHEFS-share-everything analogy (hoarding technique = 'best kept secret'); advertising-INTERRUPTS/'focus on me' vs permission-marketing 'here's a gift' → know-like-trust; Neumeier 'the brand with the STRONGEST TRIBE wins'; 'ZERO KILOBYTES' community-support (pay to sustain the work, not for the file); authority validated by content/notoriety NOT institutions (AIGA); L3-candidate"
yt-84Mf-CdRin4,video,"Share What You Know, While You Learn To Build An Audience",@thefutur,https://www.youtube.com/watch?v=84Mf-CdRin4,2020-07-23,2026-07-14,L2,2,content-strategy;mindset;business,"Share What You Know While You Learn (Chris on BOW/ArtCenter panel w/ Jose+Robbie; editor-narrator=context); NEW: the '2X RULE' (for every 1 piece consumed, make 2); consume→reflect→implement→share loop → VIRTUOUS-CYCLE-of-confidence; reframe 'teach what you know' → 'share WHILE you learn' (defuses am-I-expert-enough); Rework 'out-teach the competition' + Jim Rohn 'convert learnings to earnings'/documentarian; L3-candidate"
yt-my_p1fDOz00,video,How to Sell Without Being Salesy—Sell Like Crazy,@thefutur,https://www.youtube.com/watch?v=my_p1fDOz00,2020-07-20,2026-07-14,L2,2,sales-clients;mindset,Sell Without Being Salesy (Chris SOLO; 'Sell Like Crazy' in title but Sabri Suby ABSENT/not-mentioned; opening=Google-Ads sponsor-read). Full SALES acronym system (Serve/Ask/Listen/Empathize/Summarize) w/ NEW depth: Serve=fiduciary; what/how/why question-types + 'what's the real challenge for you?'; full-value-listening (Kevin Daley) + transmitting-blind pilot metaphor; labeling-emotion 'it sounds like' (Voss); human-vs-tape-recorder; CONDITIONAL if-then close; 'decide'='to kill'; L3-candidate
yt-By-_gbXjEEM,video,Become a Better Writer in 1 Week? Challenge Accepted,@thefutur,https://www.youtube.com/watch?v=By-_gbXjEEM,2020-07-13,2026-07-14,L2,2,content-strategy,"NOT CHRIS — Better Writer in 1 Week = MATTHEW ENCINA (copy-work challenge: hand-copied 102 Seth-Godin posts, shipped 3 originals; consume→distill→create); do-not-train; Futur one-week-challenge PILOT series; not L3"
yt-u-eqUeANYqA,video,Improve Your Emotional Intelligence (EQ) By Labeling Your Emotions w/ Cynthia Kane,@thefutur,https://www.youtube.com/watch?v=u-eqUeANYqA,2020-07-10,2026-07-14,L2,2,mindset,"EQ by Labeling Emotions — mostly guest CYNTHIA KANE (3rd appearance; superficial→inner-emotion, cappuccino-foam-vs-coffee = HERS); Chris outro only (self-awareness=conversation-with-yourself, 'anything worth doing is difficult'); do-not-train (core=Cynthia); cynthia-kane NOW WARRANTS entity page (3 appearances); not L3"
yt-4I9dsYH0qjk,video,How To Reprogram Your Subconscious Through Journaling: Holistic Psychologist Dr. Nicole Lepera,@thefutur,https://www.youtube.com/watch?v=4I9dsYH0qjk,2020-07-08,2026-07-14,L2,2,mindset,"NOT CHRIS — Reprogram Subconscious via Journaling; Ricky host + guest DR. NICOLE LEPERA ('The Holistic Psychologist'); Chris absent; do-not-train; 'Future Self Journal' (write present-tense as-if-already-true), brain-doesn't-know-real-vs-imagined = HERS; nicole-lepera hold-if-recurs; not L3"
yt-1kztDKkifEA,video,Don't Live Your Parent's Plan—Why The Past Is A Poor Predictor Of The Futur,@thefutur,https://www.youtube.com/watch?v=1kztDKkifEA,2020-07-06,2026-07-14,L2,2,mindset,"Don't Live Your Parent's Plan (Chris confirmed; garbled guest + Greg Gunn outro=context); NEW: parents'-outdated-OS crystallized as ATARI-2600-vs-PS4 analogy; 'the past is a poor predictor' (iPhone→GPS/maps/pagers; AI/deepfakes); love-the-work-outperform-those-who-hate-it; 'living-for-the-weekend = something's wrong' test; Seth Godin The Dip (scarcity=biggest-driver-of-value); BIO: many cousins in traditional professions (law/dentistry/engineering/medicine), many unhappy [immigrant-parents NOT explicitly stated]; L3-candidate"
yt-dyyemDtFSkc,video,The Secret To Making Money w/ Unmesh Dinda PixImperfect,@thefutur,https://www.youtube.com/watch?v=dyyemDtFSkc,2020-07-03,2026-07-14,L2,2,mindset;business,"Secret To Making Money w/ UNMESH DINDA (PiXimperfect, guest ~60%=context; Jim Rohn 70/10/10/10 = Unmesh's); Chris small: recurring Zig Ziglar 'help enough people get what they want' (dated 2020) + BIO color (at 23 blew early money on comics/toys, self-critical); poor transcript; not L3 (weak)"
yt-nd_PiEWF54A,video,How we use Notion at The Futur for Design and Marketing Projects,@thefutur,https://www.youtube.com/watch?v=nd_PiEWF54A,2020-06-29,2026-07-14,L2,2,content-strategy;business,"NOT CHRIS — 'How we use Notion at The Futur' (Notion-sponsored ops tutorial); narrator BEN STROH + Natalia/Alex team; Chris 3rd-person ('Matthew & Chris manage YouTube'); do-not-train; FUTUR ORG context (Kickstarter-style pre-launch validation w/ refunds, Tuesday-launches, 3-5wk pre-launch, async-first remote, channel-ownership map); ben-stroh=new team member; not L3"
yt-o1ObxQOgdHQ,video,How To Learn & Create New Visual Styles,@thefutur,https://www.youtube.com/watch?v=o1ObxQOgdHQ,2020-06-26,2026-07-14,L2,2,design-craft;mindset,"How To Learn & Create New Visual Styles (Chris confirmed, 'assignment I give my students'); NEW: 'FIVE UNCOMFORTABLE VARIABLES, introduce one at a time as a constraint' exercise; the 'MASTER COPY' exercise (rebuild a design you love as closely as possible to absorb a new visual vocabulary); 'those spots are already taken' (develop a uniquely-you POV); L3-candidate"
yt-c0FbJfds2jg,video,How To Raise Your Rates When Someone Says 'I Thought You Were Less Expensive',@thefutur,https://www.youtube.com/watch?v=c0FbJfds2jg,2020-06-25,2026-07-14,L2,2,pricing;sales-clients,How To Raise Rates ('I Thought You Were Cheaper') — Chris coaching (confirmed solo). NEW: FAVOR-PRICE reframe (frame the old rate as a ONE-TIME relationship favor tied to a point-in-time; can't run sustainable biz at that price); 'BIRDS OF A FEATHER' referral-budget-anchoring (referrals cluster at your past band → deliberately break out); qualify-budget-early on referrals (you know the source); close-the-gap-to-Pentagram + make-work-look-expensive (Behance→IG lead-gen); L3-candidate
yt-M0WKce87Nc0,video,Justin Trudeau's 21 Seconds Of Silence Is Powerful—Author Cynthia Kane Explains Why,@thefutur,https://www.youtube.com/watch?v=M0WKce87Nc0,2020-06-24,2026-07-14,L2,2,mindset;sales-clients,"NOT CHRIS — Trudeau 21s-silence w/ CYNTHIA KANE (guest; host=Matthew Encina per outro, uncertain); do-not-train; grounding-vs-weaponized-silence, comfortable-with-the-pause, 'advice monster' (Bungay Stanier); overlaps Chris's silence material but is Cynthia's — keep separate; not L3"
yt-1KXHygr_dZc,video,"Get Three Agreements: Goals, Context & Constraints Before You Start",@thefutur,https://www.youtube.com/watch?v=1KXHygr_dZc,2020-06-23,2026-07-14,L2,2,sales-clients;design-craft,"Three Agreements (goals/context/constraints) — ⚠️ attribution:uncertain, LIKELY MATTHEW ENCINA (names 'Ben', assigns designer-1/2/3, plugs PM-course/pitch-kit); do-not-train pending; goal/context/parameters brief framework + decode coded-language + delegate-with-roles; L3-candidate (GATED)"
yt-f7-VV06V8uY,video,How To Talk About Budget w/ Cynthia Kane,@thefutur,https://www.youtube.com/watch?v=f7-VV06V8uY,2020-06-22,2026-07-14,L2,2,sales-clients;mindset,"NOT CHRIS — Talk About Budget w/ CYNTHIA KANE (guest communication-coach ~all content; her doctrine, kept OUT of Chris's ask-budget-first lane); uncertain host + Encina outro; do-not-train; raise-issues-early-and-small, laundry-pile-up metaphor, proactive over-budget script; cynthia-kane entity candidate; not L3"
yt-1bWeEBjE2wI,video,Should You Show Process Books In Your Portfolio?,@thefutur,https://www.youtube.com/watch?v=1bWeEBjE2wI,2020-06-21,2026-07-14,L1,2,,no-captions (no subtitles available)
yt--XclqJI_ix0,video,How To Talk To Clients That Use Abstract & Unclear Language—Client Roleplay,@thefutur,https://www.youtube.com/watch?v=-XclqJI_ix0,2020-06-19,2026-07-14,L2,2,sales-clients;design-craft,"NOT CHRIS — Talk To Clients w/ Abstract Language, MATTHEW ENCINA (on-screen 'Matthew showcases', interviews 'Ben', plugs his PM-course/pitch-kit); do-not-train; 'BAIT WORDS' decode one-attribute-at-a-time (color/type/whitespace/texture/contrast) + mood-board gut-check; not L3"
yt-RPbrWeBLk1c,video,Your Client Needs You More Than You Need Them,@thefutur,https://www.youtube.com/watch?v=RPbrWeBLk1c,2020-06-18,2026-07-14,L2,2,mindset;sales-clients,"Your Client Needs You More — 2-speaker; substantive 'drop-the-story' emotional-protocol = UNNAMED GUEST; host (maybe Chris, unconfirmed) reflects 'you are the prize'; Encina outro → attribution:uncertain, do-not-train pending; you-are-the-prize abundance-reframe + label-story/name-feeling/choose-target-feeling; not L3"
yt-bcrO04jp9fk,video,How Much To Charge As A Freelancer,@thefutur,https://www.youtube.com/watch?v=bcrO04jp9fk,2020-06-16,2026-07-14,L2,2,pricing;business,"NOT CHRIS — How Much To Charge As A Freelancer, MATTHEW ENCINA (self-ID 'I am your host Matthew Encina'); do-not-train; 3 billing models (hourly/day/project), junior-mid-senior ladder, Joey-Korenman hiring-slide (rate=least-important); Futur context; not L3"
yt-CvUPNobpqZ4,video,Six Tips to Help You Get Hired Out of Design School,@thefutur,https://www.youtube.com/watch?v=CvUPNobpqZ4,2020-06-15,2026-07-14,L2,2,branding;sales-clients;business;mindset,"Six Tips Get Hired Out of Design School — MIXED (Ricky host; Chris does 3 of 6, Charlie + Matthew Encina do others=context). Chris-attributed NEW: market-to-FEWER applied to JOB-HUNTING (research <=10 target companies 'FBI style', $1000-across-1000-vs-10 effort analogy), LinkedIn-RECIPROCITY (block those whose 1st interaction asks-for-job/sells), WORK-ANYWHERE (<15% of clients met face-to-face in 24 yrs), portfolio 'show what you want to be HIRED for not what you do'; BIO: '24 years running a business' (2020); partial L3 (Chris segments only)"
yt-ujxvy5NjeRQ,video,How to Learn Anything! For Creatives & Self Learners—Whiteboard Session Homeschool Edition,@thefutur,https://www.youtube.com/watch?v=ujxvy5NjeRQ,2020-06-09,2026-07-14,L2,1,mindset;content-strategy,L3-candidate: Five Ingredients method + learn-reflect-implement-share cycle; 15 quotes
yt-31Uc5TA8ntA,video,Make A Case Study That Gets Client Work,@thefutur,https://www.youtube.com/watch?v=31Uc5TA8ntA,2020-06-08,2026-07-14,L2,2,content-strategy;design-craft;sales-clients,"Make A Case Study That Gets Client Work (Chris confirmed, 'portfolios at Blind'); NEW: CAPABILITIES DECK (pre-proposal artifact for prospects 'fishing'), case-study 'secret formula' (title→visuals→summary→body; 3-part summary = client-mission→outcome→MEASURABLE-impact), StoryBrand client=hero/you=guide (Donald Miller; Luke/Obi-Wan), CAPTURE-THE-MIDDLE process-visuals (sketches/wireframes/postits 'golden'), 'nothing worse than a case study about kerning'; L3-candidate"
yt-5JC2gx2fh2c,video,How Much To Charge For Professional Commercial Photography,@thefutur,https://www.youtube.com/watch?v=5JC2gx2fh2c,2020-06-01,2026-07-14,L1,2,,no-captions (no subtitles available)
yt-UtDiO5lH-kE,video,Why Working Harder Isn't Getting You Closer To Your Goals,@thefutur,https://www.youtube.com/watch?v=UtDiO5lH-kE,2020-05-28,2026-07-14,L2,2,mindset;business,"Why Working Harder Isn't Getting You Closer (Chris coaches Ricky=context); NEW: 'EVERY YES IS A NO' (opportunity cost), Parkinson's-Law-in-his-words, the 'TWO INTENTIONS' choice (get-job-done vs feel-good/be-right), memento-mori (finite breaths), effort-by-RESULTS-not-hours hard rule (same-outcome→faster-wins); L3-candidate"
yt-NmvSuZeDw60,video,Speak More Confidently: An Introverts Guide to Working with Clients,@thefutur,https://www.youtube.com/watch?v=NmvSuZeDw60,2020-05-26,2026-07-14,L2,2,sales-clients;mindset,"NOT CHRIS — 'Introverts Guide to Working with Clients' = MATTHEW ENCINA (self-ID); do-not-train; ⚠️ CONFLATION RISK: the wallflower/introvert bio here is ENCINA's NOT Chris's (Chris=loud-introvert — keep separate); 3 lessons (slow-down/deliberate-silence, 'I don't know' is fine, be-curious); recs Coaching-Habit/Celeste-Headlee; not L3"
yt-buq8BbkVTdg,video,Original Is Just A Remix of Old Ideas Presented In A New Way,@thefutur,https://www.youtube.com/watch?v=buq8BbkVTdg,2020-05-25,2026-07-14,L2,2,design-craft;mindset;content-strategy,"Original Is Just A Remix (Chris confirmed; student Qs=context); NEW techniques atop anti-originality stance: redefine target 'new to THIS audience', ADJACENT-FIELD cross-pollination ('the secret to originality is to hide your sources'; fashion→architecture etc, 'creative watering hole'), 'big small' scale-flip, macro-lens assignment, 'we're not looking for new, we're looking for FAMILIAR presented differently'; L3-candidate"
yt-O6Zordo0OXE,video,How To Give Feedback To Teams That Empower & Engage Creativity,@thefutur,https://www.youtube.com/watch?v=O6Zordo0OXE,2020-05-22,2026-07-14,L2,2,business;design-craft,"Give Feedback To Teams (Chris solo, confirmed 'my team'/'Ben'); NEW 6-step internal-critique protocol: FEEL → why → what-specifically → HAND FIX BACK to the maker → recommend only if stuck → negotiate; 'don't rob them of their creativity' (director facilitates, doesn't supply ideas); silence-drill (3s→5s→longer, name-the-pause); scaling rationale ('can't be the only creative genius → you don't scale'); L3-candidate"
yt-MBNbFww_bNw,video,How To Create Your Ideal Client w/ Greg Hickman,@thefutur,https://www.youtube.com/watch?v=MBNbFww_bNw,2020-05-18,2026-07-14,L2,2,sales-clients;business;content-strategy,"NOT CHRIS — 'Create Your Ideal Client w/ Greg Hickman' = 100% GREG HICKMAN (guest, productized-services/onboarding consultant); Chris absent from transcript; do-not-train; train-clients-during-signing-gap/automated-onboarding/kill-scope-creep; greg-hickman entity candidate; not L3"
yt-5EQydy8ixo8,video,There Are Only Two Intentions In Life—Making Hard Decisions,@thefutur,https://www.youtube.com/watch?v=5EQydy8ixo8,2020-05-13,2026-07-14,skipped,2,,STUCK-RETRY: persistent 429 across ~35 batches (There Are Only Two Intentions In Life); parked to stop clogging batch selection; flip back to L0 for a dedicated retry sweep later
yt-pn8108evPVk,video,How To Automate Logo Designs for Any Client,@thefutur,https://www.youtube.com/watch?v=pn8108evPVk,2020-05-11,2026-07-14,L2,2,business;design-craft;sales-clients,"NOT CHRIS — Automate Logo Designs, unnamed Futur coach (plugs 'my PM course + pitch kit'); do-not-train; productize/'pre-loaded done-for-you' (descriptor-words→prebuilt style-scapes, templatized worksheets; Built to Sell); not L3"
yt-WcIKtetf2p8,video,3 Tips to Have a Long and Successful Creative Career,@thefutur,https://www.youtube.com/watch?v=WcIKtetf2p8,2020-05-06,2026-07-14,L2,2,mindset;content-strategy,"NOT CHRIS — MATTHEW ENCINA solo (self-ID x2; his own life: Coldplay 'Ink' 2014, founded studio 2007 closed 2009 post-crash); do-not-train; '3 tips: start-before-ready / failure=lesson-to-future-self / experiences-compound'; confirms Encina team-hosted solo content; not L3"
yt-fmiX7cN1CnU,video,Managing Your Team – Should You Let Them Fail?,@thefutur,https://www.youtube.com/watch?v=fmiX7cN1CnU,2020-05-04,2026-07-14,L2,2,business;mindset,"Managing Team/Let Them Fail — coaching (Matthew coachee + Greg Gunn plug=context); ⚠️ primary coach voice UNCERTAIN (softer/therapeutic register, likely Chris unverified) — do-not-train pending; NEW: touch-the-stove consequence-teaching, RUBBER-BAND-expansion progressive delegation, OVER-responsibility-vs-responsibility, fail-at-manageable-scale, pattern-interrupt; L3-candidate (gated)"
yt-UDTCC-uyJF0,video,"Building a Brand, A Design Documentary – Season 1 Trailer",@thefutur,https://www.youtube.com/watch?v=UDTCC-uyJF0,2020-05-01,2026-07-14,L2,2,branding;content-strategy,"NOT CHRIS — Building a Brand S1 TRAILER (montage); Hamiltons (Josh/Christine) + Ben Burns + Matthew Encina; Chris absent; do-not-train; entities/blind context (Hamilton Family Brewery, Rancho Cucamonga); not L3"
yt-HbKnXeZAXoU,video,Why I Started To Charge $10k Per Day—The Whole Story,@thefutur,https://www.youtube.com/watch?v=HbKnXeZAXoU,2020-04-30,2026-07-14,L2,2,pricing;business,⚠️ MISLEADING TITLE — David C. Baker interview; the $10k/day (now $18k) is BAKER's rate NOT Chris's (do NOT file as Chris pricing — would contradict $5k/hr claim); Chris=interviewer; BIO nugget (Chris-attributed): his $10k/day-OBSESSION origin (friend Fabian Geyrhalter mentioned a consultant @$10k/day → 'one of the reasons I do what I do now') — L3 only for that bio; NOTE: 'Fabian Geyrhalter' likely = the garbled 'Fabian Geralt' from yK7Rk7Oe588; do-not-train (rate=Baker)
yt-HNoLn3rapK4,video,Getting Paid To Think w/ David C. Baker,@thefutur,https://www.youtube.com/watch?v=HNoLn3rapK4,2020-04-29,2026-07-14,L2,2,pricing;business,"⚠️ CORRUPTED/mismatched auto-captions (word-salad, Death-Stranding/Dragon-Age) — David C. Baker interview but transcript UNUSABLE; placeholder only, needs re-fetch/Whisper; SPOT-CHECK sibling Baker vids for same bad-caption batch; not L3"
yt-J0tma7rn-rY,video,How To Position Your Design Company And Reduce Competition,@thefutur,https://www.youtube.com/watch?v=J0tma7rn-rY,2020-04-28,2026-07-14,L2,2,branding;business,"David C. Baker interview (positioning segment; sibling of vWAeE4jccs8); ~all Baker frameworks=context (green-zone/optimum-competitors, competitor-count-test 10-200, vertical-vs-horizontal, Google-ized 6-7-of-20-local travel-test); Chris=interviewer (thin); do-not-train; not L3"
yt-vWAeE4jccs8,video,Business Advice For Small Creative Firms w/ David C. Baker,@thefutur,https://www.youtube.com/watch?v=vWAeE4jccs8,2020-04-27,2026-07-14,L2,2,business;sales-clients,"Business Advice Small Firms w/ David C. Baker (guest ~90%, frameworks=context: firm-sizing 'smaller than your opportunity', feeding-the-machine, reverse-build-the-pyramid, 'whoever wants it worst is the loser'); Chris=interviewer; do-not-train; BIO: Chris admits Futur fell into over-hiring 'feeding the machine' trap; partial transcript; not L3"
yt-uBTOI1QG9pc,video,Why Offering To Help Will Get You A Call Back,@thefutur,https://www.youtube.com/watch?v=uBTOI1QG9pc,2020-04-27,2026-07-14,L2,2,sales-clients;mindset,NOT CHRIS — Ben Burns host + guest Errol Gerson/CPA (the 'what can I do to help you?' vs 'got any work?' reframe is GERSON's); Chris named 3rd-person only; do-not-train; not L3
yt-tnpiuqoA-pQ,video,How To Master The Elevator Pitch And Make A Great First Impression,@thefutur,https://www.youtube.com/watch?v=tnpiuqoA-pQ,2020-04-24,2026-07-14,L2,2,sales-clients;branding,Elevator Pitch — the 'You know how [problem] / I-We solve that [solution] / Here's the proof [examples]' 3-part template; ⚠️ UNCERTAIN narrator (Ricky refers to Chris 3rd-person) — do-not-train pending verification; Pro-member demos=context; L3-candidate (gated)
yt-kLgixmrLUlg,video,5 Tips To Get More Instagram Followers (7 minute video),@thefutur,https://www.youtube.com/watch?v=kLgixmrLUlg,2020-04-23,2026-07-14,L2,2,content-strategy,NOT CHRIS — IG series pt4 (5-tips-more-followers); unnamed team member (refers to Chris 3rd-person 'Chris did a bad job explaining'; likely Ben Burns unconfirmed); do-not-train; post-2x/day/reply-to-all/comments→carousels/hashtag-mix; not L3
yt-t-7kpMQsRCA,video,Why Your Instagram Carousels Are Being Ignored— Use AIDA technique,@thefutur,https://www.youtube.com/watch?v=t-7kpMQsRCA,2020-04-22,2026-07-14,L2,2,content-strategy;branding,"IG series pt3 (carousels/AIDA) — CHRIS confirmed (first-person 'my pro community'/'my wife'/'when I taught sequential design'; Ricky 7s intro=context); NEW: AIDA-for-carousels (Desire=give-details), get-past-SLIDE-3-or-algorithm-suppresses, 'magic 8' middle (10 max minus hook+CTA), slide-1=type+image magnet, densest-value-in-MIDDLE, breath/comma=new-slide, 'cotton candy' empty-content; L3-candidate"
yt-ZkQM-WBeRjc,video,How To Define Your Audience For Instagram,@thefutur,https://www.youtube.com/watch?v=ZkQM-WBeRjc,2020-04-21,2026-07-14,L2,2,content-strategy,"NOT CHRIS — IG series pt2 (define-audience); RICKY (self-ID 'Ricky here'); do-not-train; build-audience-not-customers, day-in-the-life gaps × your strengths, highest-impact/least-effort; not L3"
yt-ZbFak7vZvVQ,video,Why You Should Use New Features To Exploit The Instagram Algorithm (4 min video),@thefutur,https://www.youtube.com/watch?v=ZbFak7vZvVQ,2020-04-20,2026-07-14,L2,2,content-strategy,"IG series pt1 (new-features/algorithm); Ricky intro + UNCONFIRMED main speaker (never self-IDs) — attribution:uncertain, do-not-train; 'big three' platforms, adopt-new-features-early; not L3"
yt-mXi7SGXZYVQ,video,How to Protect Yourself from Bad Clients,@thefutur,https://www.youtube.com/watch?v=mXi7SGXZYVQ,2020-04-14,2026-07-14,L2,2,sales-clients;business;pricing,"NOT CHRIS — 'Brutally Honest w Emily Cohen' (guest design-biz consultant; frameworks HERS: 'raise fee ~10% per red flag', red-flag inventory, fire-1-client/yr, firing scripts); Chris = host/reactor + 'can you fire me?' roleplay; do-not-train; emily-cohen entity candidate; not L3"
yt-mpOGY4bMoWQ,video,Stop Saying What Everyone Else Is Saying—Tell Me Something I Don't Know,@thefutur,https://www.youtube.com/watch?v=mpOGY4bMoWQ,2020-04-13,2026-07-14,L1,2,,no-captions (no subtitles available)
yt-tgjSyB7pXb4,video,Make A Living Doing What You Love—Practical Advice,@thefutur,https://www.youtube.com/watch?v=tgjSyB7pXb4,2020-04-08,2026-07-14,L2,2,business;content-strategy;pricing,"Make A Living Doing What You Love (Chris coaches drummer Blair=context); RARE 2020 FUTUR FINANCIALS (self-reported): $3.1M prior yr, YT ~$10-12k/mo, coaching-group ~$30k/mo, sponsorships $10k+/ep, book-Kickstarter >$70k (floor $20k), 12 staff; fame-vs-price, AUDIENCE-as-core/product-as-distraction, course-bundling, 'garage sale' monetization (Rework), little-buckets-collect-rain multi-income; L3-candidate"
yt-0lRXUzwFvHY,video,How Your Beliefs Limit Your Potential,@thefutur,https://www.youtube.com/watch?v=0lRXUzwFvHY,2020-04-06,2026-07-14,L2,2,mindset,"⚠️ CORRUPTED/MISMATCHED auto-captions (word-salad, wrong track — IELTS/Dragon-Ball); placeholder page only, NOT ingested — needs re-fetch or Whisper re-transcription; title=How Your Beliefs Limit Your Potential; not L3"
yt-ho3lPg4C6gg,video,"Work From Home Setup: Kids, Distractions, and Workspace – by The Futur",@thefutur,https://www.youtube.com/watch?v=ho3lPg4C6gg,2020-04-03,2026-07-14,L2,2,mindset,"WFH Setup — multi-speaker Futur team (Matthew/Ben+Elyse Burns/Greg Gunn/Elle=context; the introvert/focus-sprints/Eisenhower bit is MATTHEW not Chris); Chris ONLY closing BOOK-READING METHOD (read TOC first, read twice [skim then analytical 90min-blocks], annotation-legend/building-blocks; Voss-say-last vs Enns-say-first); mostly do-not-train; not L3"
yt-wIzlb_iYZjY,video,Coping With Fear & Anxiety In Difficult Times,@thefutur,https://www.youtube.com/watch?v=wIzlb_iYZjY,2020-04-02,2026-07-14,L2,2,mindset,"Coping With Fear/Anxiety (COVID Apr-2020) — Chris interviews therapist WESLEY LITTLE (guest=context); Chris COVID-dated: two-polar-extremes (under-reactors vs panic-hoarders), NARRATIVE-REFRAME coping (story from feelings-not-facts → choose better), overwhelm-remedy (name 3-things-right-now, be-my-own-boss), 'ball of rubber bands', resists word 'coping'→'life philosophy'; not L3"
yt-01UOEz1Ed4M,video,The Best Sales Technique—Talk Less Listen More,@thefutur,https://www.youtube.com/watch?v=01UOEz1Ed4M,2020-04-01,2026-07-14,L2,2,sales-clients;mindset,"Talk Less Listen More (Chris coaches Pro-Group; members=context); NEW: therapist/consultative-selling metaphor ('their own advice is the best advice'), lion-and-sheep respect frame, 'WHAT COMPELS YOU TO OPEN YOUR MOUTH?' self-diagnostic (urge-to-speak = validation-seeking/silence-discomfort/need-to-entertain), 'when you stop selling you start closing', count-to-20 restraint, 'death eyes' anecdote; L3-candidate"
yt-082H4FftCY8,video,How To Double Your Income As A Solopreneur,@thefutur,https://www.youtube.com/watch?v=082H4FftCY8,2020-03-25,2026-07-14,L2,2,pricing;business,Double Your Income As A Solopreneur (Chris solo); BID-BUILDUP method (research market rate 3+ data-points → price AS IF hiring someone at/above your level + sales/production/coordinator roles + 20-30% profit + padding → reveals underpricing); 'investor whose money makes money'; freelancer→full-time ladder; 'creatives find it hard to fire'; Grant Cardone analogy; L3-candidate
yt-s5MWPNIBPRQ,video,How To Pick Yourself Up From Rock Bottom,@thefutur,https://www.youtube.com/watch?v=s5MWPNIBPRQ,2020-03-23,2026-07-14,L2,2,mindset;business,"Pick Yourself Up From Rock Bottom (Chris coaches Pro-Group member=context); the STORY-you-tell-yourself-when-you-fall, expectations/ATTACHMENT=root-of-sadness, live-in-present-self (not future/past), 'house made of assumptions falls over', practice-group=safest-cheapest-place-to-fail; BIO: business-coach ~13 yrs weekly-2hrs 'without fail', only ~yr-13 felt 'I got this'; no-COVID-content; L3-candidate"
yt-bm9BrG5EiNA,video,The Truth About Your High Expectations and Your Creativity,@thefutur,https://www.youtube.com/watch?v=bm9BrG5EiNA,2020-03-20,2026-07-14,L2,2,mindset;content-strategy,"NOT CHRIS — High Expectations & Creativity, host MATTHEW ENCINA + guest Melanie Whitney; Chris absent; do-not-train; don't-attach-to-outcome/'you are enough'; Futur context (Design-From-Scratch underperformed Building-A-Brand); not L3"
yt-TmPHqX2P3vM,video,Specialize or Generalize - Niche or Broad - What to do when picking a field,@thefutur,https://www.youtube.com/watch?v=TmPHqX2P3vM,2020-03-19,2026-07-14,L2,2,branding;business;mindset,"Specialize or Generalize (Chris solo); SPECIALIZE EXTERNALLY / GENERALIZE INTERNALLY (show world one deep expertise, keep passions private); HALO BIAS (great-at-one→assumed-great-at-all = positioning payoff); portfolio 3-4 pieces (judged by your WORST); Blair Enns novelty-addiction + Jordan Peterson divergent-thinkers; BIO: first ad job w/ 4 conceptual pieces in a FedEx box; L3-candidate"
yt-aT-Z2R4vJSQ,video,How To Measure The Effectiveness Of Branding,@thefutur,https://www.youtube.com/watch?v=aT-Z2R4vJSQ,2020-03-06,2026-07-14,L2,2,branding;business,"Measure Branding Effectiveness — Jonah host + MARTY NEUMEIER (guest, brand-ladder=HIS IP) + Chris co-articulates; do-not-train (framework=Neumeier); brand-ladder satisfaction→delight→engagement→empowerment (Brand Flip), 'you join brands', measure via YoY engagement; influence pointer; not L3"
yt-xE1onB5dVI8,video,How To Respond When Someone Can't Afford You,@thefutur,https://www.youtube.com/watch?v=xE1onB5dVI8,2020-02-26,2026-07-14,L2,2,pricing;sales-clients,"Respond When Can't Afford You (Chris; Eric-Sweet intern narrator=context); CHARITY-vs-CLIENTS cut ('not broke, just broken; their cause is capital'), pro-bono-ratio 10:1, BARTER/non-cash-value MENU ($-value each), exposure-doesn't-count-(you-can-get-it-yourself), 'exposure as an ACT not a word', barter-must-EXCEED-cash-price, equity-in-lieu-of-fee; L3-candidate"
yt-ba4TH9C4qAU,video,Be The First To Raise Client Objections,@thefutur,https://www.youtube.com/watch?v=ba4TH9C4qAU,2020-02-24,2026-07-14,L2,2,sales-clients,Be First To Raise Objections (Chris; Ricky host=context); ACCUSATION AUDIT (Chris Voss/Never-Split-the-Difference) — preempt the 3 objections (too-expensive/not-enough-experience/no-guarantees); conditional U-TURN ('if X matters you shouldn't hire us'); ~$700K project reframe; BIO: '19 years in business' (2020); L3-candidate
yt-kk9kJIg8SXI,video,Find & Hire Your First Freelancer,@thefutur,https://www.youtube.com/watch?v=kk9kJIg8SXI,2020-02-20,2026-07-14,L2,2,business;sales-clients,"Find & Hire Your First FREELANCER (Chris; editor=context); NEW (distinct from employee-hiring): portfolio-matches-EXACT-style you need ('they do what they show you'), 'DATABASE OF 12' bench (low/mid/high price), short PAID TRIAL de-risk, trust-your-gut + process-convo, 'they're the freelancer not you'; L3-candidate"
yt-Zgfz97BZwXA,video,Why Emails Are Bad For Business— Skip The Email & Pick Up The Phone,@thefutur,https://www.youtube.com/watch?v=Zgfz97BZwXA,2020-02-18,2026-07-14,L2,2,sales-clients;business,"NOT CHRIS — Why Emails Bad, host Jonah narrating a Chris Pro-Group protocol in 3RD PERSON ('either Chris or another manager'); do-not-train; push-to-live-call-as-commitment-test / send-video-if-email / drop-if-wont-commit (Futur process); not L3"
yt-oH2R_fJOFI0,video,When You Help Others You Also Help Yourself,@thefutur,https://www.youtube.com/watch?v=oH2R_fJOFI0,2020-02-17,2026-07-14,L2,2,mindset,"When You Help Others — 2-voice unlabeled, attribution:uncertain (plausibly Chris but unverified); do-not-train pending; give-first framings (helping-as-non-monetary-'payment', 'planting seeds', see-yourself-through-loved-ones'-eyes); both speakers endorse close so Chris-consistent; not L3"
yt-jgQiX-n7aEE,video,My First Self Published Book Sold Out! Thank you.,@thefutur,https://www.youtube.com/watch?v=jgQiX-n7aEE,2020-02-13,2026-07-14,L2,2,mindset;branding;content-strategy,"My First Self-Published Book Sold Out (Chris solo; Ricky helps read backers=context); BIOGRAPHY: POCKET FULL OF DO = first-ever/first-self-published book, Kickstarter-funded, extra copies SOLD OUT in 48h (2020-02), formats ebook/Audible/physical, structure Ch1-Relationships/Ch2-Creativity/Ch3-Beliefs; 'to be interesting be interested', 'fail forward', 'no victims just volunteers'; introvert-coping-trick (shift attention off self); L3-candidate"
yt-vHlLtOzSjks,video,Fake It Till You Make It Explained,@thefutur,https://www.youtube.com/watch?v=vHlLtOzSjks,2020-02-11,2026-07-14,L2,2,mindset,"NOT CHRIS — Fake It Till You Make It, host Jonah (self-ID) + Greg Gunn outro; do-not-train; 'believe it till you achieve it'/act-as-if/Rodney-Mullen/Roger-Bannister; useful contrast to Chris's fake-it-while-you-learn; not L3"
yt-5SMxKlH7kZM,video,Before You Design A Logo Do This One Thing,@thefutur,https://www.youtube.com/watch?v=5SMxKlH7kZM,2020-02-06,2026-07-14,L2,2,design-craft;branding;sales-clients,"Before You Design A Logo — ~95% PAULA SCHER (Pentagram, guest=context; trademark-book sticky-note taste-sorting exercise, multi-decision-maker consensus test); Chris only intro+1 Q; paula-scher entity candidate; not L3 (guest-led)"
yt-DWBZRZRkEGk,video,Teach While You Learn w/ Melinda Livsey Ep. 21,@thefutur,https://www.youtube.com/watch?v=DWBZRZRkEGk,2020-02-04,2026-07-14,L2,2,mindset;business;branding;content-strategy,"Teach While You Learn w/ Melinda Ep.21 (Melinda=context); NEW: educate=draw-out, AUDIENCE-owns-the-expert-label (Neumeier extension), BUYER-determines-value (video-game-skins), let-market-decide-who-teaches, being-good-at-doing-makes-worse-teacher, iterate-frameworks-like-software vs bank-robbery-rigor, to-teach-be-coached-yourself, we-buy-a-DESTINATION-not-product; L3-candidate"
yt-fVLK9fJoM1g,video,How To Use Pricing Options In Your Bids & Proposals,@thefutur,https://www.youtube.com/watch?v=fVLK9fJoM1g,2020-02-03,2026-07-14,L2,2,pricing;sales-clients,"Pricing Options in Bids/Proposals (Chris; Ricky=context; coachee Shia); always present 3 OPTIONS so client 'compares you against YOURSELF' not shops around; build high-anchor by stacking (coaching+training+oversight); verbal script ('3 options I crafted for you', state TOP price first + PAUSE); $5k/$20k-most-popular/$45k-White-Glove; wine-list reset-the-ladder; L3-candidate"
yt-SduKH5rf850,video,Hiring Your First Employee As An Entrepreneur,@thefutur,https://www.youtube.com/watch?v=SduKH5rf850,2020-01-31,2026-07-14,L2,2,business;mindset,"Hiring Your First Employee (Chris; Ricky+coachee Ash=context); INTERN-BRIDGE first-hire (paid intern from nearby school, churn for fit), hire-LEAST-essential-functions-FIRST, mentorship-as-compensation, 'keeper' self-identifies by asking-for-more, Maker-Hat→Entrepreneur-Hat, use-margin-to-buy-back-time, 'dibs on the dream project'; L3-candidate"
yt-Dw4pu71m_Ws,video,"Overcoming Struggle, Power Of Vulnerability",@thefutur,https://www.youtube.com/watch?v=Dw4pu71m_Ws,2020-01-30,2026-07-14,L2,2,mindset;branding,"Overcoming Struggle/Vulnerability — Chris interviews Katherine 'Kathy' Dyer (cancer survivor guest=context, NOT family); BIOGRAPHY/IDENTITY: wife accuses him of not letting her in emotionally ('she wants the robot to feel'), accused of not-being-relatable/few-struggle-stories, introvert/analytical self-ID; Tony Hsieh airport-driver character test; not L3"
yt-bBEYQqHqR98,video,How To Build Self Confidence and Discover What You Know,@thefutur,https://www.youtube.com/watch?v=bBEYQqHqR98,2020-01-27,2026-07-14,L2,2,mindset,"Build Self Confidence / Discover What You Know (Chris; Ricky+team=context); confidence-REBUILT-through-teaching, 'clarity through articulation', best-coaches-never-reached-mastery (MJ can't explain how he scores); BIOGRAPHY: ~2000 BURNOUT origin (young hotshot, 'designer lifespan 5 yrs', spiral → teach ArtCenter/Otis on 3mo sabbatical → never doubted again) = backstory to 'I forgot what I knew'; L3-candidate"
yt-4tKF7Gp0414,video,Imposter Syndrome: Expertise Vs. Mastery,@thefutur,https://www.youtube.com/watch?v=4tKF7Gp0414,2020-01-21,2026-07-14,L2,2,mindset;content-strategy;branding,"Imposter: Expertise vs Mastery ('Thinking Critically' debate; Chris × Alec Miller guest=context); NEW: EXPERT (beholder's title, can accept) vs MASTER (higher category others bestow, never self-claim), subjective-vs-objective expertise, David C. Baker Business-of-Expertise, imposter=inability-to-recognize-your-strengths, disclose-only-relevant; L3-candidate"
yt-GEAKZAa1kLI,video,Perfectionism Is A Trap—Quantity Over Quality,@thefutur,https://www.youtube.com/watch?v=GEAKZAa1kLI,2020-01-15,2026-07-14,L2,2,mindset;content-strategy,NOT CHRIS (uncertain) — multi-speaker panel (host Jonah + guests); Chris not identifiable; do-not-train pending verification; quantity>quality/perfectionism-trap (Art&Fear parable NOT cited); not L3
yt-GAxyQ-TzOoc,video,Most Important Sales Skills To Learn,@thefutur,https://www.youtube.com/watch?v=GAxyQ-TzOoc,2020-01-13,2026-07-14,L2,2,sales-clients;mindset,Most Important Sales Skills (Chris; Ricky host=context); twin-constraint (difficult-to-THINK + difficult-to-DECIDE) → help-them-think + remove-fear-of-deciding; question-quality-signals-expertise; Socratic-excavation; 'clients more afraid of you than you of them' (Kier McLaren) → create safe space; don't-let-client-self-diagnose; L3-candidate
yt-d7V7eJn3-oc,video,My Struggle To Find Self Acceptance,@thefutur,https://www.youtube.com/watch?v=d7V7eJn3-oc,2020-01-11,2026-07-14,L2,2,mindset,"My Struggle To Find Self Acceptance (Chris solo); BIOGRAPHY: childhood wanted-ACCEPTANCE-not-love, deliberate INVISIBILITY to avoid bullying, self-repression cost his voice/identity, recovery via radical self-acceptance; self-descriptors cantankerous/sardonic/quirky/cranky; stance-on-haters 'come into the light'; L3-candidate"
yt-LEKeZTMp03A,video,The PERFECT Sales Call Script,@thefutur,https://www.youtube.com/watch?v=LEKeZTMp03A,2020-01-03,2026-07-14,L2,2,sales-clients;pricing;branding,"Perfect Sales Call Script — Chris × Marty Neumeier (guest=context); Marty's cold-call SCRIPT (disarm→category-specialist→free-high-value-slideshow→client-self-books→over-deliver→own-category) + category-ownership→pricing-power + 'fish jumps in the boat' + price-anchor-high; Chris commentary=persona, Marty-tactics=context; L3-candidate"
yt-sO4te2QNsHY,video,What Is Branding? 4 Minute Crash Course.,@thefutur,https://www.youtube.com/watch?v=sO4te2QNsHY,2019-12-31,2026-07-14,L2,1,branding;business,Marty Neumeier interview - branding definition is Neumeier's (context); only 2 Chris quotes (brand=reputation)
yt-RFk8ZmIDrFM,video,When Client Says 'Your Price Is Too High'– How To Respond Role Play,@thefutur,https://www.youtube.com/watch?v=RFk8ZmIDrFM,2019-12-26,2026-07-14,L2,1,sales-clients;pricing;business,L3-candidate: price-objection two-play (qualify-then-walk + risk-reversal); co-host Mo; 20+ quotes
yt-CbQNwT7FsVg,video,Best Business Tip My Coach Gave Me,@thefutur,https://www.youtube.com/watch?v=CbQNwT7FsVg,2019-12-24,2026-07-14,L1,2,,no-captions (no subtitles available)
yt-S68b1zbcIg4,video,Branding Basics— How To Build Trust In Your Brand,@thefutur,https://www.youtube.com/watch?v=S68b1zbcIg4,2019-12-17,2026-07-14,L1,2,,no-captions (no subtitles available)
yt-avTemiwR1IA,video,Best Non-Design Books for Designers,@thefutur,https://www.youtube.com/watch?v=avTemiwR1IA,2019-12-03,2026-07-14,L1,2,,no-captions (no subtitles available)
yt-DK6J9bgj5yc,video,How To Get More From School,@thefutur,https://www.youtube.com/watch?v=DK6J9bgj5yc,2019-11-29,2026-07-14,L2,2,mindset;business,"How To Get More From School (Chris coaches; students/Matthew-outro=context); 80/20-of-school (learn from ~20% of instructors), Column-A/B instructor-prioritization (career-align + portfolio-worthy-AND-work-you-want filters), 'A stands for AVERAGE'; extends education-is-broken; L3-candidate"
yt-VN_0fy-jXYc,video,Find Work-Life Balance – The Struggle,@thefutur,https://www.youtube.com/watch?v=VN_0fy-jXYc,2019-11-25,2026-07-14,L2,2,mindset;business,"Work-Life Balance (Chris coaches Priscilla=context; Matthew narrator); compartmentalization/walled-off-sections, 'lifestyle business = FREEDOM business', front-loaded-sacrifice→coast, increase-demand/decrease-supply-of-you, money-buys-freedom; BIO: au-pairs-from-France ~4yrs, 'wasn't present enough'→changed, works-from-home, camps/fishes w/ boys; L3-candidate"
yt-sRlJzrDa8Ak,video,Your Work [ALONE] Won't Get You More Work –Chris Do & Priscilla Blanchot,@thefutur,https://www.youtube.com/watch?v=sRlJzrDa8Ak,2019-11-22,2026-07-14,L2,2,sales-clients;branding;content-strategy;mindset,"Your Work ALONE Won't Get More Work — Chris coaches Priscilla=context; for the 95% (not top-5%) better-work-alone insufficient → move upstream/positioning/personal-brand/own-the-relationship; Joshua-Bell-subway framing (Allan Dib), story-and-work-inseparable (Draplin/Tibor Kalman), whoever-commands-relationship-makes-most, Behance search-game; L3-candidate"
yt-AdQQHQdQo8E,video,4 Reasons Why You Need To Use Empathy In Business – w/ Bob Bonniol,@thefutur,https://www.youtube.com/watch?v=AdQQHQdQo8E,2019-11-15,2026-07-14,L2,2,sales-clients;mindset;business,"NOT CHRIS — ~100% guest (likely Bob Burg/Go-Giver, name title-truncated) on empathy-in-business (Ziglar help-others-get-what-they-want, Peter Singer drowning-child); do-not-train; Chris only Pro-Group plug; not L3"
yt-FUbuuVJcgMM,video,Color for Creatives – NEW Course Promo,@thefutur,https://www.youtube.com/watch?v=FUbuuVJcgMM,2019-11-06,2026-07-14,L2,2,design-craft;content-strategy,"NOT CHRIS — 'Color for Creatives' course promo, presented by Greg Gunn (course creator, 'Hi I'm Greg Gunn'); do-not-train; Futur product context (Nov-2019 pre-sale); not L3"
yt-tjNtQfc7u2A,video,Book As Passive Income Business,@thefutur,https://www.youtube.com/watch?v=tjNtQfc7u2A,2019-11-05,2026-07-14,L2,2,business;content-strategy;pricing,"Book As Passive Income — Chris interviews Hoodzpah (Amy & Jen Hood)=context; NOT about Pocket-Full-of-Do (correction). Chris minor: self-publish-if-you-have-audience, write-to-discover, recs Never-Split-the-Difference/Socratic-Selling; not L3 (guest-led)"
yt--JpBRdjffbQ,video,1 Powerful Marketing Tip For Broke Artists,@thefutur,https://www.youtube.com/watch?v=-JpBRdjffbQ,2019-11-03,2026-07-14,L2,2,pricing;sales-clients;branding;mindset,1 Marketing Tip Broke Artists (Chris solo); 'HORSE PAINTER' parable — value/price set by AUDIENCE+ENVIRONMENT not the work (Paddock Riding Club; coached $100->$1000/sitting -> ~$10k/day); Wayne Dyer 'change the way you look at things'; L3-candidate
yt-AkVX7cJiz7Q,video,The Most Valuable Thing You Can Do For Your Client,@thefutur,https://www.youtube.com/watch?v=AkVX7cJiz7Q,2019-10-29,2026-07-14,L2,2,sales-clients;mindset,"Most Valuable Thing For Client; 2-voice unlabeled, primary teaching voice LIKELY A GUEST (somatic/therapeutic register, not Chris's usual) — attribution:uncertain, do-not-train pending verification; understanding=the-deliverable; not L3"
yt-cbwSXFNATOY,video,Why You Don’t Need A Mentor—Find Heroes,@thefutur,https://www.youtube.com/watch?v=cbwSXFNATOY,2019-10-24,2026-07-14,L2,2,mindset;content-strategy,"Find Heroes not Mentors montage; Chris reframe: mentors-don't-scale → find HEROES (don't need to know you exist), 'hijack them'/what-would-X-do compass; GaryVee + 1 unidentified speaker (bio-mismatch, flagged)=context; TENSION w/ get-a-mentor; L3-candidate (Chris parts)"
yt-YOq_VPgK6t0,video,Gratitude Changes Everything w/ Errol Gerson,@thefutur,https://www.youtube.com/watch?v=YOq_VPgK6t0,2019-10-22,2026-07-14,L2,2,mindset,NOT CHRIS — 100% Errol Gerson gratitude anecdote (thank-your-bed → reconciled w/ estranged father after 12yrs); Chris absent from this cut; do-not-train (Gerson context); not L3
yt-KJfB1GLGZPQ,video,Website Ready to Launch? – Design From Scratch Ep. 3,@thefutur,https://www.youtube.com/watch?v=KJfB1GLGZPQ,2019-10-09,2026-07-14,L2,2,design-craft;business;branding,"Design From Scratch Ep3 finale (Futur website launch); team (Greg Gunn narrator + Sayed/Craig/Ben/Jaime), Chris=internal client/reviewer only (rejects build vs style-scape, ROI-on-man-hours) — do-not-train (low-conf context); not L3"
yt-R8vbQR9et_Y,video,Responding to Criticism – Design From Scratch Ep. 2,@thefutur,https://www.youtube.com/watch?v=R8vbQR9et_Y,2019-10-02,2026-07-14,L2,2,design-craft;branding;content-strategy,"Design From Scratch Ep2 (Futur website doc); team members (Jamie/Ben), Chris doesn't clearly speak — do-not-train (Futur culture context: separate-self-worth-from-work, critique culture); not L3"
yt-DGGUB_XlH8k,video,"We Can't Agree on a Direction – Design From Scratch, Ep. 1",@thefutur,https://www.youtube.com/watch?v=DGGUB_XlH8k,2019-09-25,2026-07-14,L2,2,content-strategy;branding;design-craft;mindset,"Design From Scratch Ep1 (Futur doc rebuilding thefutur.com in Webflow); multi-speaker Greg-Gunn-narrator/Encina/Burns, Chris=character 2 lines — do-not-train; 'passionate detachment' = reported-Chris phrase; CONTEXT: Ben-vs-Chris tension (money/conversions vs why-story); not L3"
yt-lzmE3mYrbL0,video,"Design From Scratch, Trailer – A Documentary About The Futur",@thefutur,https://www.youtube.com/watch?v=lzmE3mYrbL0,2019-09-24,2026-07-14,skipped,1,,promo trailer (Design From Scratch documentary teaser); no L2 page
yt-SKlCnawfQQE,video,Are you Becoming Obsolete? Innovate Don't Iterate – Chris Do,@thefutur,https://www.youtube.com/watch?v=SKlCnawfQQE,2019-09-17,2026-07-14,L2,2,mindset;business;content-strategy,"Chris solo keynote 'Innovate Don't Iterate'; case studies (Western Union/Blockbuster/Tower Records/Kodak), define-by-PURPOSE-not-what-you-do, empathy-exercise (task/gap/opportunity white-space), 12 one-week-projects, '1000 wrong decisions beats no decision', 'run towards your fear'; L3-candidate"
yt-zSVlMER-zfE,video,The Difference Between Good & Great Companies,@thefutur,https://www.youtube.com/watch?v=zSVlMER-zfE,2019-09-09,2026-07-14,L2,2,content-strategy;branding;business;mindset,"Good vs Great Companies (Digital Design Days talk, Chris solo); CUSTOMERS-vs-AUDIENCE thesis (pay-for-attention vs freely-given) + 3 principles (consistent/generous/serving); 'stop selling start celebrating'; Godin SVA + market-first inversion; Kleon 'documentarian of your work'; L3-candidate"
yt-yK7Rk7Oe588,video,What Is The Difference Between Branding & Marketing? What's more important?,@thefutur,https://www.youtube.com/watch?v=yK7Rk7Oe588,2019-08-29,2026-07-14,L2,2,branding;business;content-strategy,"branding-vs-marketing roundtable (Chris host + Fabian Geralt + Melinda=context); Chris NEW: positioning='occupying a space in the mind', branding/marketing convergence 'blood cousins', Godin marketing-def, Allan-Dib taxonomy, Neumeier Brand-Flip 4-skills, design-schools-call-identity-branding; Fabian-Geralt entity candidate (L3-candidate)"
yt-xoOo1bjYsKs,video,No More Revisions! Working With Clients — Project Management Tips,@thefutur,https://www.youtube.com/watch?v=xoOo1bjYsKs,2019-08-28,2026-07-14,L2,2,sales-clients;business,NOT CHRIS — PM series 2 team members (one 'UI designer by trade'); do-not-train; 5-sentence-rule/decision-tree-breadcrumbs/round-2-of-3/email-templates (Futur process context); not L3
yt-caS7SxmAbdo,video,3 Tips to Get Your Work Done on Time — Project Management,@thefutur,https://www.youtube.com/watch?v=caS7SxmAbdo,2019-08-21,2026-07-14,L2,2,business;content-strategy,"NOT CHRIS — Practical PM course promo (unnamed Futur team member; assigns to 'Ben' 3rd-person, 'no knowledge how to make videos'); do-not-train; 1-page-brief/expectations/padded-deadlines; not L3"
yt-MtTwqk-0zG4,video,(Don’t) Question Everything — How to Learn Faster,@thefutur,https://www.youtube.com/watch?v=MtTwqk-0zG4,2019-08-19,2026-07-14,L2,2,mindset,"Chris (+editor Aaron=context); 'great student = do what coach says WITHOUT question', resistance/cynical-voice as obstacle (Pressfield); BIO: ~$250k over ~10yrs on weekly coaching; TENSION w/ question-everything; soft-L3"
yt-pO60YfDG6s8,video,"Things I learned as a Young Designer – Young Guns 2, Ep 13",@thefutur,https://www.youtube.com/watch?v=pO60YfDG6s8,2019-08-14,2026-07-14,L2,2,mindset;design-craft,"Young Guns S2 finale montage; participants (refer to 'Chris' 3rd-person)=context; probable-Chris mentor lines flagged uncertain (restatements, nothing new); low-signal; not L3"
yt-f7T1Zs28Deo,video,What you Believe Becomes Reality – AIGA 2019 Full Talk,@thefutur,https://www.youtube.com/watch?v=f7T1Zs28Deo,2019-08-12,2026-07-14,L2,1,mindset;business;branding,L3-candidate: AIGA 2019 keynote (landmark mindset); 35 quotes; biography; son-name redacted per policy
yt-Mj1PhPKkERY,video,How To Build Expertise While Learning,@thefutur,https://www.youtube.com/watch?v=Mj1PhPKkERY,2019-08-07,2026-07-14,L2,2,mindset;content-strategy;sales-clients,"How To Build Expertise While Learning (Chris solo); expertise=life-exp+knowledge+skills, 10000hrs-reframe, expert='knows a little more', domain-expert-shortcut (interview 2-3 for their questions), imposter-syndrome-as-THEFT, 'dont edit what you give', 'come along on the ride'; L3-candidate"
yt-5w9Ld8_X5Bc,video,"Is Instagram Necessary For Work?– Young Guns 2, Ep 12",@thefutur,https://www.youtube.com/watch?v=5w9Ld8_X5Bc,2019-08-05,2026-07-14,L2,2,content-strategy;branding;sales-clients;mindset,"Young Guns S2 Ep12 (Chris coaches; Encina intro/outro=context); IG-optional/long-game, 'public journaling' feed, reverse-engineer-into-frameworks, 'lumpy mail' (Allan Dib), 'dont give a gift YOU like', effort-is-rewarded; students=context; not L3 (restated)"
yt-pOdBeS43W0A,video,"Beer Brewery Makeover – Building A Brand, Ep. 11",@thefutur,https://www.youtube.com/watch?v=pOdBeS43W0A,2019-07-31,2026-07-14,L2,2,branding;design-craft;business,"NOT CHRIS — Building A Brand S1 FINALE (Ben Burns, Matthew Encina; clients Josh/Kristen); do-not-train; RICH BLIND-context: Blind funded series as test-experiment (Ben pitched Chris), education-funnel-to-agency (found Futur via YouTube DIY logo->kerning-wall->called Blind), style-guide deliverable; BevMo 5 locations/+20%q; not L3"
yt-IqxpgnYf1_Y,video,"Be a Better Designer. Learn to Communicate – Young Guns 2, Ep 11",@thefutur,https://www.youtube.com/watch?v=IqxpgnYf1_Y,2019-07-30,2026-07-14,L2,2,design-craft;sales-clients;mindset,NOT CHRIS — Young Guns S2 Ep13 hosted by unnamed Futur member (refers to Chris 3rd-person; plausibly Encina); do-not-train; 'creativity is a rubber band' is secondhand-Chris (uncertain); not L3
yt-Uu29Tb2Cilg,video,Work On Yourself More Than On Your Job– 2 Minute Motivation,@thefutur,https://www.youtube.com/watch?v=Uu29Tb2Cilg,2019-07-29,2026-07-14,L2,2,mindset;business,"2-Min Motivation montage (Chris); Jim Rohn 'work on yourself harder than your job', 'live up to the title you WANT', emotional-detachment, 'getting things done > being right', skip-last-5-10%-polish; not L3"
yt-pRDfov1dbj0,video,"Making the Perfect Beer Commercial – Building A Brand, Ep 10",@thefutur,https://www.youtube.com/watch?v=pRDfov1dbj0,2019-07-24,2026-07-14,L2,2,branding;design-craft;content-strategy,"NOT CHRIS — Building A Brand Ep10 beer commercial (Matthew Encina, Ben Burns; clients Josh/Kristen); do-not-train ('music-tells-you-how-to-feel' = Encina NOT Chris); BLIND video-process context (3-stage, Epidemic Sound); not L3"
yt-EQWsDA8D-54,video,"Book Cover Design Challenge – Final Critique, Young Guns 2 Ep. 10",@thefutur,https://www.youtube.com/watch?v=EQWsDA8D-54,2019-07-23,2026-07-14,L2,2,design-craft,"Young Guns S2 Ep10 book-cover FINAL critique (Chris critic); NEW beyond Ep8/9: 'read it like an idiot', one-word-essence, leave-clues/legible-patterns, neg-space-rewards (Absolut/Beauty-Beast rose), contrast-to-survive-shelf, use-physical-book-form-as-concept, graphic-power-vs-conceptual; students=context (L3-candidate)"
yt-KcnslNdyFI0,video,"Designing A Beautiful Beer Can – Building A Brand, Ep. 9",@thefutur,https://www.youtube.com/watch?v=KcnslNdyFI0,2019-07-17,2026-07-14,L2,2,design-craft;branding,"NOT CHRIS — Building A Brand Ep9 beer can (Ben Burns, Matthew Encina, intern Jun; clients Josh/Kristen); do-not-train; BLIND-process context (packaging-as-sales, QA 'check 3x', show-bad-to-know-good); not L3"
yt-fAkRgRHRRms,video,How To Get A Promotion,@thefutur,https://www.youtube.com/watch?v=fAkRgRHRRms,2019-07-16,2026-07-14,L2,2,business;mindset;sales-clients,"How To Get A Promotion — Chris coaches own Futur team (Ricky+team=context); promotability model: do-homework/educated-guesses, self-directed, alignment-gates-self-direction, anticipate-steps=value, bottom-up-management; L3-candidate"
yt-8FMb2DETdgw,video,"Top 4 Webflow Tips – Building A Brand, Website Tutorial",@thefutur,https://www.youtube.com/watch?v=8FMb2DETdgw,2019-07-11,2026-07-14,L2,2,design-craft;content-strategy,NOT CHRIS — Building A Brand Webflow tutorial (unnamed Blind/Futur team member); do-not-train-persona; org-context: Futur adopted Webflow ~2019; not L3
yt-LZtM7wyqe7w,video,"Building A Client Website From Scratch – Building A Brand, Episode 8",@thefutur,https://www.youtube.com/watch?v=LZtM7wyqe7w,2019-07-10,2026-07-14,L2,1,design-craft;branding;business,"NOT CHRIS — Building A Brand Ep8 website build (Ben Burns, Matthew Encina, intern Ji-eun/Jun; clients Josh/Kristen); do-not-train; P1 on views only (~429k); BLIND context: 5-phase web process, no in-house devs 2019, Webflow adoption story (3-day intern build), client-maintainability as deliverable standard; not L3"
yt-SMri3o96ppI,video,Respect The Hustle — Motivation Video For Creatives,@thefutur,https://www.youtube.com/watch?v=SMri3o96ppI,2019-07-04,2026-07-14,L2,2,mindset,"produced motivation spoken-word montage; uncredited narrator, attribution:uncertain — do-not-train-persona; persistence/resilience theme; not L3"
yt-pYzRq3fvuDQ,video,When Clients Change Their Mind – Building A Brand Ep. 7,@thefutur,https://www.youtube.com/watch?v=pYzRq3fvuDQ,2019-07-03,2026-07-14,L2,1,sales-clients;branding;business,Building A Brand Ep7; Chris cold-open only; 1 quote; mostly team context
yt-2HY_vl9a6JA,video,Book Cover Design Concepts – Critique Young Guns S.2 Ep. 9,@thefutur,https://www.youtube.com/watch?v=2HY_vl9a6JA,2019-07-01,2026-07-14,L2,2,design-craft;mindset,"Young Guns S2 Ep9 book-cover critique (Chris sole critic); semiotics A+B=C/1+1=3, find-idea-first, layered-reads, cover-is-the-hero, ideas-from-true-understanding 'your truth', free-yourself-of-physical-reality, hand-crafted-humanity, Olly-Moss/Magritte influences, 'no pressure no diamonds', 'best designers are self-taught'; students=context (L3-candidate)"
yt-A24V7CUWe4M,video,"Logo Design Process with a Client – Building A Brand, Ep 6",@thefutur,https://www.youtube.com/watch?v=A24V7CUWe4M,2019-06-27,2026-07-14,L2,1,sales-clients;branding;design-craft,Building A Brand Ep6; Chris off-camera (attribution uncertain); 0 clean quotes; context
yt-MITy9UGnKt8,video,Book Cover Design Challenge – Young Guns Season 2 Episode 8,@thefutur,https://www.youtube.com/watch?v=MITy9UGnKt8,2019-06-24,2026-07-14,L2,2,design-craft;branding,"Young Guns S2 Ep8 book-cover challenge (Chris frames+judges); 4-criterion rubric (concept/aha/image-within-image > theme > shelf-presence > cohesion), design's-job=draw-curiosity, reduce-to-core-conflict, study-framework-not-execution, communicator-of-truth; students=context (L3-candidate)"
yt-54o73NXCfTk,video,"A Better Way to Present to Clients – Building A Brand, Ep. 5",@thefutur,https://www.youtube.com/watch?v=54o73NXCfTk,2019-06-19,2026-07-14,L2,2,sales-clients;design-craft;branding,"NOT CHRIS — 'Building A Brand' doc Ep5 (Blind rebrand Hamilton Family Brewery; Ben+Matthew present, clients Josh/Kristen); style-scapes as conversation-starters (echoes Chris teaching but spoken by employees=context); do-not-train; not L3"
yt-YIz774Gjo1E,video,Product Management - What is PM and How to Start?,@thefutur,https://www.youtube.com/watch?v=YIz774Gjo1E,2019-06-18,2026-07-14,L2,2,business;content-strategy,"NOT CHRIS — Futur PM series (hosts Matthew+Sina, guest Justin Zaccardi/Tonal); do-not-train-persona (Futur context); PM role/MVP/jobs-to-be-done; not L3"
yt-ybaom7OVtIw,video,3 Ways to Reclaim your Creativity and Productivity,@thefutur,https://www.youtube.com/watch?v=ybaom7OVtIw,2019-06-14,2026-07-14,L2,2,mindset;content-strategy,NOT CHRIS — Matthew Encina (Adobe 99U recap: focus-sprints/better-brainstorms/beautiful-boredom); do-not-train-persona (Futur context); not L3
yt-48x0psjq6Uk,video,"How to Narrow Down Your Design Ideas – Building A Brand, Ep. 4",@thefutur,https://www.youtube.com/watch?v=48x0psjq6Uk,2019-06-12,2026-07-14,L2,1,design-craft;branding;business,Building A Brand Ep4; Chris brief at end; 5 quotes; mostly team context
yt-eQo2UPIRxZo,video,"Improvement, Accountability, & Focus – Coaching Young Guns Season 2 Episode 7",@thefutur,https://www.youtube.com/watch?v=eQo2UPIRxZo,2019-06-10,2026-07-14,L2,2,mindset;business;pricing,"Young Guns S2 accountability coaching (Ricky co-host=context); 'just to the ___' small-steps, SMART-brief+roll-a-die, memento-mori 'you think you have time', remote-client depth>proximity, royalty pricing ($5k+2%); BIG BIO: 47yo/company-23yrs, 4-seasons UFC Ultimate Fighter, 3 Stacy Peralta films, first Quiksilver, lost father-in-law; students=context (L3-candidate)"
yt-yG6wbR03bLs,video,"Working on a Design Team – Building A Brand, Ep. 3",@thefutur,https://www.youtube.com/watch?v=yG6wbR03bLs,2019-06-05,2026-07-14,L2,1,business;branding;design-craft,Building A Brand Ep3 (team-led); Chris absent; 0 quotes; context
yt-2ju9b4SgvoQ,video,Build Your Audience and Connect with Them – w/ Melinda Livsey Ep. 19,@thefutur,https://www.youtube.com/watch?v=2ju9b4SgvoQ,2019-06-04,2026-07-14,L2,2,content-strategy;mindset,"w/ Melinda; 3-learning-styles (high-level/story/kinesthetic) + teach-while-you-learn-not-what-you-know, belief-precedes-results, heart-broken-or-mind-opened, compelling-event, innovation-vs-iteration, hold-strong-beliefs-loosely; Melinda=context (L3-candidate)"
yt-tS7fF7NKoRQ,video,Package Design Critique Part 2 - Young Guns Episode 6,@thefutur,https://www.youtube.com/watch?v=tS7fF7NKoRQ,2019-06-03,2026-07-14,L2,2,design-craft;branding;business,"Young Guns S2 Ep6 package critique 2 (Chris sole critic; Encina brief; Melinda absent); NEW beyond Ep5: typography optics (horizontals-thinner/no-stretch/ragged-not-rivers), mockup-discipline, appetite-appeal, brand-heritage-leverage (est.1912), cliche-ok-if-communicates; students=context (L3-candidate)"
yt-fZD-IFlKb68,video,"Building A Brand – Defining The Customer, Episode 2",@thefutur,https://www.youtube.com/watch?v=fZD-IFlKb68,2019-05-29,2026-07-14,L2,1,branding;business,Building A Brand Ep2 (team-led); Chris absent; 0 quotes; context
yt-N3hHRYhQRwo,video,Designers Ask How To Start on Youtube — w/ Melinda Livsey and Rahul,@thefutur,https://www.youtube.com/watch?v=N3hHRYhQRwo,2019-05-28,2026-07-14,L2,2,content-strategy;branding;mindset,"How To Start on YouTube panel (Chris ~70-80%; Melinda + Raoul=context); YouTube-launch playbook: length 4-9min, front-load, personality>information, be-polarizing, format-archetypes, mimic-creators (muscle-memory), expectation-management ('first 10 terrible'); L3-candidate"
yt-vomjcfFKHoE,video,Package Design Critique Part 1 - Young Guns Episode 5,@thefutur,https://www.youtube.com/watch?v=vomjcfFKHoE,2019-05-27,2026-07-14,L2,2,design-craft;branding;business,"Young Guns S2 Ep5 package critique (Chris sole critic; Melinda absent); 5-criteria packaging rubric, observe-without-judgment, 3-sources-of-contrast, repositioning=margin-leverage, don't-hide-the-brand, materials/finishes shelf-billboard, packaging-as-rocket-ship (Brian Collins), cultural-authenticity; students=context (L3-candidate)"
yt-mxgOY2Ms-YI,video,"Starting The Branding Process – Building A Brand, Episode 1",@thefutur,https://www.youtube.com/watch?v=mxgOY2Ms-YI,2019-05-22,2026-07-14,L2,1,branding;business;sales-clients,Building A Brand Ep1 (Blind team-led); Chris absent; 0 quotes; context. Client: Hamilton Family Brewery
yt-7xpuDBMLFs0,video,How To Charge More?,@thefutur,https://www.youtube.com/watch?v=7xpuDBMLFs0,2019-05-15,2026-07-14,L2,2,pricing;sales-clients;mindset,"How To Charge More coaching; NEW: charging gated by self-worth (not market ceiling), education≠worth (Danny Yount/Doyald Young self-taught), objection-by-inversion ('what IS valuable?'), systemize-the-objection-away (24h-guarantee); coachee=context; not L3 (mostly restatement)"
yt-fmaiTM-sCW0,video,Packaging Design Challenge – Young Guns Season 2 Episode 4,@thefutur,https://www.youtube.com/watch?v=fmaiTM-sCW0,2019-05-13,2026-07-14,L2,2,design-craft;branding,"Young Guns S2 Ep4 packaging challenge (Chris framing ~25-30%); packaging judging-criteria, perception-of-value exercise, buyer×brand-attribute-overlap 'sweet spot', values-alignment (Sinek); uncoached-baseline teaching-method; students=context (L3-candidate)"
yt-2sqUDzorHLU,video,Why I Don't Have A Business Partner Anymore,@thefutur,https://www.youtube.com/watch?v=2sqUDzorHLU,2019-05-07,2026-07-14,L2,2,business;mindset,"Why I Don't Have A Business Partner Anymore (Chris; Brendan-Shanley audience-Q=context); BIOGRAPHY: THREE attempted partnerships all FAILED — attributes to his personality (4x-output-breeds-resentment, big-fast-vision + loose-tactics = 'whiplash', impatience-with-being-slowed); reframe 'wanting a partner = a HOLE inside you' (a skill to learn yourself; Shel Silverstein missing-piece); partnership-PRENUP (agree who-gets-what upfront); spouse = de-facto 3rd-partner; equal-financial-commitment; separates-personal-from-professional; ⚠️ reconcile 'three partnerships' vs Blind co-founding record; L3-candidate"
yt-kY7i_JYNQ3Y,video,These Designers Need HELP – Coaching Young Guns Season 2 Episode 3,@thefutur,https://www.youtube.com/watch?v=kY7i_JYNQ3Y,2019-05-06,2026-07-14,L2,2,pricing;sales-clients;mindset;design-craft,"Young Guns S2 coaching (Chris sole coach; Ricky Lin co-host=context); double-don't-inch pricing, master-copy exercise, listen-to-understand/human-tape-recorder, make-3-projects-sing, $3k-logo sales role-play; BIO: dot-com-bust layoffs; students=context (L3-candidate)"
yt-mlcovSWlAow,video,Belief Systems—Unlocking Your Potential,@thefutur,https://www.youtube.com/watch?v=mlcovSWlAow,2019-05-01,2026-07-14,L2,2,mindset;sales-clients,"first AIGA National keynote; belief-systems input->INTERPRETATION->output layer + word-reframes (FAIL/No/FEAR/Pain/Safe), individual-vs-objective reality; Debbie Millman guest=context (L3-candidate)"
yt-UJo7a_9IGBM,video,Design Portfolio Review – Young Guns 2 Episode 2,@thefutur,https://www.youtube.com/watch?v=UJo7a_9IGBM,2019-04-29,2026-07-14,L2,2,design-craft;branding;content-strategy;sales-clients,"Young Guns S2 Ep2 portfolio review (Chris+Melinda co-host); 3-projects-to-identify-pattern, story-in-visuals-not-copy, curate-ruthlessly, logo=punctuation, Swiss-modern-pays-more, 4-criteria rubric; Melinda/students=context (L3-candidate)"
yt-zeE7F1498yw,video,How to Make More Content and Reach More People,@thefutur,https://www.youtube.com/watch?v=zeE7F1498yw,2019-04-24,2026-07-14,L2,2,content-strategy;branding,"Chris solo; content-repurposing 'one piece -> 7 formats' (make-it-work-per-platform), superfan-scraper story, self-report 1.5k->60k followers; not L3"
yt-q_QESEKja3I,video,How to Get Work in ANY City,@thefutur,https://www.youtube.com/watch?v=q_QESEKja3I,2019-04-23,2026-07-14,L2,2,sales-clients;content-strategy;mindset,"get-work-in-any-city cold-DM playbook (resumes/email 'dead', DM top-12, praise-first-ask-later, ~100 DMs/day); 'trust your struggle'; reframe-to-dissolve; coachee=context (L3-candidate)"
yt-0kVXDPxRMgk,video,The Challenges of Being a Creative Professional – Young Guns 2 Episode 1,@thefutur,https://www.youtube.com/watch?v=0kVXDPxRMgk,2019-04-22,2026-07-14,L2,2,content-strategy;mindset,Young Guns S2 trailer/roster reel; mostly students=context; Chris only closing lines w/ Melinda; nothing new; not L3
yt-__V7mYxg9Mo,video,Relevance in the Age of Social Media – Art Center BOLD 2019 Recap,@thefutur,https://www.youtube.com/watch?v=__V7mYxg9Mo,2019-04-16,2026-07-14,L2,2,content-strategy;branding;mindset,"BOLD 2019 (Futur x ArtCenter, Chris's 1st collab, 'homecoming') recap; BIOGRAPHY: ArtCenter alum + taught 15+yrs + spoke all 3 prior symposiums; frameworks known; photographer=context; not L3"
yt-_VrsBh5h8j4,video,Design Mentorship Reactions & Tips for Young Designers - Young Guns Season Finale - EP12,@thefutur,https://www.youtube.com/watch?v=_VrsBh5h8j4,2019-04-15,2026-07-14,L2,2,mindset;design-craft;content-strategy,Young Guns S1 finale montage; Chris short appraisals + feedback-resilience lens + global-talent/representation thesis; students+co-host=context; not L3
yt-UmgtWZfPA4o,video,Power of Self Confidence & Overcoming Imposter Syndrome,@thefutur,https://www.youtube.com/watch?v=UmgtWZfPA4o,2019-04-15,2026-07-14,L2,2,mindset;branding,"self-confidence/imposter; NEW: true-confidence=accept-strengths-AND-flaws, imposter self-honesty test, binary serve-filter, 'people buy you before your product', signals-audience-relative, embrace-contradictions (L3-candidate)"
yt-ivKnj9ffcmE,video,How To Charge For Design—Value Based Pricing,@thefutur,https://www.youtube.com/watch?v=ivKnj9ffcmE,2019-04-12,2026-07-14,L2,1,pricing;business;sales-clients,L3-candidate: canonical value-based pricing (backwards-sequence); 27 quotes
yt-aBxl1SBERYw,video,How Do You See Yourself? How Do Others?,@thefutur,https://www.youtube.com/watch?v=aBxl1SBERYw,2019-04-11,2026-07-14,L2,2,mindset;branding,self-image/self-acceptance ('best judge of my own work'); Spock/emotional-compression sound-limiter metaphor; external-validation-doesn't-work; 2nd speaker=context; soft-L3 (voice/bio)
yt-wHhcuix-ir8,video,Does Creativity Come From Insecurity? w/ Debbie Millman,@thefutur,https://www.youtube.com/watch?v=wHhcuix-ir8,2019-04-10,2026-07-14,L2,2,mindset;design-craft,"guest Debbie Millman interview; RICH Chris BIOGRAPHY monologue (Vietnamese-immigrant/latchkey childhood, insecurity, typography-as-anchor, knowledge-vampire, every-peak-base-of-next); Debbie=context + entity candidate (L3-candidate)"
yt-apqbrvu2VlE,video,How do you find Customers for Your Product? — w/ Melinda Livsey Ep. 17,@thefutur,https://www.youtube.com/watch?v=apqbrvu2VlE,2019-04-08,2026-07-14,L2,2,content-strategy;sales-clients;business,"w/ Melinda Ep.17; problem->solution->product (Brunson), story-mining (spaces/places/things + timeline), funnel-attrition math, expand-the-pool, give-give-give reciprocity; Melinda=context (L3-candidate)"
yt-qIvhzoCHzpA,video,Designers React to Critique of their work- YG EP 11,@thefutur,https://www.youtube.com/watch?v=qIvhzoCHzpA,2019-04-03,2026-07-14,L2,3,design-craft;branding;sales-clients,Young Guns Ep11 airline branding results — substantial Chris critique (unlike Ep6). Rebrand-as-EVOLUTION w/ Paul Rand lineage (a risk-reduction selling argument); typeface fitness vs quality; internal-consistency test (wellness spa / mall ad for a massage parlor); specific praise; 2nd+3rd instances of publishing disagreement with his own critique.
yt-aDLmEezhnG0,video,Losing A Big Job Was The Best Thing To Happen To This Photographer– Yvette Roman Ep. 2,@thefutur,https://www.youtube.com/watch?v=aDLmEezhnG0,2019-04-02,2026-07-14,L2,2,content-strategy;branding;mindset;sales-clients,"Chris interviews photographer Yvette (lost job over low IG following); Chris NEW: feed-vs-stories doctrine, gatekeepers-gone, earned-vs-bought-followers, advertising-dead/branded-content-shift, vulnerability-sells; BIO: bullied growing up; Yvette=context (partial L3)"
yt-J0m-fwEQ5TQ,video,How do I Market my Product? — w/ Melinda Livsey Ep. 16,@thefutur,https://www.youtube.com/watch?v=J0m-fwEQ5TQ,2019-04-01,2026-07-14,L2,2,content-strategy;sales-clients;branding;mindset,"w/ Melinda Ep.16; sell-the-PROBLEM-not-solution, loss/FOMO>gain, different-but-better, thesis-paper method, win-heart-then-logic; Melinda=context (L3-candidate)"
yt-oyXt5jR6Y1I,video,Motivating Millennials - Why these 3 hold back from doing what needs to be done,@thefutur,https://www.youtube.com/watch?v=oyXt5jR6Y1I,2019-04-01,2026-07-14,L2,2,mindset;business,"team pep-talk; motivated-by-loss>win, binary hero/loser self-image, motivation-evaporates-if-not-acted-on, empowerment-reframe; team=context; not L3"
yt-odwoh5kL9dg,video,Visual Trends 2019,@thefutur,https://www.youtube.com/watch?v=odwoh5kL9dg,2019-03-28,2026-07-14,L2,2,content-strategy;branding;design-craft,"guest Brenda Milis/Adobe (~90%, Adobe 2019 trends = context, NOT persona); Chris reframe only: trendy=negative vs visually-fluent/culturally-relevant"
yt-P5cqMtqTNog,video,Brand Identity Design Presentations and Critique - Young Guns EP 10,@thefutur,https://www.youtube.com/watch?v=P5cqMtqTNog,2019-03-25,2026-07-14,L2,2,design-craft;branding,"Young Guns EP10 (Chris sole critic); design-craft principles: negative-space, kerning-as-volume, slap-on-logo anti-pattern, DNA-extension, print-finishing=premium, undesigned-design; students=context (L3-candidate)"
yt-7Wsrq0dfYsw,video,Convert Cold Leads into Paying Clients,@thefutur,https://www.youtube.com/watch?v=7Wsrq0dfYsw,2019-03-19,2026-07-14,L2,2,sales-clients;content-strategy,hot/warm/cold lead-temperature taxonomy + per-temp approach & awareness-ladder; credited to Russell Brunson; Chris solo; russell-brunson entity candidate (L3-candidate)
yt-2ocGbROfgfQ,video,How to Create Engaging and Relevant Content for Instagram,@thefutur,https://www.youtube.com/watch?v=2ocGbROfgfQ,2019-03-12,2026-07-14,L2,2,content-strategy;branding;design-craft,"guest Stefan Kunz (IG tactics=guest, context); Chris lens: social-content=designed-like-an-ad, maker=marketer; stefan-kunz entity candidate"
yt-N0WD9KG7kEY,video,Brand Identity Design Process - Airline Branding Challenge - Young Guns EP 9,@thefutur,https://www.youtube.com/watch?v=N0WD9KG7kEY,2019-03-11,2026-07-14,L2,2,branding;design-craft;mindset,"Young Guns EP9 (Chris dominant critic); sub-brand-vs-rebrand methodology, aim-10-15yrs-younger, color-craft, present-with-a-deck; students=context (L3-candidate)"
yt-wEvVoXZzkKU,video,Project Management - How to Manage Your Clients,@thefutur,https://www.youtube.com/watch?v=wEvVoXZzkKU,2019-03-06,2026-07-14,L2,2,sales-clients;business,NOT CHRIS — 2 unlabeled Futur instructors (ref Ben 3rd-person); do-not-train-persona; client-mgmt tactics (Futur context)
yt-dr0ntxYFEWs,video,Stop Losing Money – How to Find Your Break Even Point,@thefutur,https://www.youtube.com/watch?v=dr0ntxYFEWs,2019-03-04,2026-07-14,L2,2,business;pricing;mindset,"guest Errol Gerson (break-even framework=guest, NOT persona); Chris runway/sales-cycle insight only; errol-gerson entity candidate"
yt-vCn92eifsjM,video,Inbound Marketing – How to get Clients to Come to You,@thefutur,https://www.youtube.com/watch?v=vCn92eifsjM,2019-02-27,2026-07-14,L2,2,content-strategy;sales-clients;branding;business,"inbound/differentiation: race-to-top-vs-zero, campfire+magnifying-glass, more-money-than-time, tip-of-spear; co-host=context (L3-candidate)"
yt-RGTUPlf9tAo,video,How to Build a Passive Income Business For Creatives - Dustin Lee,@thefutur,https://www.youtube.com/watch?v=RGTUPlf9tAo,2019-02-25,2026-07-14,L2,2,business;content-strategy;pricing,guest interview Dustin Lee/RetroSupply (~95% Dustin=context); Chris minimal; dustin-lee entity candidate
yt-VRecjO0A6Ns,video,Video Content – 3-steps to Present Your Ideas Clearly,@thefutur,https://www.youtube.com/watch?v=VRecjO0A6Ns,2019-02-20,2026-07-14,L2,2,content-strategy,NOT CHRIS — Matthew Encina (CCO) solo; do-not-train-persona; video-structure Overview/3-5-steps/Outro framework (Futur context)
yt-zlnVc1nBTto,video,Project Management - How to Break Down Projects,@thefutur,https://www.youtube.com/watch?v=zlnVc1nBTto,2019-02-13,2026-07-14,L2,2,business;design-craft,"attribution:uncertain — 2 unlabeled speakers, do-not-train-persona; chunking/waterfall-phases/Tetris PM framework"
yt-6BKWq9VJd8w,video,How do you Estimate the Cost of a Project?,@thefutur,https://www.youtube.com/watch?v=6BKWq9VJd8w,2019-02-11,2026-07-14,L2,2,pricing;business;sales-clients,cost-stack bid build-up (k->0.4k): mark-up labor+roles+overhead+profit; include every role even if you do it (L3-candidate)
yt-V6BJxvxUXss,video,How to Promote Your Passive Income Business— w/ Melinda Livsey Ep. 15,@thefutur,https://www.youtube.com/watch?v=V6BJxvxUXss,2019-02-06,2026-07-14,L2,2,content-strategy;branding;business;sales-clients;mindset,"w/ Melinda Livsey Ep.15; PROMOTE passive-income mktg: market-awareness matrix, expert-positioning, distill-to-essence (L3-candidate)"
yt-SzW8TUoN01M,video,4 Different Buyer Types and How to Respond,@thefutur,https://www.youtube.com/watch?v=SzW8TUoN01M,2019-02-04,2026-07-14,L2,2,sales-clients;pricing,4 buyer types taxonomy + MLE/referral-fee mechanics (L3-candidate)
yt-Svb8fTwX0BE,video,When A Clients Wants More But Doesn't Want To Pay (Role-play),@thefutur,https://www.youtube.com/watch?v=Svb8fTwX0BE,2019-01-30,2026-07-14,L2,2,pricing;sales-clients;business,role-play scope-creep/free-work negotiation (Chris plays both roles)
yt-lwipfn9znk0,video,Watch This Before Your Next Client Call Or Regret It Later,@thefutur,https://www.youtube.com/watch?v=lwipfn9znk0,2019-01-28,2026-07-14,L2,2,sales-clients;pricing;mindset,5 rules to rule your sales call — positive mirror of 5-never-do (L3-candidate)
yt-7b_pEgV86BE,video,How to Build a Passive Income Business— w/ Melinda Livsey Ep. 14,@thefutur,https://www.youtube.com/watch?v=7b_pEgV86BE,2019-01-23,2026-07-14,L2,2,business;content-strategy;pricing;mindset,w/ Melinda Livsey dialogue; passive-income build-once-sell-many (L3-candidate)
yt-YCGRzMN9gEE,video,Taking Risks - Changing Careers,@thefutur,https://www.youtube.com/watch?v=YCGRzMN9gEE,2019-01-21,2026-07-14,L2,2,mindset,"Taking Risks/Changing Careers (Chris + audience-Q=context); relationship-with-risk/seek-discomfort (breakthrough preceded by anxiety), freedom-over-security creed, 'what got you here won't get you there'; BIO: salary chronology $85k->$30k->quit->freelance->own-business; L3-candidate"
yt-p4sxZEpi8Kk,video,2 Minute Brain Training Exercise – Unlocking Your Unlimited Potential –,@thefutur,https://www.youtube.com/watch?v=p4sxZEpi8Kk,2019-01-16,2026-07-14,L2,2,mindset,"attribution:uncertain — fill-in host (NOT Chris), do-not-train-persona; NO=Next-Opportunity/FAIL reframe"
yt-LWqmRvWvXec,video,How to Transition From a Full-Time Job to Freelance?,@thefutur,https://www.youtube.com/watch?v=LWqmRvWvXec,2019-01-15,2026-07-14,L2,2,business;sales-clients;pricing;mindset,build-a-bridge FT-to-freelance transition + arbitrage model (L3-candidate)
yt-eoNH6ol9bmM,video,5 Things You Should NEVER do on a Sales Call - 3 min,@thefutur,https://www.youtube.com/watch?v=eoNH6ol9bmM,2019-01-14,2026-07-14,L2,2,sales-clients,"L3-cand: 5 Things NEVER on a Sales Call; (1)dont-go-desperate (2)dont-interrupt (3)dont-assume-ask (4)dont-go-past-the-sale (5)dont-fixate-on-script/listen (~10%you-90%them, two-ears-one-mouth); Chris solo"
yt-W3A33dmp17E,video,Atomic Design - How To Make Web and UI Design Easier,@thefutur,https://www.youtube.com/watch?v=W3A33dmp17E,2019-01-08,2026-07-14,L2,2,design-craft,CONTEXT: Atomic Design (Brad Frost concept) UI tutorial by unattributed Futur instructor (not Chris); design-systems/atoms-molecules-organisms; no persona data
yt-r2N4qePR0h4,video,Career Advice: Follow Passion or Money? Listen To Your Heart,@thefutur,https://www.youtube.com/watch?v=r2N4qePR0h4,2019-01-07,2026-07-14,L2,2,mindset;business;design-craft,"Live audience Q&A (student Rebecca, Pixar/Disney dream vs stable UX); sole voice Chris; ★ operational definition of passion ('when nobody pays you and you have all the free time, what do you do'), ★ reality-is-relative reframe, Asian-immigrant parenting frame, self-description 'whatever I get into I really get into'"
yt-VRdFjL_uNoo,video,Creative Block is a Myth – Seth Godin in One Minute,@thefutur,https://www.youtube.com/watch?v=VRdFjL_uNoo,2019-01-06,2026-07-14,L2,2,mindset;design-craft,"CONTEXT: Seth Godin 'Creative Block is a Myth' (100% Seth); permission-to-write-badly, no-'writing-poorly-block', 50k-words-of-bad-writing, plumber-analogy; Chris absent; Seth-Godin entity"
yt-Xxq7c0wGGeA,video,Starting A Business in 2019? Unorthodox Marketing Techniques by Johnny Cupcakes,@thefutur,https://www.youtube.com/watch?v=Xxq7c0wGGeA,2019-01-04,2026-07-14,L2,2,branding;content-strategy,"CONTEXT: Johnny Cupcakes unorthodox marketing (~95% Johnny); limited-drops/reactive-marketing, experiential-scavenger-hunt giveaways, rent-free pop-ups via barter (500+, ~99% free); Chris close only; Johnny-Cupcakes entity"
yt-og6-CKoM5Lk,video,Live YOUR Life – 2019 is Your Year,@thefutur,https://www.youtube.com/watch?v=og6-CKoM5Lk,2019-01-01,2026-07-14,L2,2,mindset,"New Year 2019 talk; 'legacy OS' metaphor (parents' outdated OS), Bronnie Ware top-5-regrets, mortality-as-motivator, immigrant-parents fear; audience=context (L3-candidate)"
yt-8HRoeBG6YiE,video,Top 10 Tips for Designers 2018 – Best Moments From The Futur,@thefutur,https://www.youtube.com/watch?v=8HRoeBG6YiE,2018-12-31,2026-07-14,L2,2,design-craft;mindset;sales-clients;branding,"CONTEXT-mixed: Top 10 Tips 2018 best-of compilation; multiple speakers (Chris + instructors + guests), no speaker labels -> attribution uncertain, kept OUT of persona; fragments; not L3"
yt-jE53O1PzmNU,video,Pricing Design Work & Creativity - Stop Charging Hourly,@thefutur,https://www.youtube.com/watch?v=jE53O1PzmNU,2018-12-26,2026-07-14,L2,2,pricing;sales-clients,"L3-cand: Stop Charging Hourly (roleplay); Socratic-flip ('why do you want my hourly rate'), symmetry-of-logic (cant-cap-AND-count hours), 'charging hourly punishes me for being good', value-appreciates ($18k today->26k in a year); Chris=designer, Jung=context"
yt-3PMB0emL7RY,video,How to Get a Mentor,@thefutur,https://www.youtube.com/watch?v=3PMB0emL7RY,2018-12-20,2026-07-14,L2,2,sales-clients;mindset,"L3-cand: How to Get a Mentor; value-exchange (their-time-for-your-value), ask-SMALL (15min not 1hr, get-a-yes), scaffolding (start-tiny, trade-up), get-inside-their-head + give-2-5x-value, don't-assume-what-they-value; pairs w/ 2018-07 level-up-to-close-gap; Chris solo"
yt-I09EDxElu3o,video,How to Make More Time: Document Delegate Automate,@thefutur,https://www.youtube.com/watch?v=I09EDxElu3o,2018-12-19,2026-07-14,L2,2,business;mindset,"L3-cand: Document Delegate Automate; process-documentation mechanics - 2 audiences (client/team), 6-point how-to (start-now/simple/clear/visual/right-tool/shareable), medium-agnostic, Notion-wiki + public-YouTube-training; Chris (Matthew/Jonah=context)"
yt-7bDassY8uP0,video,Pros & Cons of Running A Design Business From Home,@thefutur,https://www.youtube.com/watch?v=7bDassY8uP0,2018-12-16,2026-07-14,L2,2,business;mindset,"Pros/Cons Design Business From Home; distributed-teams, remote-hiring, cost-of-living-arbitrage, 'fluid model'; Chris solo; generic, not L3"
yt-DxvKsid8trg,video,What Is Your Creative Process? A Documenting Challenge,@thefutur,https://www.youtube.com/watch?v=DxvKsid8trg,2018-12-12,2026-07-14,L2,2,design-craft;mindset;content-strategy,"Creative Process Documenting Challenge (Coffee Challenge, renamed Commute Challenge, #futurchallenge); externally-document-tacit-process at max granularity = precursor to codify-into-steps + better-delegation + explain-to-clients; micro+macro pairing; Chris solo; not L3 (setup ep)"
yt-nI5NmyTtyu4,video,How to Apply What You Learn,@thefutur,https://www.youtube.com/watch?v=nI5NmyTtyu4,2018-12-11,2026-07-14,L2,2,mindset;content-strategy,"How to Apply What You Learn; consume->convert->share, don't-be-a-learning-hoarder, distill-when-you-teach; Chris solo; not L3 (restatement)"
yt-8mzKkbZUnRA,video,Will AI (artificial intelligence) take MY job?,@thefutur,https://www.youtube.com/watch?v=8mzKkbZUnRA,2018-12-10,2026-07-14,L2,2,mindset;business,"CONTEXT: 'Will AI take my job' guest interview - substantive answers are SETH GODIN's (Linchpin, work-vs-job, school-as-factory; inferred, no labels); Chris interviewer only; Seth-Godin entity candidate; NOT persona"
yt-37gKuNp-XLw,video,How Can I Attract My Ideal Client? Content Marketing w/ Melinda Livsey Ep. 13,@thefutur,https://www.youtube.com/watch?v=37gKuNp-XLw,2018-12-10,2026-07-14,L2,2,content-strategy;sales-clients;branding;mindset,"L3-cand: Attract Ideal Client via Content (Melinda Ep.13); write-for-a-previous-version-of-yourself, give-your-best-advice-free, creatives-become-champions-who-push-you-up, community-over-competition, momentum-over-plans; Chris coaches Melinda=context"
yt-mruxbUxEUS4,video,Take Full Responsibility for Your Life – Going Against Your Parent's Wishes,@thefutur,https://www.youtube.com/watch?v=mruxbUxEUS4,2018-12-05,2026-07-14,L2,2,mindset,"L3-cand + BIOGRAPHY: Take Responsibility / Against Parents' Wishes; parents(father opposed/mother-shielded) not-supportive of design, ArtCenter (expensive-as-Stanford), rejected UCLA/UCSD/CalPoly, self-funded, 'black sheep' among high-achiever cousins, father-of-two-boys; family names clean (mom/dad/boys)"
yt-nhUupKOj8I4,video,Come up with Better Ideas – Unlock The Power Of Your Subconscious,@thefutur,https://www.youtube.com/watch?v=nhUupKOj8I4,2018-12-04,2026-07-14,L2,2,design-craft;mindset,"L3-cand: Unlock Your Subconscious (ideation); DELIBERATE INCUBATION - reduce to 2-3 keywords, saturate w/ tangential stimuli, deliberately-stop-and-sleep, capture in shower/walk ('ideas like cotton candy'); clarity-phase=client-onboarding; Chris solo"
yt-apuUYmUGKP0,video,How to Achieve Work-Life Balance: Take Mini Vacations. Joey Cofone of Baron Fig Pt. 2/2,@thefutur,https://www.youtube.com/watch?v=apuUYmUGKP0,2018-12-03,2026-07-14,L2,2,mindset;business,"CONTEXT: Joey Cofone (Baron Fig) Pt.2/2 (~90% guest); 'point don't plan', mini-vacations, 5:30-routine; Chris framing only (praises balance-vs-grind); Joey-Cofone/Baron-Fig entity"
yt-VjZIxmrUl1E,video,How I Started My Business – Joey Cofone of Baron Fig Pt. 1/2,@thefutur,https://www.youtube.com/watch?v=VjZIxmrUl1E,2018-12-01,2026-07-14,L2,1,business;mindset;branding,interview Joey Cofone/Baron Fig Pt1 (context); risk/resilience; 4 Chris quotes
yt-MdxqVGLaLYg,video,What Would You Do Differently If You Had To Start Over?,@thefutur,https://www.youtube.com/watch?v=MdxqVGLaLYg,2018-11-27,2026-07-14,L2,2,mindset;business;content-strategy,"What Would You Do Differently; BIO nuggets: would-not-have-a-business-partner (regret), past camera-fear overcome; moat/gun-turrets competition metaphor (voice); Chris solo; not L3 (short)"
yt-SPmqQb7AaME,video,Logo Design Critique: Custom Lettering. How to Draw Monoline M in Illustrator,@thefutur,https://www.youtube.com/watch?v=SPmqQb7AaME,2018-11-25,2026-07-14,L2,2,design-craft,"Monoline M lettering (Illustrator); Chris CONFIRMED (not instructor); optical-correction-over-mathematical, live-improv teaching manner; low persona value (tool); not L3"
yt-xefSymuwzzI,video,Starting Your Business: Company Culture,@thefutur,https://www.youtube.com/watch?v=xefSymuwzzI,2018-11-24,2026-07-14,L2,2,business;mindset,"L3-cand: Company Culture; culture-as-competitive-advantage (candidates weigh pay/work-quality/treatment/PM -> startup competes on treatment+management), burnout-via-project-selection (leader minimizes under-timed jobs); Chris, coachee=context"
yt-3el7kOfTPK4,video,Going From Identity Design to Brand Strategy—A Deep Dive w/ Melinda Livsey Ep. 12,@thefutur,https://www.youtube.com/watch?v=3el7kOfTPK4,2018-11-22,2026-07-14,L2,2,branding;business;mindset,L3-cand: Identity Design->Brand Strategy Deep Dive w/ Melinda Livsey (coachee=context); Chris live-teaches several Futur brand-strategy frameworks; identity-vs-brand-strategy transition
yt-RjzyZeZo5ZU,video,UX Design Process - First Questions to Ask,@thefutur,https://www.youtube.com/watch?v=RjzyZeZo5ZU,2018-11-22,2026-07-14,L2,2,design-craft,CONTEXT: UX-process 'first questions' by non-Chris UX instructor (refers to Ben Burns 3rd person); user-archetypes/senses framework; Chris absent; no persona data
yt-JZQ_NZJApH8,video,Grow Your Audience by Creating Micro-content Videos,@thefutur,https://www.youtube.com/watch?v=JZQ_NZJApH8,2018-11-21,2026-07-14,L2,2,content-strategy,CONTEXT: micro-content playbook by Mark Contas (Futur video team); keep-on-topic/feed-metadata/mobile-sound-off (85% silent-view); Chris absent; no persona data
yt-nV1I_098dzg,video,What is UX Design? The Definition of User Experience Design,@thefutur,https://www.youtube.com/watch?v=nV1I_098dzg,2018-11-15,2026-07-14,L2,2,design-craft,CONTEXT: 'What is UX Design' by unidentified UX instructor (not Chris); attribution uncertain; no persona data
yt-NCfhG1QY7iA,video,"How to Stay Productive While Running a Tech Startup Business, Feat. Elay Cohen of Saleshood Pt. 2/2",@thefutur,https://www.youtube.com/watch?v=NCfhG1QY7iA,2018-11-14,2026-07-14,L2,3,business;mindset,"Guest Elay Cohen (SalesHood) productivity routine — guest-dominated, low yield. Kept for 'the dream client, the unicorn does exist' (positive pole of client-selection) and as evidence of third-party sponsorship by Nov 2018."
yt-ua1jWIzVl1w,video,How I Launched My Silicon Valley Startup. Feat. Elay Cohen of Saleshood Pt. 1/2,@thefutur,https://www.youtube.com/watch?v=ua1jWIzVl1w,2018-11-14,2026-07-14,L2,3,business;sales-clients;mindset,"Guest Elay Cohen founding story (guest-dominated). KEY: Chris names his sales influences — 'I can count on one hand those influences, and Elay is one of those fingers' — a THIRD documented sales debt alongside Kier McLaren and Blair Enns, with the specific debt named (vocabulary: compelling event, social prospecting, open-ended questions). Also: the recap as a live demo of his synthesis method; 'creative types build for 3.5 years with no validation and their thing hits with a thud'."
yt-P7qZd8_gdTI,video,How to Deal With a Client – Direction Changes,@thefutur,https://www.youtube.com/watch?v=P7qZd8_gdTI,2018-11-12,2026-07-14,L2,2,sales-clients;pricing,"NOT SUBJECT: client direction-changes role-play; teaching role addressed as 'Matthew' + Futur-Freelance-Fridays outro = Matthew Encina (context); re-anchor-on-goals, change-order/overage; NO persona data"
yt-yevZjd-YwUY,video,How Strategy Changed My Design Business,@thefutur,https://www.youtube.com/watch?v=yevZjd-YwUY,2018-11-09,2026-07-14,L2,2,business;sales-clients;branding,"L3-cand + BIOGRAPHY: How Strategy Changed My Business; Blind near-collapse/reinvention - founded 1995, ~$7M peak 2007, 2013 inflection, motion->branding pivot, learned CORE from Jose Caballer, first jobs Trojan Storage/Oles; Matthew(CD)=context; financials self-reported"
yt-ODcdMUgsxMI,video,How Positioning Your Brand Can Increase Your Value,@thefutur,https://www.youtube.com/watch?v=ODcdMUgsxMI,2018-11-09,2026-07-14,L2,2,branding;pricing;sales-clients,"L3-cand: Positioning Increases Value; value=max-willingness-to-pay, Rolex-vs-Timex commodity contrast, hourly-billing=self-commoditization, become-the-go-to-person; Chris (speaker-id uncertain but textbook)"
yt-0IPDtWmYWVg,video,Manage Time Better: A Challenge to Help You Find More Time,@thefutur,https://www.youtube.com/watch?v=0IPDtWmYWVg,2018-11-08,2026-07-14,L2,2,mindset;business,Manage Time Better Challenge (Commute Challenge); track 2 days in 15-min increments; email = biggest time-sink (self-reported); Chris solo; not L3
yt-t9qPZNMlI3A,video,Business Networking: How You (Even Introverts) Can Meet People,@thefutur,https://www.youtube.com/watch?v=t9qPZNMlI3A,2018-11-07,2026-07-14,L1,2,,no-captions (no subtitles available)
yt-V_gVXZD9y8k,video,Difficult Client Role Play Who Is Fishing For A Price,@thefutur,https://www.youtube.com/watch?v=V_gVXZD9y8k,2018-11-06,2026-07-14,L1,2,,no-captions (no subtitles available)
yt-qTtEPQP6vSM,video,How do you Communicate What You do? – 1 Minute Tip,@thefutur,https://www.youtube.com/watch?v=qTtEPQP6vSM,2018-11-02,2026-07-14,L2,2,branding;sales-clients;content-strategy,"Communicate What You Do (1-min tip); reframe from self-description to CUSTOMER VALUE - profile customers, find pain-points you solve, build messaging from that; Chris solo; not L3"
yt-9qwVLdNNZP8,video,How I Got Started as a Designer — Will Paterson,@thefutur,https://www.youtube.com/watch?v=9qwVLdNNZP8,2018-11-01,2026-07-14,L2,1,mindset;design-craft;content-strategy,interview Will Paterson (context); imposter-syndrome reframe; 6 Chris quotes
yt-iWDoF1pJfGY,video,How To Get More Clients: A Challenge To Get More Leads,@thefutur,https://www.youtube.com/watch?v=iWDoF1pJfGY,2018-10-31,2026-07-14,L2,2,sales-clients;content-strategy;business,L3-cand: Get More Clients Challenge; 'reach out to 30 new people in a week' (Jim Rohn) + 2-target taxonomy (bigger-fish who refer misfit leads + fringe non-competing creatives for network); Commute Challenge format; Chris solo
yt-DDBWERuvgFA,video,Two Approaches To Talking About Budget With Clients,@thefutur,https://www.youtube.com/watch?v=DDBWERuvgFA,2018-10-30,2026-07-14,L2,2,pricing;sales-clients,L3-cand: Two Approaches To Budget; emotion-led (Shannon Gabor/Clever Creative=context) vs logic-led (Chris) BOTH reject budget-first; order-taker-vs-trusted-advisor; low-ball-calls = positioning/marketing problem not pricing
yt-RIVGm5E6KsE,video,How To Sell Your Design Services without Experience?,@thefutur,https://www.youtube.com/watch?v=RIVGm5E6KsE,2018-10-29,2026-07-14,L2,2,sales-clients;mindset;branding,"Sell Services Without Experience; sell PEOPLE not portfolio(#1 mistake)/process(#2), reframe toward identity+confidence; Chris solo; distinct from position-as-expert; not L3 (short)"
yt-tkk6yXM2T90,video,Adobe MAX 2018 Empowers Creators & Storytellers— First Impressions & Event Recap,@thefutur,https://www.youtube.com/watch?v=tkk6yXM2T90,2018-10-26,2026-07-14,L2,2,content-strategy;mindset,Adobe MAX 2018 recap vlog (sponsored/promo); Chris 'fundamentals-not-tools' + tool-democratization + tell-your-story; Ben Burns/Matthew=context; not L3
yt--cuy994Fs64,video,Ask More Questions Until The Problem or Solution Becomes Clear,@thefutur,https://www.youtube.com/watch?v=-cuy994Fs64,2018-10-25,2026-07-14,L2,2,sales-clients;design-craft;mindset,"Ask More Questions Until Clear; 'foreign idea = invader' psychology (reflect questions back), 'I don't sell my idea, I sell you your idea', clarity->pricing bridge; Chris solo; restatement, not L3"
yt-HusdRYu84UA,video,Asking 'Why' To Get To The Root of The Problem,@thefutur,https://www.youtube.com/watch?v=HusdRYu84UA,2018-10-24,2026-07-14,L1,2,,no-captions (no subtitles available)
yt-yoGvz6lvTfQ,video,You're charging too little—Why You're Angry When Clients Call,@thefutur,https://www.youtube.com/watch?v=yoGvz6lvTfQ,2018-10-23,2026-07-14,L2,2,pricing;mindset;sales-clients,L3-cand: You're Charging Too Little / Why Angry When Clients Call; resentment/dread-on-a-client-call = you-charged-too-little underpricing signal; Chris endorses Blair Enns/Win-Without-Pitching; Chris solo
yt-0GDdLY4nLuA,video,Jurassic Park Movie Poster Design: The One Sheet,@thefutur,https://www.youtube.com/watch?v=0GDdLY4nLuA,2018-10-22,2026-07-14,L2,2,design-craft;branding,CONTEXT: 'The One-Sheet' Jurassic Park poster hosted by Stuart Schuster + Ben Burns; Chris absent (named as greenlighter only); poster composition/symmetry-as-conflict
yt-7UCv0mj8Uc8,video,12 Tips—Branding Advice from Clothing Brand Johnny Cupcakes,@thefutur,https://www.youtube.com/watch?v=7UCv0mj8Uc8,2018-10-19,2026-07-14,L2,2,branding;content-strategy,"CONTEXT: Johnny Cupcakes (Johnny Earle) 12 branding tips (~90% guest); experiential packaging, story-first; Chris interviewer only; Johnny-Cupcakes entity"
yt-87CPZdh6FIc,video,How to Talk About Price or Budget Using Price Bracketing,@thefutur,https://www.youtube.com/watch?v=87CPZdh6FIc,2018-10-18,2026-07-14,L2,2,pricing;sales-clients,"L3-cand: Price Bracketing (2018 refinement); LAW OF ANCHORING - say the BIGGER number FIRST (reverse the bracket, '300 and 150'), verbal-upfront-pricing, sonar metaphor; distinct from 2017 bracketing page; Chris"
yt-DjgVwN_k_88,video,How to Negotiate a Lowball Offer,@thefutur,https://www.youtube.com/watch?v=DjgVwN_k_88,2018-10-17,2026-07-14,L2,1,sales-clients;pricing;business,L3-candidate: lowball negotiation/anchoring; 13 quotes
yt-EkHAQQjhl90,video,Mindset Shift: Long vs Short Term Goals,@thefutur,https://www.youtube.com/watch?v=EkHAQQjhl90,2018-10-15,2026-07-14,L2,2,mindset;business,"L3-cand + BIO/voice: Long vs Short Term Goals; rock-bottom->identity-decision, delayed-gratification/long-term, 'addicted to success', out-hustle-over-talent, internal-only-celebration, emotional-detachment/Spock, daily-gratitude; Chris, coachees(Connor/Aaron)=context"
yt-E4oDHKVYOSk,video,How to Position Yourself as an Expert If you have no Experience,@thefutur,https://www.youtube.com/watch?v=E4oDHKVYOSk,2018-10-12,2026-07-14,L2,2,branding;content-strategy;mindset;sales-clients,"Position as Expert w/o Experience; age/pedigree-invisible-online -> do-good-work-IS-positioning, internal-self-worth, get-known-for-one-thing-then-flip, vulnerability/grow-together; Chris, coachees=context; not L3 (noted for synthesis)"
yt--yUgbMowG3w,video,How To Not Feel Like An Imposter When Comparing Yourself To Others,@thefutur,https://www.youtube.com/watch?v=-yUgbMowG3w,2018-10-10,2026-07-14,L2,2,mindset,"L3-cand: Not Feel Like Imposter When Comparing; 'selective filter' (only admit growth-inputs), 'knowledge vampire' (compare-to-learn not measure-worth), comparison-thief-of-joy, Bourdain curated-lives, $30k-contract adversity-reframe; Connor=context"
yt-1m7CVb3LqQw,video,"3 Editing Tips: Stay Organized, Have A Hook, Have A Clear Goal",@thefutur,https://www.youtube.com/watch?v=1m7CVb3LqQw,2018-10-08,2026-07-14,L2,2,content-strategy,CONTEXT: 3 editing tips by unnamed Futur editor (recent film grad); Chris absent; no persona data
yt-kKLZYk6t7A8,video,How to Work on Personal Projects After Working A Full Time Job,@thefutur,https://www.youtube.com/watch?v=kKLZYk6t7A8,2018-10-07,2026-07-14,L2,2,mindset,"L3-cand: Personal Projects After Full-Time Job; 'what are you willing to give up?' sacrifice/trade, convert-knowledge-to-equity (Jim Rohn), growth-is-the-reward, small-commitments/just-start (Terry Crews), blend-work-and-play; coachees=context; self-reported bio (M billings first 2yrs, Blind by 22) to VERIFY"
yt-Jx9-pOPCv1Y,video,Starting Your Business: Budget Vs. Profit,@thefutur,https://www.youtube.com/watch?v=Jx9-pOPCv1Y,2018-10-04,2026-07-14,L2,2,business;pricing,"Starting Your Business: Budget vs Profit; deposits, cash-flow, revenue-vs-profit primer; Chris solo; generic, not L3"
yt-M18yO7BYRNE,video,Pricing Strategies – Give Your Client Price Options,@thefutur,https://www.youtube.com/watch?v=M18yO7BYRNE,2018-10-03,2026-07-14,L2,2,pricing;sales-clients,"L3-cand: Give Client Price Options; 3 tiers differentiated by ATTENTION/OWNERSHIP/probability (NOT labor), price-first-scope-after, inverse-client-effort (higher tier=less from client); enriches pricing hub 3-options"
yt-aBz0fSkCG4Y,video,Get More Views on Your YouTube Videos—Define the Gap (Story Structure),@thefutur,https://www.youtube.com/watch?v=aBz0fSkCG4Y,2018-10-02,2026-07-14,L2,2,content-strategy,"CONTEXT: YouTube views / 'define the gap' story-structure by Ricky (Futur videographer, his first solo video); Chris absent; McKee-esque beats/gaps; Casey Neistat example"
yt-uO8VUYwCmFM,video,1 Simple Tip to Make Your Logos More Valuable,@thefutur,https://www.youtube.com/watch?v=uO8VUYwCmFM,2018-09-28,2026-07-14,L2,2,design-craft;branding;pricing,"1 Tip to Make Logos More Valuable; place logos in real-world context/mockups to raise perceived value; Chris solo; minor, not L3"
yt-15nLfcQxMSQ,video,Avoid Clients Who Waste Your Time,@thefutur,https://www.youtube.com/watch?v=15nLfcQxMSQ,2018-09-26,2026-07-14,L2,2,sales-clients;business,"Avoid Clients Who Waste Your Time; earliest red-flags (talking-past-each-other, 'pick your brain'=validation, bad listener) + 'dinner test' heuristic; Chris solo; refines client-selection, not L3"
yt-59RisFrQZY4,video,Easy Way To Draw a Monoline Logo Using Guides in Illustrator,@thefutur,https://www.youtube.com/watch?v=59RisFrQZY4,2018-09-25,2026-07-14,L2,2,design-craft,"CONTEXT: monoline logo Illustrator tutorial (pen/guides/anchor-averaging); attribution uncertain (Molly addressed); tool mechanics, no persona data"
yt-YKZ1TSZZ5XM,video,"‪How to build rapport—Lose the Small Talk, Ask Big Questions",@thefutur,https://www.youtube.com/watch?v=YKZ1TSZZ5XM,2018-09-24,2026-07-14,L2,2,sales-clients;mindset,"L3-cand: Build Rapport / Lose Small Talk Ask Big Questions; reveal-first reciprocity -> prospect shares goals/finances, 'make big talk'/bigger questions, curiosity+listening posture; Chris, interviewer=context"
yt-i7O4AtfeM6k,video,How to Pitch to Potential Clients,@thefutur,https://www.youtube.com/watch?v=i7O4AtfeM6k,2018-09-24,2026-07-14,L2,2,sales-clients;pricing,"How to Pitch to Potential Clients (post-pitch debrief); context-framing vs client brief, engineer-client-ownership, incubation ('hour to build, week of thinking'), pitch-objectively; Chris solo; reinforces Pitch-This doctrine, not L3"
yt-F7olfui5Igw,video,Getting Clients to YES,@thefutur,https://www.youtube.com/watch?v=F7olfui5Igw,2018-09-20,2026-07-14,L2,2,sales-clients;pricing,"L3-cand: Getting Clients to YES; empathy-first, get-client-to-state-ask-then-mirror-back, three-outcomes model, de-risk via phased engagement/meet-the-owner; Chris coaching a ~$50k objection, coachee=context"
yt-V1YsOVSSNcE,video,Day in the Life as a Designer – Presentation FAIL VLOG,@thefutur,https://www.youtube.com/watch?v=V1YsOVSSNcE,2018-09-18,2026-07-14,L2,2,design-craft;mindset,CONTEXT: Day-in-Life 'Presentation FAIL' vlog = Matthew Encina's SIGGRAPH/MAXON booth day; Chris absent; no persona data
yt-8he7nM4W1vw,video,How To Make Your Idea HAPPEN,@thefutur,https://www.youtube.com/watch?v=8he7nM4W1vw,2018-09-17,2026-07-14,L2,2,mindset;business,"How To Make Your Idea Happen; 'invert the pyramid' prototype->crowdfund->validate->engineer (credited to a Google Labs design director); Chris solo, coachees=context; not L3 (short)"
yt-3i-jz-6Xu8U,video,How to Create a Wax Seal Logo Mock Up in Photoshop,@thefutur,https://www.youtube.com/watch?v=3i-jz-6Xu8U,2018-09-14,2026-07-14,L2,2,design-craft,"CONTEXT: wax-seal Photoshop tutorial by Emily (Futur team); Chris interviewer only (2 minor asides); tool mechanics, low persona value"
yt-SAXRxpiJqcE,video,Your True Self Is A Full Spectrum,@thefutur,https://www.youtube.com/watch?v=SAXRxpiJqcE,2018-09-13,2026-07-14,L2,2,mindset;branding;content-strategy,"L3-cand: Your True Self Is A Full Spectrum; prism/full-spectrum authentic-identity model (true self = white light diffracted into contextual faces; 'I havent changed, Ive shown you more of me'); Chris, DJ Mike=context"
yt-Xi3VhHp8llI,video,Success Leaves Clues – How to Study Successful People,@thefutur,https://www.youtube.com/watch?v=Xi3VhHp8llI,2018-09-11,2026-07-14,L2,2,mindset,"L3-cand: Success Leaves Clues; learn-by-modeling / study-successful-people (comedians etc), introvert-who-forced-change narrative; Chris solo; foundational trait"
yt-V-uLjNG73ho,video,Why Do I Give So Much Away—My Content Strategy,@thefutur,https://www.youtube.com/watch?v=V-uLjNG73ho,2018-09-09,2026-07-14,L2,2,content-strategy;business;mindset,"Why I Give So Much Away; stop-selling (audiences hypersensitive), 'karmic equity' give-and-reciprocate; self-reported 2018: 300%/yr, 4th year, 517 members @$5/mo; Chris solo; feeds give-first pages"
yt-4ZnSvCxqTrk,video,How To Make Clear Goals You Can Achieve,@thefutur,https://www.youtube.com/watch?v=4ZnSvCxqTrk,2018-09-07,2026-07-14,L2,2,mindset,"L3-cand: Make Clear Goals; 'chunking' (chop big goal to bite-size + marshal all energy), live vague-to-specific drill-down (10k/mo->120k/yr->client-mix math), think-first-tactical-last 'dont go squirrel', SMART trimmed to 3; Chris coach, Ryan=context"
yt-w5ti6BW8foo,video,Is It Better To Focus Or Be A Generalist Designer?,@thefutur,https://www.youtube.com/watch?v=w5ti6BW8foo,2018-09-05,2026-07-14,L2,2,mindset;business;content-strategy,"Focus vs Generalist; specialize-as-job-security-insurance, chasing-your-tail warning, strengths-first-then-supplement; Chris + 2nd host(uncertain, Sinek why-over-what)=context; not L3 (restates specialist)"
yt-mbVjjeH6-tk,video,What Motivates You?,@thefutur,https://www.youtube.com/watch?v=mbVjjeH6-tk,2018-09-05,2026-07-14,L2,2,mindset,"What Motivates You; thank-you-economy/reciprocation, #10% work-ethic, $14.68-check anecdote; Chris solo; not L3 (restatement); good voice material"
yt-dVkyDxbr12I,video,How To Respond To Clients Who Have No Idea What They Want Ep. 20 w/ Keir Mclaren,@thefutur,https://www.youtube.com/watch?v=dVkyDxbr12I,2018-09-04,2026-07-14,L2,2,sales-clients;mindset,CONTEXT: Kier McLaren MASTERMIND Ep.20 (clients who dont know what they want); Chris absent; Kier ran a New England ad agency; cites Getting-to-Yes/BATNA; Kier entity
yt-AHJcwllsKA4,video,Traits of Successful People Ep. 19 w/ Keir McLaren,@thefutur,https://www.youtube.com/watch?v=AHJcwllsKA4,2018-09-02,2026-07-14,L2,2,mindset,CONTEXT: Kier McLaren MASTERMIND Ep.19 (traits of successful people); Chris absent; Kier bio (worked at Prologue under Kyle Cooper); 3rd-party notes corroborate single Emmy + Futur took ~3yrs
yt-XsF5YQq7M1A,video,How to Build BEAUTIFUL Websites in HOURS,@thefutur,https://www.youtube.com/watch?v=XsF5YQq7M1A,2018-08-31,2026-07-14,L2,2,design-craft;content-strategy,CONTEXT: Webflow tutorial by guest Ron Segal (Flux); Chris host only; no persona data; Ron-Segal entity
yt-XtCWo340xDo,video,How To Get Work—Reach Out Ep. 18 w/ Keir McLaren,@thefutur,https://www.youtube.com/watch?v=XtCWo340xDo,2018-08-30,2026-07-14,L2,2,mindset;sales-clients,CONTEXT: Kier McLaren MASTERMIND Ep.18 (reach out / get a meeting); Chris absent (3rd person); Joe Montalbano ice-cream opener; Kier entity
yt-6GodcTLloaw,video,Brainstorming Creative Ideas. Beyond the Brief — Dr. Samuel Holtzman Pt.2 Heineken,@thefutur,https://www.youtube.com/watch?v=6GodcTLloaw,2018-08-29,2026-07-14,L2,2,design-craft;sales-clients,CONTEXT: Dr. Holtzman Pt.2 (Heineken); 'decode the brief / beyond the brief' + step-out-of-your-shoes empathy = Holtzman's; Chris intro-framing only; Holtzman entity
yt-gIw-PBNXWgE,video,How Do I Raise Prices Without Losing Clients?,@thefutur,https://www.youtube.com/watch?v=gIw-PBNXWgE,2018-08-27,2026-07-14,L2,1,pricing;sales-clients;business,"L3-candidate: raising prices, 9 frameworks; 17 quotes"
yt-VhztaSc4afE,video,How Do I Know What I'm Good at?  Finding Your Super Power,@thefutur,https://www.youtube.com/watch?v=VhztaSc4afE,2018-08-24,2026-07-14,L2,2,mindset;branding,"L3-cand: Finding Your Super Power; 5-prompt inventory (skill/happiness/opportunity/passion/service) ikigai-adjacent + Venn diagnosis + build-matrix; Chris subject, Danny Yount panel=context; wife-advice redacted"
yt-wzPPi2mX-ho,video,Choose Your Clients Wisely,@thefutur,https://www.youtube.com/watch?v=wzPPi2mX-ho,2018-08-22,2026-07-14,L2,2,sales-clients;business;mindset,"L3-cand: Choose Your Clients Wisely; become-the-better-communicator/strategist (car-mechanic analogy, 'reveal what they dont know = more valuable'); guest Henry Kaminsky Jr=context; good-client-list attribution uncertain"
yt-1myIKz22mmY,video,What Clients Care About Most Ep. 16 W/Keir McLaren,@thefutur,https://www.youtube.com/watch?v=1myIKz22mmY,2018-08-21,2026-07-14,L2,3,sales-clients;business,"MASTERMIND Ep16 — ZERO Chris, entirely Kier McLaren. Kept as context for entities/kier-mclaren. Kier's plumber parable is the same shape as Chris's mechanic parable but Chris's is 2yrs EARLIER; no direction of influence established."
yt-g2xE2wkWIV4,video,The Futur Office Has Nothing To Do With Casey Neistat 368,@thefutur,https://www.youtube.com/watch?v=g2xE2wkWIV4,2018-08-20,2026-07-14,L2,2,business;content-strategy,"Futur office-tour vlog (~70% tour); mission-framing likely-Chris (attribution uncertain): digital-design-dojo, ~300%/yr growth; team=context; not L3"
yt-bgStKKE6RUk,video,3 Minutes Of Pure Branding Gold By Brian Collins,@thefutur,https://www.youtube.com/watch?v=bgStKKE6RUk,2018-08-15,2026-07-14,L2,2,branding;design-craft,"CONTEXT: Brian Collins (COLLINS agency=influence) 3-min branding montage; Chris absent; entity material (familiarity/surprise/context, poetry-as-strategy, provoke-love-or-hate)"
yt-3wckIG_SQA8,video,How To Set Up Your Design Business: LLC vs. Sole Proprietorship,@thefutur,https://www.youtube.com/watch?v=3wckIG_SQA8,2018-08-13,2026-07-14,L2,2,business,"LLC vs Sole-Prop (biz-setup series ep.2); Chris confirmed leads but disclaims authority ('talk to an attorney'); generic legal how-to, low persona value; not L3; Rebecca/Ashley=coachees/context"
yt-rYJ-_76rDIM,video,Overcome Fear Ep.13 w/ Keir McLaren,@thefutur,https://www.youtube.com/watch?v=rYJ-_76rDIM,2018-08-08,2026-07-14,L2,2,mindset,CONTEXT: Kier McLaren MASTERMIND Ep.13 (overcome fear); Chris absent (Kier refers to 'Christo' 3rd person); Kier entity
yt-z9ZBn4n1iD8,video,Productivity Tips to GET MORE DONE,@thefutur,https://www.youtube.com/watch?v=z9ZBn4n1iD8,2018-08-07,2026-07-14,L2,2,mindset,CONTEXT (attribution uncertain): Productivity tips voice-over; could be Chris or a Futur producer; standard prioritization/time-audit; no persona data extracted
yt-6GMYDlGtHo8,video,"5 YouTube Tips I've Learned From Casey Neistat, Peter McKinnon & Phil DeFranco",@thefutur,https://www.youtube.com/watch?v=6GMYDlGtHo8,2018-08-06,2026-07-14,L2,2,content-strategy,"L3-cand: 5 YouTube Tips; Chris CONFIRMED - his own content playbook (thumbnails, cold-open, persona/props, catchphrase, shareability, broad-topic, 'their fear is our opportunity'); Neistat/McKinnon/DeFranco/Draplin=context influences"
yt-A7CnmWIPz7o,video,SUPERCHARGE your Personal Brand Through Instagram,@thefutur,https://www.youtube.com/watch?v=A7CnmWIPz7o,2018-08-03,2026-07-14,L2,2,content-strategy;branding,CONTEXT: Personal-brand-via-Instagram led by unnamed photographer/instructor (refers to Chris 3rd person); Chris absent; no persona data
yt-onvdHlv0p-Q,video,How to Submit Your Portfolio – Application Tips,@thefutur,https://www.youtube.com/watch?v=onvdHlv0p-Q,2018-08-02,2026-07-14,L2,2,design-craft;business;pricing,CONTEXT: Portfolio/application tips led by Greg Gunn + Scott Rothstein (Blind/Futur EP); Chris absent; no persona data
yt-53zf7pBjCaU,video,Simple Tips to IMPROVE your Design,@thefutur,https://www.youtube.com/watch?v=53zf7pBjCaU,2018-08-01,2026-07-14,L2,1,design-craft,taught by Matthew Encina NOT Chris; 0 Chris (context page)
yt-M2Jls1C9pbE,video,Taking the Pressure OFF of Client Presentations,@thefutur,https://www.youtube.com/watch?v=M2Jls1C9pbE,2018-07-31,2026-07-14,L2,2,sales-clients;mindset,"CONTEXT: Pressure Off Presentations; Ben Burns prepping a pitch (channels Chris 2nd-hand), Chris absent (3rd person); serve-not-prove pre-pitch mindset; no persona data"
yt-5r5eQzg11MI,video,How To Talk To Clients About Money & Budget—Barcelona Workshop,@thefutur,https://www.youtube.com/watch?v=5r5eQzg11MI,2018-07-30,2026-07-14,L2,2,pricing;sales-clients,"L3-cand: Money/Budget (Barcelona workshop); 'train of thought' feeling->thought->reaction sequencing, limbic-vs-neocortex, feeling-chart; Chris lead, partner+host Albert de Ville=context"
yt-zeSIj5GohoI,video,Why Confidence Is More Vital Than Your Work,@thefutur,https://www.youtube.com/watch?v=zeSIj5GohoI,2018-07-30,2026-07-14,skipped,2,,no-captions: 429/unavailable across 5+ batches while peers succeed; never Whisper w/o approval
yt-KO6zV5C0COc,video,Resume Tips for Designers - HOW TO STAND OUT,@thefutur,https://www.youtube.com/watch?v=KO6zV5C0COc,2018-07-27,2026-07-14,L2,2,content-strategy,CONTEXT: Resume Tips led by non-Chris instructor + co-host Emily; Chris absent; prescriptive pro-resume-artifact (vs resume-is-dead page); no persona data
yt-W4fhcj5e1wQ,video,3 Things You Need To Learn In School,@thefutur,https://www.youtube.com/watch?v=W4fhcj5e1wQ,2018-07-25,2026-07-14,L2,2,mindset,"L3-cand: 3 Things To Learn In School; (1) public speaking (2) learning-how-to-learn/formulate-questions (3) logic & reasoning; hiring ignores resume/degree; Chris subject, Elanor Jang host=context"
yt-eU2neFRbFQc,video,How To Work Less And Make More,@thefutur,https://www.youtube.com/watch?v=eU2neFRbFQc,2018-07-23,2026-07-14,L2,2,business;pricing;mindset,"L3-cand: Work Less Make More; LIVE value-pricing demo - price-your-own-outcome sequence, half-time=half-revenue math, inputs-vs-outputs (Peter Blair?-uncertain), 10-chunks week; Ron=context"
yt-Fm7mjeJpyZ4,video,Why Designers Focus On The Wrong Thing—Try This Instead,@thefutur,https://www.youtube.com/watch?v=Fm7mjeJpyZ4,2018-07-20,2026-07-14,L2,2,sales-clients;pricing;business,"L3-cand: Why Designers Focus On Wrong Thing; diagnostic-phase / tell-them-what-they-didn't-know / outcomes-over-craft / money-follows-big-problems; Chris coach, designer=context"
yt-ADT5g_gxcXI,video,Hard To Make Decisions Ep. 12 w/ Keir McLaren,@thefutur,https://www.youtube.com/watch?v=ADT5g_gxcXI,2018-07-19,2026-07-14,L2,2,mindset,"CONTEXT: Kier McLaren MASTERMIND Ep.12 (hard decisions); Chris absent; ego-serving decisions, 10yr-old-strategies, neuroplasticity 30-60 days; Kier entity"
yt-uL4Tn0796XI,video,Thoughts On Living A Creative Life Ep. 11 w/ Keir McLaren,@thefutur,https://www.youtube.com/watch?v=uL4Tn0796XI,2018-07-17,2026-07-14,L2,2,mindset,"CONTEXT: Kier McLaren MASTERMIND Ep.11 (creative life); Chris absent; you-are-not-what-you-do, worst-case reframing; Kier entity"
yt-OCcbTVbuRIg,video,"How To Scale Your Business, Multiply Your Time, and Delegate",@thefutur,https://www.youtube.com/watch?v=OCcbTVbuRIg,2018-07-16,2026-07-14,L2,2,business;mindset,"L3-cand: Scale/Multiply-Time/Delegate; codify-process-into-<=5-steps (ArtCenter red-blue-dot origin), high-vs-super-high quality threshold, churn-to-superstar team; Chris coaching, coachee=context"
yt-Blja-ucC5_k,video,The Worst Things That Clients Have Said To Me,@thefutur,https://www.youtube.com/watch?v=Blja-ucC5_k,2018-07-13,2026-07-14,L2,2,sales-clients;mindset,"L3-cand: Worst Things Clients Said; Objection Response Deck (acknowledge/answer-with-question/degree/reflect/I-dont-know), control-energy-to-neutral, Blair Enns; Chris, Rob=context"
yt-Qsgl5baPHUs,video,How to Growth Hack Your Instagram Profile,@thefutur,https://www.youtube.com/watch?v=Qsgl5baPHUs,2018-07-11,2026-07-14,L2,2,content-strategy,"CONTEXT: Instagram growth-hack by non-Chris instructor (unnamed, UK-accented); Chris absent; no persona data"
yt-uVhWhMv6sO4,video,Why I Don't Work On Design Projects Anymore,@thefutur,https://www.youtube.com/watch?v=uVhWhMv6sO4,2018-07-04,2026-07-14,L2,2,business;mindset,"L3-cand: Why I Don't Design Anymore; CEO/identity-shift (making-a-difference-vs-making-things, maker-vs-entrepreneur); bio: scaling mechanism (10%-effort-doubles-quality, friends->hire-better->revenue-responsibility); Shane=context"
yt-ZwEMbqZDkXU,video,Expressive Typography Design & Layout Critique & Advice (Cutdown),@thefutur,https://www.youtube.com/watch?v=ZwEMbqZDkXU,2018-07-03,2026-07-14,L2,2,design-craft,"L3-cand: expressive typography critique (cutdown); be-expressive-with-the-type (offset/zigzag enacts message), letter-spacing=emotion, meaningless-data texture, gradient=implied-lighting; Chris-probable, Levi/Emily=context"
yt-MxShKURqbM0,video,Why Networking Doesn't Work,@thefutur,https://www.youtube.com/watch?v=MxShKURqbM0,2018-07-02,2026-07-14,L2,2,sales-clients;mindset;content-strategy,"L3-cand: Why Networking Doesn't Work; attract-your-mentor-by-leveling-up (Brian Tracy, close-the-gap, meeting-of-minds), reframe networking as reciprocity; origin story (first clients/car commercial via peers)"
yt-5FDRD7vMIHc,video,Watch This Before Your Next Internship!,@thefutur,https://www.youtube.com/watch?v=5FDRD7vMIHc,2018-07-01,2026-07-14,L2,2,mindset;design-craft,"L3-cand: Before Your Internship; learning-vs-money sliding scale, top-3-criteria filter, 'you change the target when you love the work', junior-year timing; Chris primary"
yt-f-2oME87pl0,video,Work Or Go To School—Choose One & Focus,@thefutur,https://www.youtube.com/watch?v=f-2oME87pl0,2018-06-29,2026-07-14,L2,2,mindset;business,"Work Or School-Choose One; school-vs-work as two transactions, choose-one-and-focus, prioritize-classes-that-matter; Chris, student=context; not L3"
yt-1DJ4hpWvSBY,video,How To Convince Your Clients—Don't!,@thefutur,https://www.youtube.com/watch?v=1DJ4hpWvSBY,2018-06-28,2026-07-14,L2,2,sales-clients;mindset,"L3-cand: How To Convince Clients-Don't; needing-to-convince=you-skipped-meeting-of-minds -> discovery, advocate-for-consumer, help-them-realize-truth; Chris solo"
yt-rJf_gphvDrY,video,"4 Video Production Hacks For: Better Audio, Staying Organized & Better Communication",@thefutur,https://www.youtube.com/watch?v=rJf_gphvDrY,2018-06-27,2026-07-14,L2,2,content-strategy,CONTEXT: 4 video-production hacks by Futur crew Aaron & Mark; Chris absent; no persona data
yt-l-3txt1yNDU,video,Advice for Students—My Life at Design College,@thefutur,https://www.youtube.com/watch?v=l-3txt1yNDU,2018-06-26,2026-07-14,L2,2,mindset;design-craft,"L3-cand: My Life at Design College (RICH biography); ArtCenter years, all-nighters, Bruce Hubbard D-grade, financial-reality (upper-middle, mom paid half, Stafford loans, 50% scholarship), 18-19 turning point"
yt-h1cI9Ti1lG0,video,Guide On How To Choose Domain Name & Brand Naming Strategies,@thefutur,https://www.youtube.com/watch?v=h1cI9Ti1lG0,2018-06-26,2026-07-14,L2,2,branding;content-strategy,CONTEXT: brand/domain naming narrated by Ben Burns (NOT Chris); Chris absent (3rd person); bio nugget: no personal website as of 2018-06
yt-X-IZG-5ccWA,video,Becoming A Main Title Designer— Danny Yount Pt. 2,@thefutur,https://www.youtube.com/watch?v=X-IZG-5ccWA,2018-06-22,2026-07-14,L2,2,design-craft,CONTEXT: Danny Yount Pt.2 (mostly Danny); Chris contributes creative-team-leadership + education/student-debt critique (schools=loan officers); family redacted
yt-_T_qyf9dlKg,video,Best Career Advice For Designers From 3 Industry Pros,@thefutur,https://www.youtube.com/watch?v=_T_qyf9dlKg,2018-06-20,2026-07-14,L2,2,mindset;design-craft,"CONTEXT: 3 unnamed industry pros (100% guest, no speaker labels); Chris absent/host only; no persona data"
yt-HdXfCuKu5Lg,video,Get Clear & Avoid Creative Block— Fuzzy Goals Equals Fuzzy Results,@thefutur,https://www.youtube.com/watch?v=HdXfCuKu5Lg,2018-06-20,2026-07-14,L2,2,mindset;design-craft,"L3-cand: Avoid Creative Block / Fuzzy Goals=Fuzzy Results; goal->compass->picture->map, rock-to-arch specificity, two-words->images->recipe; Chris teacher, student=context"
yt-y-krWqwFDa8,video,Sometimes You Have To Fire Your Clients,@thefutur,https://www.youtube.com/watch?v=y-krWqwFDa8,2018-06-19,2026-07-14,L2,2,sales-clients;business;mindset,"L3-cand: Sometimes You Have To Fire Your Clients; resign a bad client (refund + pay them to leave), reject 'ugly clients' who pay in exposure; Chris solo"
yt-FsyJodhEze0,video,Designers React to Design Critique— Young Guns Ep 6,@thefutur,https://www.youtube.com/watch?v=FsyJodhEze0,2018-06-13,2026-07-14,L2,3,design-craft;sales-clients;business,Young Guns Ep6 reaction ep — participant-dominated. ONE landmark item: Chris ASSIGNS Blair Enns' Win Without Pitching Manifesto as the next challenge with a live test — the corpus's only BEHAVIOURAL evidence of that influence. Also: he publishes the pushback on his own critique.
yt-vJ7qXaZW-KY,video,Meet Blade Runner 2049 Main Title Designer—Danny Yount Pt. 1,@thefutur,https://www.youtube.com/watch?v=vJ7qXaZW-KY,2018-06-06,2026-07-14,L2,2,design-craft,"CONTEXT: Danny Yount Pt.1 (Blade Runner 2049 title designer=influence, ~80%); Chris ~20% interviewer; Danny-Yount entity candidate; Chris bio nuggets (same media gen, no-option-die-or-succeed)"
yt-FPouel_NEWI,video,Gain Clarity w/ Clients Using Objective Criteria—Dr. Samuel Holtzman Pt. 1,@thefutur,https://www.youtube.com/watch?v=FPouel_NEWI,2018-06-05,2026-07-14,L2,2,sales-clients;business,"CONTEXT: guest Dr. Samuel Holtzman Pt.1 (objective-criteria/criterion-driven discovery); Chris thin (empathy-in-design, externalize-align-group); ArtCenter connection; Holtzman entity"
yt-gy5KZlLRl2c,video,What Failure Can Teach You About Humility Ep. 10 w/ Keir McLaren,@thefutur,https://www.youtube.com/watch?v=gy5KZlLRl2c,2018-05-27,2026-07-14,L2,2,mindset,"CONTEXT: Kier McLaren MASTERMIND Ep.10 (failure->humility); Chris absent; COMPLETES series Eps1-10; luck/serendipity, 12-step incremental; Kier bio (2 divorces, ad biz, NH)"
yt-gx5hEcIwhnY,video,Packaging Design Critique & Winner - Young Guns Ep 5,@thefutur,https://www.youtube.com/watch?v=gx5hEcIwhnY,2018-05-26,2026-07-14,L2,2,design-craft;branding,"L3-cand: Young Guns Ep.5 packaging CRITIQUE; Chris sole judge; 4-criterion rubric (brand-integrity/shelf-presence/improvement/USP-clarity) + ~11 packaging principles (3D-sculpture, hierarchy, less-is-more premium); contestants=context"
yt-ittd4gieExk,video,How Outsiders Break Rules & Create Disruption Ep. 9 w/ Keir McLaren,@thefutur,https://www.youtube.com/watch?v=ittd4gieExk,2018-05-26,2026-07-14,L2,2,mindset;business,CONTEXT: Kier McLaren MASTERMIND Ep.9 (outsiders break rules); Chris absent (referenced as collaborator); outsiders-break-paradigms (Salk/Bezos); Kier entity
yt-Jbiyh2WbWPs,video,What's Your Motivation? The Empty Pursuit of Fame Ep. 8 w/ Keir McLaren,@thefutur,https://www.youtube.com/watch?v=Jbiyh2WbWPs,2018-05-23,2026-07-14,L2,2,mindset,"CONTEXT: Kier McLaren MASTERMIND Ep.8 (empty pursuit of fame); Chris absent; external-validation-empty, actor-vs-star; Kier bio (D-I athletics, Harpers, broke-in-40s)"
yt-SwsivXHY-cU,video,Business of Design Crash Course w/ Rebecca Ep. 5,@thefutur,https://www.youtube.com/watch?v=SwsivXHY-cU,2018-05-22,2026-07-14,L2,2,business;pricing;sales-clients,"Business of Design w/ Rebecca Ep.5; delegation-margin (2x contractor+30%+markup AD/CD), freelancer->owner, hire-better-than-you; Rebecca Hyneman=context; restatement, not L3"
yt-D-i9yPcEW28,video,🔴 Inspiring Main Title Design Legend— Karin Fong,@thefutur,https://www.youtube.com/watch?v=D-i9yPcEW28,2018-05-19,2026-07-14,L2,2,design-craft,"CONTEXT: Karin Fong interview (title-design legend, Imaginary Forces = influence); Chris interviewer only; Karin-Fong entity/influence material"
yt-hK_0XPzvpoA,video,UX/UI Designer Interns for Blind & The Futur,@thefutur,https://www.youtube.com/watch?v=hK_0XPzvpoA,2018-05-17,2026-07-14,skipped,2,,no-captions: 429/unavailable across 5 batches while peers succeed; Blind/Futur intern recruiting (context anyway); never Whisper w/o approval
yt-E7vJONz6HKg,video,Packaging Design Challenge Process - Young Guns Ep 4,@thefutur,https://www.youtube.com/watch?v=E7vJONz6HKg,2018-05-16,2026-07-14,L2,2,design-craft;branding,"Young Guns Ep.4 (process ep); mostly contestant-narrated process=context; Chris host, critique deferred to next ep; not L3"
yt-JNTqHJQp1QU,video,Eliminate Negative People In Your Life Ep. 7 w/ Keir McLaren,@thefutur,https://www.youtube.com/watch?v=JNTqHJQp1QU,2018-05-13,2026-07-14,L2,2,mindset,"CONTEXT: Kier McLaren MASTERMIND Ep.7 (eliminate negative people); Chris absent; you-get-the-world-you-see, Calder-mobile, price-of-change; Kier entity"
yt-ktGYhw7gmMY,video,Look Inside Yourself For The Answers You Need Ep. 6 w/ Keir McLaren ep. 6,@thefutur,https://www.youtube.com/watch?v=ktGYhw7gmMY,2018-05-09,2026-07-14,L2,2,mindset;business,"CONTEXT: Kier McLaren MASTERMIND Ep.6 (~100% Kier: inner-child exercise, hero's-journey, over-reaction diagnostic); Chris silent; Kier is an author (entity material)"
yt-FDhK1R3GJzs,video,Pharma Package Design Challenge - Young Guns Ep 3,@thefutur,https://www.youtube.com/watch?v=FDhK1R3GJzs,2018-05-08,2026-07-14,L2,2,design-craft;branding,"L3-cand: Young Guns Ep.3 pharma package; Chris confirmed; me-too design, shelf-presence via shape/color, aesthetic-to-demographic mapping, house-vs-name-brand; contestants=context"
yt-0WQVRQ07WtE,video,Believe In Yourself— Power of Self Confidence,@thefutur,https://www.youtube.com/watch?v=0WQVRQ07WtE,2018-05-06,2026-07-14,L2,2,mindset;sales-clients,"L3-cand: Believe In Yourself; DISTINCT confidence mechanism - be-nothing/be-a-mirror, decouple-confidence-from-credentials, credentials-as-crutches, remove-yourself-from-equation; Chris solo"
yt-nnk-f0B9rOQ,video,Finding Courage To Show Up As Who You Are—Dublin IDI/Why Design,@thefutur,https://www.youtube.com/watch?v=nnk-f0B9rOQ,2018-05-01,2026-07-14,L1,2,,no-captions (no subtitles available)
yt-zh7gYockjys,video,Importance of Being Mindful Ep. 5 w/ Keir McLaren,@thefutur,https://www.youtube.com/watch?v=zh7gYockjys,2018-04-26,2026-07-14,skipped,2,,no-captions: 429/unavailable across 5 batches while peers succeed; Kier mastermind Ep.5 (context anyway); never Whisper w/o approval
yt-gB7WZQNwsdE,video,Go Your Own Way—Do What You Want Ep. 4 w/ Keir McLaren,@thefutur,https://www.youtube.com/watch?v=gB7WZQNwsdE,2018-04-24,2026-07-14,L2,2,mindset,"CONTEXT: Kier McLaren MASTERMIND Ep.4 (~100% Kier: distrust-the-system, risk-as-differentiator, upbringing); Chris silent (1 indirect trait); Kier entity material"
yt-VCvebusD5Fo,video,Learn Self Acceptance Self Confidence By Letting Go Of Ego & Being Yourself,@thefutur,https://www.youtube.com/watch?v=VCvebusD5Fo,2018-04-21,2026-07-14,L2,2,mindset,"L3-cand: Self Acceptance/Letting Go of Ego; DISTINCT 'Mirrormask' metaphor + YouTube-origin discomfort story (first 10 vids, hated own voice, stop-editing-within-8ft); Chris solo"
yt-CmqAJ4sILHo,video,Want To Raise Your Value? Solve Bigger Problems.,@thefutur,https://www.youtube.com/watch?v=CmqAJ4sILHo,2018-04-18,2026-07-14,L2,2,pricing;sales-clients;branding;mindset,Raise Your Value / Solve Bigger Problems (short); reinforces value-ladder; distinct self-label/little-box + law-of-instrument; Chris solo; not L3 (restatement)
yt-52WYy8aESFs,video,4 Tips To Grow As a Designer. Career Advice in 5 mins.,@thefutur,https://www.youtube.com/watch?v=52WYy8aESFs,2018-04-14,2026-07-14,L2,2,mindset;design-craft;content-strategy,"L3-cand: 4 Tips To Grow (career, 5min edit); a-path-not-the-right-path, inch-wide-mile-deep, design-dying/build-community, income-as-runway; Chris solo"
yt-YvK_8G4w25E,video,Framing Your Shot – Composition and Storytelling,@thefutur,https://www.youtube.com/watch?v=YvK_8G4w25E,2018-04-11,2026-07-14,L2,2,design-craft;content-strategy,CONTEXT: non-Chris Futur instructor (motion/3D) composition tutorial; Chris absent; no persona data
yt-oAHxZeBUbXM,video,Conscious Capitalism & Working With Non-Profits,@thefutur,https://www.youtube.com/watch?v=oAHxZeBUbXM,2018-04-06,2026-07-14,L2,2,business;mindset,"Panel w/ guest Matthew Manos (give-half model=context); Chris: do-free-to-prove-to-yourself, value=dollar-quantified, brand-as-filter; restatement L2; Manos entity candidate"
yt--C01FC27Jg0,video,How to Respond To Price Buyers or Low Budget Clients—Role Play,@thefutur,https://www.youtube.com/watch?v=-C01FC27Jg0,2018-04-04,2026-07-14,L2,1,sales-clients;pricing;business,L3-candidate: price-buyer negotiation script (role-play); 17 quotes
yt-KM0trenddH8,video,Humility vs. Self Confidence—Edinburgh Whitespace Event VLOG,@thefutur,https://www.youtube.com/watch?v=KM0trenddH8,2018-03-30,2026-07-14,L2,2,mindset,"Edinburgh Whitespace event vlog; humility-vs-confidence fragments, Jim Rohn major/minor, no-victims-just-volunteers; garbled captions; attribution uncertain"
yt-w_TYQQIagwc,video,How to Find Clients that Value Design,@thefutur,https://www.youtube.com/watch?v=w_TYQQIagwc,2018-03-26,2026-07-14,L2,2,sales-clients;branding;business,CONTEXT: Ben Burns interviews Ran Segall/Flux (both context); Chris absent; Ran-Segall entity candidate; no persona data
yt-z8BuocNq1Po,video,Designer Portfolio Reviews— Young Guns Ep.2,@thefutur,https://www.youtube.com/watch?v=z8BuocNq1Po,2018-03-24,2026-07-14,L2,2,design-craft;branding;content-strategy;business,"L3-cand: Young Guns Ep.2 portfolio reviews; Chris CONFIRMED reviewer; 4-cat rubric (social/presentation/clarity/personality 1-5), super-stacking, engagement-math; Emily+designers=context"
yt-2Xs3371FdzA,video,How to Network Through Email or Direct Message,@thefutur,https://www.youtube.com/watch?v=2Xs3371FdzA,2018-03-23,2026-07-14,L2,2,sales-clients;content-strategy,CONTEXT: presenter Matthew Encina (NOT Chris); cold-outreach framework is Encina's; no persona data
yt-ORNW7oRVF_Q,video,Tips On How To Thrive As An In-House Designer featuring Charli Marie,@thefutur,https://www.youtube.com/watch?v=ORNW7oRVF_Q,2018-03-21,2026-07-14,L2,2,design-craft;business,CONTEXT: guest Charli Marie (in-house tips); Chris interviewer only (4 minor framing items); bilingual captions (en used)
yt-fiCVUdEFtqc,video,Dealing With Tough Clients Who Tell You What To Do— Role Play ep. 11,@thefutur,https://www.youtube.com/watch?v=fiCVUdEFtqc,2018-03-16,2026-07-14,L2,2,sales-clients;mindset,"L3-cand: tough-clients role-play Ep.11; reassert expertise w/o arguing - disagree-not-disagreeable, embrace-then-pivot, doctor/diagnosis, brand-not-logo; Chris=designer, Melinda=context"
yt-v-dQZ7URtVc,video,"MASTERMIND: Secret To Success? Break Rules, Take Risks, It’s Worth It! ep. 3",@thefutur,https://www.youtube.com/watch?v=v-dQZ7URtVc,2018-03-13,2026-07-14,L2,2,mindset;business,"CONTEXT: Kier McLaren MASTERMIND Ep.3 (~100% Kier bio: FCC radio, Job Corps, Erich Fromm); Chris absent; Kier entity material"
yt-pabF-nu6bMo,video,Future London Event Recap VLOG day 2,@thefutur,https://www.youtube.com/watch?v=pabF-nu6bMo,2018-03-12,2026-07-14,L2,2,business;content-strategy;mindset,"London event recap day2 vlog; montage of familiar Futur themes (sell-then-figure-out, 3-challenges, ignore price anchor); Chris to-camera; mostly logistics"
yt-x8aMA-kbldo,video,MASTERMIND: Why you shouldn’t take low paying work Ep.2,@thefutur,https://www.youtube.com/watch?v=x8aMA-kbldo,2018-03-10,2026-07-14,L2,2,pricing;business,CONTEXT: Kier McLaren MASTERMIND Ep.2 (~100% Kier); anti-lowball thesis is Kier's; Chris endorses; more Kier entity material
yt-eP5jYUmtiQo,video,Designers Need To Change The World: Futur Euro Tour VLog— London day 1,@thefutur,https://www.youtube.com/watch?v=eP5jYUmtiQo,2018-03-08,2026-07-14,L2,2,business;mindset;content-strategy,"L3-cand (thin, attribution uncertain): Euro tour London day1 vlog; 'designers responsibility to change the world' mission thesis"
yt-dKIyObgkBVI,video,How To Sell Strategy Without Design or Visuals– Role Play ep. 10,@thefutur,https://www.youtube.com/watch?v=dKIyObgkBVI,2018-03-08,2026-07-14,L2,2,sales-clients;pricing;business,"L3-cand: sell strategy w/o visuals Ep.10; sell-thinking-not-making, tender-greens/Club33 intangibles, order-taker-vs-advisor, price-as-qualifier; Melinda=context"
yt-v-xKqqXPlDg,video,"Starting Over, How Do You Rebuild Your Identity?",@thefutur,https://www.youtube.com/watch?v=v-xKqqXPlDg,2018-03-06,2026-07-14,L2,2,mindset,"CONTEXT: 'Starting Over' guest interview (Phoenix-protocols/football-injury story = guest); Chris interviewer only, uncertain"
yt-D2rDvkSfrCI,video,How She Went From Charging $0 to $5k For Strategy in 6 Months Ep. 9,@thefutur,https://www.youtube.com/watch?v=D2rDvkSfrCI,2018-03-02,2026-07-14,L2,2,pricing;sales-clients;business;mindset,"L3-cand: $0->$5k strategy Ep.9; charge-for-thinking, strategy>objectives>deliverables, budget=5-10% gross, lead-with-strategy; Melinda=context"
yt-jOeHZVWAbaw,video,What Does An Executive Producer Actually Do? He Explains.,@thefutur,https://www.youtube.com/watch?v=jOeHZVWAbaw,2018-02-28,2026-07-14,L2,2,business;sales-clients;content-strategy,CONTEXT: Scott Ross (Blind/Futur EP) explains his role; Chris absent; garbled captions
yt-J_m9-4rgpiE,video,MASTERMIND: Business Coach Keir McLaren Ep.1 Intro,@thefutur,https://www.youtube.com/watch?v=J_m9-4rgpiE,2018-02-26,2026-07-14,L2,2,business,CONTEXT: Kier McLaren MASTERMIND Ep.1 (~95% Kier bio); Chris 15s framing; Kier-McLaren entity-page material; ~10-15yr coach relationship corroborated
yt-EozQvV3oQ7c,video,Typography –Rules for graphic design,@thefutur,https://www.youtube.com/watch?v=EozQvV3oQ7c,2018-02-13,2026-07-14,L2,2,design-craft,"L3-cand (attribution uncertain, verify): typography legibility rules - triadic size/measure/leading, x-height->leading, 65/52 char max-measure, 9-12pt"
yt-b9uU-ZjgiHU,video,Young Graphic Designers Get Coached — Young Guns Ep. 1,@thefutur,https://www.youtube.com/watch?v=b9uU-ZjgiHU,2018-02-09,2026-07-14,L2,2,mindset;sales-clients;business,Young Guns Ep.1 intro/teaser; Chris coaches but doesn't speak on-camera here; coachees=context; no persona quotes
yt-l4NRhEp5efU,video,Inspiration Is For Amateurs—Where Do Ideas Come From? w/ Kyle Cooper edit,@thefutur,https://www.youtube.com/watch?v=l4NRhEp5efU,2018-02-08,2026-07-14,L2,2,design-craft;mindset,CONTEXT: Kyle Cooper interview (~80% Kyle=influence); 'let problem tell you what it wants'; Chris ~20% interviewer; Kyle-Cooper entity-page material
yt-zk2qp_YxYVM,video,Emily's First Graphic Design Portfolio Review | Part 2,@thefutur,https://www.youtube.com/watch?v=zk2qp_YxYVM,2018-02-07,2026-07-14,L2,2,design-craft;branding,CONTEXT: Emily portfolio review Pt.2; Chris ABSENT (referred to 3rd person); reviewer likely Greg Gunn; no persona data
yt-j6MBrSmi7_M,video,4 Essential Tips for Kerning Type & Lettering,@thefutur,https://www.youtube.com/watch?v=j6MBrSmi7_M,2018-02-04,2026-07-14,L1,2,,no-captions (no subtitles available)
yt-13jsuMkJxMY,video,Emily's First Graphic Design Portfolio Review | Part 1,@thefutur,https://www.youtube.com/watch?v=13jsuMkJxMY,2018-02-03,2026-07-14,L2,2,design-craft;branding,CONTEXT: Greg Gunn reviews Emily's portfolio; Chris absent (only mentioned); no persona data
yt-xHv5qBbkEZw,video,How to Quit Without Burning Bridges,@thefutur,https://www.youtube.com/watch?v=xHv5qBbkEZw,2018-01-29,2026-07-14,L2,2,mindset;sales-clients;business,Quit without burning bridges (short clip); graceful off-boarding anecdote; attribution uncertain (likely Chris)
yt-MabpAXttXME,video,How To Hire Freelancers & Grow Your Business Pro Call,@thefutur,https://www.youtube.com/watch?v=MabpAXttXME,2018-01-28,2026-07-14,L2,2,business;sales-clients,"Pro call: hiring freelancers, day-rate vs margin logic; coachee unnamed=context; $400-600/day + 20yrs self-reported"
yt-D9d56YM1i7U,video,Wood Cut Effect w/ the Ai Pen Tool—Patrick Seymour,@thefutur,https://www.youtube.com/watch?v=D9d56YM1i7U,2018-01-26,2026-07-14,L2,2,design-craft,CONTEXT: Patrick Seymour woodcut/pen-tool tutorial; Chris interviewer only; garbled captions
yt-sBNHvx8Vc6M,video,How To Say NO To A Toxic Boss Who Requests Unpaid Overtime– Role Play,@thefutur,https://www.youtube.com/watch?v=sBNHvx8Vc6M,2018-01-23,2026-07-14,L2,2,sales-clients;mindset;pricing,"L3-cand: say-NO-to-toxic-boss role-play; boundary-setting voice, charge-more-to-do-that; Chris=employee, Greg=context"
yt-XL1Hb9ffcis,video,Basic Steps On How To Get More Sales- Edit,@thefutur,https://www.youtube.com/watch?v=XL1Hb9ffcis,2018-01-21,2026-07-14,L2,2,sales-clients,"L3-cand: sales-basics edit; VOICE BANK - amateurs-advise/experts-diagnose, paid-to-think-vs-make, know-trust-like, inbound-vs-outbound"
yt-o5iqEfJxJ7c,video,Why Some Designers Are More Valuable Than Others,@thefutur,https://www.youtube.com/watch?v=o5iqEfJxJ7c,2018-01-18,2026-07-14,L2,2,sales-clients;pricing;branding;mindset,"L3-cand: Why Some Designers Are More Valuable; value-scale-of-questions (quantitative->qualitative->purpose), Discovery-as-paid-service (symptoms->cause onion); Chris solo"
yt-NSgh1UVfKTU,video,How do you Learn Soft Skills? Learning How to Learn.,@thefutur,https://www.youtube.com/watch?v=NSgh1UVfKTU,2018-01-17,2026-07-14,L2,2,mindset,Learning soft skills (short clip); Socratic self-teaching heuristic; Cialdini ref; student=context
yt-QPKUN40ZjK8,video,Double Your Revenue! Business Strategy On How to Grow Your Design Agency,@thefutur,https://www.youtube.com/watch?v=QPKUN40ZjK8,2018-01-10,2026-07-14,L2,2,business;pricing;sales-clients,Double-your-revenue agency coaching; referral/low-hanging-fruit/order-of-ask; coachees=context; figures self-reported
yt-ScACW5YgiXs,video,Why Being Bad Is Good For Art– 3 min edit,@thefutur,https://www.youtube.com/watch?v=ScACW5YgiXs,2018-01-01,2026-07-14,L2,2,mindset;design-craft,CONTEXT: Chris absent; guest Jonah Loeb (make-bad-art growth) + host Mark Contreras; no persona data
yt-yg9-bxIf4s4,video,DIY Packaging Design Assignment Portfolio Challenge,@thefutur,https://www.youtube.com/watch?v=yg9-bxIf4s4,2017-12-26,2026-07-14,L2,2,design-craft;branding;content-strategy,DIY packaging redesign exercise (item under $10); student=context; recited-monologue flagged not-belief
yt-BSxg87CoOu4,video,How To Present Logo Designs and Identity Projects to Clients,@thefutur,https://www.youtube.com/watch?v=BSxg87CoOu4,2017-12-20,2026-07-14,L2,1,sales-clients;branding;design-craft,presenter Ben Burns NOT Chris; 0 Chris quotes (context page)
yt-y42PI9peurI,video,F1 Formula 1 Logo Review Critique,@thefutur,https://www.youtube.com/watch?v=y42PI9peurI,2017-12-15,2026-07-14,L2,2,design-craft;branding,"L3-cand: F1 logo critique; logo=tip-of-the-beast, judge system/business-fit not standalone; Chris solo"
yt-gI8fEZvwZyY,video,Learn Typography: Design Course Trailer,@thefutur,https://www.youtube.com/watch?v=gI8fEZvwZyY,2017-12-12,2026-07-14,L2,2,design-craft,"course trailer (promo); VOICE BANK - typography catchphrases (if you dont control type, type controls you)"
yt-EIW1Xt5l2T8,video,Self-Doubt and Imposter Syndrome | Tips to overcome it,@thefutur,https://www.youtube.com/watch?v=EIW1Xt5l2T8,2017-12-07,2026-07-14,L2,2,mindset,"L3-cand: self-doubt/imposter w/ therapist(context); self-confidence-vs-self-esteem, caregiver-imprint, empty-chair; rich Chris biography"
yt-atS36kzr8zg,video,What Not To Do With A Design Layout,@thefutur,https://www.youtube.com/watch?v=atS36kzr8zg,2017-12-04,2026-07-14,L2,1,design-craft,L3-candidate: layout/craft critique; Chris-led (co-host Molly); 6 quotes
yt-TH-jqZ4xueI,video,The Best Logos Ever Designed Are Simple Not Interesting & Not Overworked,@thefutur,https://www.youtube.com/watch?v=TH-jqZ4xueI,2017-11-23,2026-07-14,L2,2,design-craft;branding,L3-cand: best logos are simple/restrained=timeless; judge mark separate from application; Dieter Rams; Molly=context
yt-BV-2cMw6QlY,video,What Business Advice Has Worked For You?–Ep. 4 Finale,@thefutur,https://www.youtube.com/watch?v=BV-2cMw6QlY,2017-11-19,2026-07-14,L2,2,business;sales-clients;mindset,"Chris coaching 2 unnamed women coachees (Ep4 finale); trains: client-pyramid/big-game-hunting, drop-small-clients-for-capacity, patience-with-ramp, peak-performance-partner debrief, community-as-antidote-to-isolation, 2 coaching modes; ★ Blind first modern-era website $5k -> next ~$20k (dated pricing anchor); ★ 'make a difference more than making things'"
yt-xRmqvnKepN4,video,17 yr Old Graphic Designer Sean Campbell—Self Taught Young Gun,@thefutur,https://www.youtube.com/watch?v=xRmqvnKepN4,2017-11-15,2026-07-14,L2,1,mindset;design-craft;content-strategy,L3-candidate: interview Sean Campbell (context); logo-critique method; 5 Chris quotes
yt-yCFGKzFHnOc,video,Stop Overthinking—Take Action ep. 3,@thefutur,https://www.youtube.com/watch?v=yCFGKzFHnOc,2017-11-13,2026-07-14,L2,2,mindset,"L3-cand: Stop Overthinking Ep.3; too-dumb-to-fail action model, kayak-vs-ship; Melinda/guest=context"
yt-OBCuDSxl_A8,video,How To Talk About Money With Clients Ep.2/4,@thefutur,https://www.youtube.com/watch?v=OBCuDSxl_A8,2017-11-11,2026-07-14,L2,2,pricing;sales-clients;mindset,"L3-cand: How To Talk About Money Ep.2/4; budget/scope/timeline pick-two-of-three, you-cant-lose-a-job-you-never-had, budget-first qualifying; workshop=context"
yt-fRUYLjkfZKI,video,Get Out Of Your Comfort Zone—publicly commit to it ep.1/4,@thefutur,https://www.youtube.com/watch?v=fRUYLjkfZKI,2017-11-08,2026-07-14,L2,2,mindset,"L3-cand: Get Out of Comfort Zone Ep.1; public-commitment/accountability, conversation difficulty-ladder; Melinda/Rebecca=context"
yt-Ow6g-kHRR1Y,video,Master the Pen Tool in Adobe Illustrator,@thefutur,https://www.youtube.com/watch?v=Ow6g-kHRR1Y,2017-11-01,2026-07-14,L2,2,design-craft,pen-tool/Illustrator tutorial; Chris teaching; low persona value (software mechanics); rushed-first-pass-then-refine style
yt-3jBen84xtSM,video,Pitch This! How To Talk About Design Like a Pro!,@thefutur,https://www.youtube.com/watch?v=3jBen84xtSM,2017-10-31,2026-07-14,L2,2,sales-clients;design-craft;branding,Pitch This! talk about design; context-first/story/crescendo; Ben+Matthew=context; attribution uncertain
yt-3jD8i1No1L0,video,Be a BETTER Creative Director – COMMUNICATE!,@thefutur,https://www.youtube.com/watch?v=3jD8i1No1L0,2017-10-24,2026-07-14,L2,2,design-craft;business;mindset,CONTEXT: Chris ABSENT (Adobe MAX); Matthew Encina + Molly host; no persona data
yt-UHpjAyAqRd0,video,Working w/ Clients—Ben Tells All What Really Happens Behind Closed Doors,@thefutur,https://www.youtube.com/watch?v=UHpjAyAqRd0,2017-10-17,2026-07-14,L2,2,sales-clients;mindset,"L3-cand: Chris-primary (title misleading); money-mindset, call technique, imposter syndrome; Ben Burns=interviewee/context"
yt-4oGtHgo3OwE,video,What Motivates Creative People to Work For Your Company? 2 min Cutdown,@thefutur,https://www.youtube.com/watch?v=4oGtHgo3OwE,2017-10-17,2026-07-14,L2,2,business;mindset,2-min cutdown: take-care-of-your-people culture/motivation; Chris solo; likely excerpt
yt-Xng-RR0XOWY,video,How To Brainstorm Using Google Search & Stock Photo Sites,@thefutur,https://www.youtube.com/watch?v=Xng-RR0XOWY,2017-10-11,2026-07-14,L2,2,design-craft,"L3-cand: 'art of search' ideation method (autocomplete, three-flicks, stock metatags); Emily/Molly=context"
yt--MMwGkUioFQ,video,Graphic Design Pioneer—Alexander Rodchenko Russian Constructivist,@thefutur,https://www.youtube.com/watch?v=-MMwGkUioFQ,2017-10-10,2026-07-14,L2,2,design-craft,L3-cand: Rodchenko/constructivism history; anti-originality + timeless-over-trendy beliefs; Chris+Ben co-teach
yt-rOGAJwm3n_M,video,Pitch This! How To present design work to clients like a pro!,@thefutur,https://www.youtube.com/watch?v=rOGAJwm3n_M,2017-10-08,2026-07-14,L2,2,sales-clients;design-craft;branding;content-strategy;mindset,"L3-cand: Pitch This! present work; presenting doctrine (language as power, work doesn't speak); Ben Burns=context"
yt-ND4VNkb4J3o,video,Graphic Design Typography Critique for Multi-page Gourmet Goods Brochure,@thefutur,https://www.youtube.com/watch?v=ND4VNkb4J3o,2017-10-08,2026-07-14,L2,2,design-craft,"L3-cand: gourmet brochure typography critique; serif-pairing, white-space=luxury, gutter; Molly/Eddie=context"
yt--en6iRuZ9DM,video,Secret Power of Introverts— Being A Great Listener ep. 4,@thefutur,https://www.youtube.com/watch?v=-en6iRuZ9DM,2017-10-03,2026-07-14,L2,2,mindset;sales-clients,"L3-cand: Introvert power Ep.4 listening; INTJ->ENTJ arc, ego/expectation, design-gave-identity origin; Rebecca=context"
yt-UHrjn11F6hc,video,How To Structure A Proposal For Web & Branding Projects ep.3 w/Rebecca,@thefutur,https://www.youtube.com/watch?v=UHrjn11F6hc,2017-09-27,2026-07-14,L2,3,sales-clients;pricing;business,LANDMARK coaching ep3 w/Rebecca. THE FOUR THINGS (comfortable/knowledgeable/rapport/easy); matching+mirroring; ORIGIN OF 'JUST ASK' credited to Kier McLaren; the confession (six-figure calls without asking); charge for strategy to get scope; Blair Enns paid-estimate script; Cialdini increasing commitment; qualifying checklist; seeds-of-doubt tactic stated openly.
yt-GgLhl71jVgw,video,Master Your Creative Process— Become More Confident NAB Talk 2017,@thefutur,https://www.youtube.com/watch?v=GgLhl71jVgw,2017-09-16,2026-07-14,L2,2,mindset;design-craft;content-strategy,L3-cand: NAB 2017 keynote; creative-process formula + positive-knowing + burnout/origin mythology
yt-pGzFzFJ04l8,video,An Introvert's Guide To Getting Clients & Networking— Ep2,@thefutur,https://www.youtube.com/watch?v=pGzFzFJ04l8,2017-09-12,2026-07-14,L2,2,sales-clients;mindset;content-strategy,"L3-cand: Introvert's guide to clients Ep.2; ambassador-not-salesperson, warm network, inbound; Rebecca=context"
yt-dY7i4uiDHFA,video,Typography Critique— 'Basic Typography' Poster Review 5 mins,@thefutur,https://www.youtube.com/watch?v=dY7i4uiDHFA,2017-09-11,2026-07-14,L2,2,design-craft,"L3-cand: typography/poster critique; turn-off-layers method, one-axis-grid, contrast; Molly=context"
yt-D6bp5DGbSH4,video,Launch A Creative Business In Your 40s? Ep.1 Series Premiere,@thefutur,https://www.youtube.com/watch?v=D6bp5DGbSH4,2017-09-09,2026-07-14,L2,2,business;mindset,L3-cand: Launch-in-40s Ep.1 coaching; sell-through-curiosity + salary/profit/COGS; Rebecca Hyneman=context
yt-6pHB0CgRBHg,video,How To Build Self Confidence & Overcome Imposter Syndrome. 7 mins.,@thefutur,https://www.youtube.com/watch?v=6pHB0CgRBHg,2017-09-03,2026-07-14,L2,2,mindset,L3-cand: self-confidence/imposter syndrome; happiness formula (think-say-do) + ego-gap model
yt-BzmkULgvwbg,video,I Show My 11yr. Old How To Draw Vector Logo Using Ai (Adobe Illustrator),@thefutur,https://www.youtube.com/watch?v=BzmkULgvwbg,2017-09-03,2026-07-14,L1,2,,no-captions (no subtitles available)
yt-vA8d_z6cMxU,video,Switching Gears: How Julia Wright Became A Freelance Motion Graphics Artist / Illustrator,@thefutur,https://www.youtube.com/watch?v=vA8d_z6cMxU,2017-08-29,2026-07-14,L2,2,business;content-strategy,CONTEXT: Julia Wright career-change profile; few Chris framing lines
yt-lg28bG9xvks,video,Meet Storyboard Artist & Illustrator Tristyn Pease— 4 mins.,@thefutur,https://www.youtube.com/watch?v=lg28bG9xvks,2017-08-22,2026-07-14,L2,2,business;content-strategy,CONTEXT: Tristyn Pease artist profile; Chris interviewer minimal (attribution uncertain)
yt-NFNTtSzuGvw,video,My First Motion Design Portfolio — Otis Grad & Blind CD Greg Gunn,@thefutur,https://www.youtube.com/watch?v=NFNTtSzuGvw,2017-08-16,2026-07-14,L2,2,design-craft,"CONTEXT page: Greg Gunn first portfolio; Chris hosts, teaching subsection separated"
yt-AiAZAuvO2sY,video,Logo Ideation & Brainstorming | Life At Blind Ep.2,@thefutur,https://www.youtube.com/watch?v=AiAZAuvO2sY,2017-08-15,2026-07-14,L2,2,design-craft;branding,"L3-cand: logo ideation method (Life at Blind Ep.2); attribution mixed, team=context"
yt-5S7n-OODN2A,video,How To Get Work On Behance: What you need to do Ep.8,@thefutur,https://www.youtube.com/watch?v=5S7n-OODN2A,2017-08-09,2026-07-14,L2,2,content-strategy;business,"L3-cand: Behance portfolio case study (Ep.8), measurable leads; Melinda=context"
yt-G06ljt6JGAo,video,Design Portfolio Examples - Art Center,@thefutur,https://www.youtube.com/watch?v=G06ljt6JGAo,2017-08-07,2026-07-14,L2,2,design-craft;branding,Blind hiring: body-typography as #1 criterion + cultural fit
yt-FcyIGgFELGw,video,How To Respond When Clients Say You're Too Expensive— Roleplay,@thefutur,https://www.youtube.com/watch?v=FcyIGgFELGw,2017-08-06,2026-07-14,L2,2,pricing;sales-clients,"L3-cand: too-expensive objection-handling playbook (anchor, hold floor, walk-away)"
yt-YMFAFkbE5pw,video,First Client Meeting Sales Call— Role Play w/ Melinda Livsey Ep7,@thefutur,https://www.youtube.com/watch?v=YMFAFkbE5pw,2017-08-05,2026-07-14,L2,2,sales-clients;pricing;business;mindset;branding,"L3-cand: first client meeting sales-call role-play w/ Melinda (context); float budget, confirm price"
yt-fX7m03XsGGI,video,How To Build A Social Media Following— Get Started,@thefutur,https://www.youtube.com/watch?v=fX7m03XsGGI,2017-08-02,2026-07-14,L2,2,content-strategy;branding,"social-media following: show-your-work, process-not-product"
yt-b9k6Ff0OMp8,video,How To Respond To A RFP (Request for Proposal)? What Should You Include In Your Proposal?,@thefutur,https://www.youtube.com/watch?v=b9k6Ff0OMp8,2017-08-01,2026-07-14,L2,2,sales-clients;pricing;business,L3-cand: RFP proposal response + price bracketing + competitive positioning
yt-4RK_9S0Ycvk,video,"Motivation, Focus & Grind - 7 Days Till Delivery",@thefutur,https://www.youtube.com/watch?v=4RK_9S0Ycvk,2017-07-28,2026-07-14,L2,2,mindset;business,"L3-candidate: motivation/focus/grind (good-vs-better extra effort, finessing-details-no-one-sees); 5 quotes"
yt-RpY4t_oAXHg,video,Feeling Overwhelmed— Information Overload ep. 6 w/ Melinda Livsey,@thefutur,https://www.youtube.com/watch?v=RpY4t_oAXHg,2017-07-26,2026-07-14,L2,2,mindset;business,"L3-candidate: feeling-overwhelmed ep6 (consume-with-purpose, backpack metaphor, procrastination-via-craft, action-beats-intent; Douglas Davis 3Rs); Melinda context; 11 quotes"
yt-y0xxvHyaebQ,video,Day In The Life Of A Designer - 24 Hours With Creative Director Greg Gunn,@thefutur,https://www.youtube.com/watch?v=y0xxvHyaebQ,2017-07-25,2026-07-14,L2,2,business;design-craft;content-strategy,Greg Gunn day-in-life (Chris absent; day-in-life precedent); 0 Chris quotes; context
yt-FR8Qf6kgIAA,video,Life Inside a Design Studio: Blind Ep 01,@thefutur,https://www.youtube.com/watch?v=FR8Qf6kgIAA,2017-07-22,2026-07-14,L2,2,business;design-craft,"L3-candidate: Life Inside Blind Ep01 (think-more-make-less, design-from-truth, learn-every-project); Blind culture context; 5 quotes"
yt-II7vYSnq2P8,video,Grow Your Business— Have Clear Goals Ep. 5,@thefutur,https://www.youtube.com/watch?v=II7vYSnq2P8,2017-07-20,2026-07-14,L2,2,business;mindset,L3-candidate: grow-business ep5 (four-column prioritization grid + revenue goal-decomposition + focus-sheet); Melinda context; 10 quotes
yt-RZr4jEdqyVY,video,How Will Customers Find You— Build Awareness by Informing or Inspiring,@thefutur,https://www.youtube.com/watch?v=RZr4jEdqyVY,2017-07-18,2026-07-14,L2,2,content-strategy;branding;business,L3-candidate: how-customers-find-you (profit-chain-backwards + awareness->delight->share funnel + inform-or-inspire); 7 quotes
yt-JErxMo-Ja84,video,Document and Show Your Creative Process— Here's How in 3 Minutes,@thefutur,https://www.youtube.com/watch?v=JErxMo-Ja84,2017-07-13,2026-07-14,L2,2,content-strategy;design-craft,"document/show your process (uncertain speaker, likely Chris); show-your-work-reduces-risk; 7 quotes; restatement"
yt-b2wSN1w5QH4,video,How To Charge More For A Logo— Deep Dive ep. 4,@thefutur,https://www.youtube.com/watch?v=b2wSN1w5QH4,2017-07-10,2026-07-14,L2,2,pricing;business;branding,"L3-candidate: charge-more-for-logo ep4 (value-based logo pricing, double-your-rate, strategy-deconstruction, storytelling scripts; real anchor 18k); Melinda context; 24 quotes"
yt-pYxILzVu35A,video,"Overcome Fears, Insecurity, Feeling Overwhelmed & Start Posting on Social Media",@thefutur,https://www.youtube.com/watch?v=pYxILzVu35A,2017-07-07,2026-07-14,L2,2,mindset;content-strategy,"L3-candidate: overcome-fears-and-post (detachment-from-work, fact-vs-opinion filter, anti-originality); self-aware traits (angry-Asian-guy, combativeness, English-writing); Melinda context; 17 quotes"
yt--hTVXeA5TVs,video,Can You Charge To Diagnose A Creative Problem?,@thefutur,https://www.youtube.com/watch?v=-hTVXeA5TVs,2017-06-28,2026-07-14,L2,2,pricing;sales-clients;business,"L3-candidate: charge-to-diagnose (paid-discovery, come-in-empty, be-prepared-to-refer, Embrace-and-Pivot); Melinda context; 8 quotes"
yt-PfFFujNASTg,video,Day in the Life of a Designer - Digital Creative Director Ben Burns,@thefutur,https://www.youtube.com/watch?v=PfFFujNASTg,2017-06-26,2026-07-14,L2,2,business;design-craft;content-strategy,Ben Burns day-in-life (Chris absent; Encina precedent); 0 Chris quotes; context
yt-1zLtfzsaP58,video,Goal Setting and How To Achieve Your Goals (4 minutes),@thefutur,https://www.youtube.com/watch?v=1zLtfzsaP58,2017-06-24,2026-07-14,L2,2,mindset,"L3-candidate: goal-setting (magic-stairway scaffolding, chunking calibration, monthly->weekly->daily ladder); 6 quotes"
yt-D8BN2YSyYkg,video,How To Run A Creative Business: In-depth breakdown w/ Melinda Livsey,@thefutur,https://www.youtube.com/watch?v=D8BN2YSyYkg,2017-06-21,2026-07-14,L2,1,business;sales-clients;pricing;branding;mindset,L3-candidate: coaching Melinda Livsey (context); kiss-off script + money-mindset; 11 Chris quotes
yt-WzVl_ATHUQ0,video,Typographic Terminology A to Z: Our list of typography terms that every designer should know.,@thefutur,https://www.youtube.com/watch?v=WzVl_ATHUQ0,2017-06-19,2026-07-14,L2,2,design-craft,"typography terminology glossary (animated, no speech); 0 Chris; context page"
yt-TvpOKlrlE7o,video,How Does Pitching Work When Trying To Get Work From Advertising Agencies?,@thefutur,https://www.youtube.com/watch?v=TvpOKlrlE7o,2017-06-18,2026-07-14,L2,2,sales-clients;business,"L3-candidate: pitching to ad agencies (agency pitch system, anti-spec-work, saying-no-is-powerful); $30k pitch-cost self-reported; 5 quotes"
yt-1oKyG0JD1do,video,Win More Clients — Build Empathy to Earn Trust,@thefutur,https://www.youtube.com/watch?v=1oKyG0JD1do,2017-06-14,2026-07-14,L2,2,sales-clients;mindset;business,"L3-candidate: empathy-to-earn-trust (haircut analogy, start-empty-and-listen, fit-assessment); 6 quotes"
yt-b7dQXL-3jj8,video,Surfacing Unspoken Objections— No time to whine about a loss— The Conclusion pt. 4,@thefutur,https://www.youtube.com/watch?v=b7dQXL-3jj8,2017-06-13,2026-07-14,L2,2,sales-clients;mindset;business,"L3-candidate: Defeat Pt4 conclusion (surface-unspoken-objections, diagnose-dont-prescribe, least-risky-option); 8 quotes"
yt-cHveCGDZfhQ,video,Stop Selling. Start Closing. How To Win More Jobs Without Pitching,@thefutur,https://www.youtube.com/watch?v=cHveCGDZfhQ,2017-06-09,2026-07-14,L2,2,sales-clients;business,L3-candidate: stop-selling-start-closing (Whisper-vs-Scream; when-you-say-it-selling/when-they-say-it-closing; Win Without Pitching); 17 quotes
yt-5MVuviyGW0c,video,Motion Design Graduate Portfolio Review - Tips For Presenting Design Work During An Interview,@thefutur,https://www.youtube.com/watch?v=5MVuviyGW0c,2017-06-08,2026-07-14,L2,3,design-craft;business;mindset,Live grad portfolio review. Student work vs professional work (application not technique); park-the-playhead frame test; 'making it real hurts you' (Life of Pi comparison set); do work that fits the company's reel.
yt-qP6yj5X-_Go,video,How To Make Your Type Look Distressed and Add Texture PSD Tutorial,@thefutur,https://www.youtube.com/watch?v=qP6yj5X-_Go,2017-06-06,2026-07-14,L2,2,design-craft,"distressed-type Photoshop tutorial (Chris narrates, technique only); 0 persona quotes; context"
yt-c36wyu-b4_o,video,How & Why To Use Layer Masks vs Multiply? Adobe Photoshop Tutorial | Perfect grunge design texture!,@thefutur,https://www.youtube.com/watch?v=c36wyu-b4_o,2017-06-02,2026-07-14,L2,2,design-craft,"layer-masks Photoshop tutorial (Chris narrates, technique only); 0 persona quotes; context"
yt-ur4V9tKfvaA,video,"Designer as Entrepreneur, Going Beyond Design: CSUN Portfolio review",@thefutur,https://www.youtube.com/watch?v=ur4V9tKfvaA,2017-05-31,2026-07-14,L2,2,business;design-craft;mindset,"L3-candidate: designer-as-entrepreneur (go-beyond-aesthetics, Shark-Tank pitch critique); 7 quotes"
yt-Q7U8Tzt0Qv0,video,Trust Experts To Do Their Job— Dealing w/ Defeat (pt. 3) Losing a $1 Million Proposal,@thefutur,https://www.youtube.com/watch?v=Q7U8Tzt0Qv0,2017-05-29,2026-07-14,L2,2,sales-clients;mindset;business,"L3-candidate: Defeat Pt3 (executive-producer model, must-ask-or-fail, trust-experts); 10 quotes"
yt-VMirFYktjSA,video,Amateur Mistakes That Experts Don't Make — Dealing w/ Defeat (pt. 2) Losing a $1 Million Proposal,@thefutur,https://www.youtube.com/watch?v=VMirFYktjSA,2017-05-27,2026-07-14,L2,2,sales-clients;mindset;business,"L3-candidate: Defeat Pt2 (call-the-domain-experts winning formula, throw-on-sword, experts-ask-great-questions); 11 quotes"
yt-GDd5y8IYErE,video,Tell your Brand Story. Increase your value exponentially 📈 Chris Do LIVE @ NAB 2017 in Las Vegas,@thefutur,https://www.youtube.com/watch?v=GDd5y8IYErE,2017-05-25,2026-07-14,L2,2,branding;content-strategy;business,"L3-candidate: NAB brand-storytelling thesis (differentiate via story, shoemaker's-kids, Significant Objects 30x); 4 quotes"
yt-X4z51naCxWY,video,Lettering 01 Course: Design Master Nils Lindstrom | Learn Typography From A Master Letterform Artist,@thefutur,https://www.youtube.com/watch?v=X4z51naCxWY,2017-05-24,2026-07-14,L2,2,design-craft,Nils Lindstrom lettering-01 course (Chris absent); 0 Chris; context
yt-3LSk_YXpldc,video,How to Deal with Defeat— Losing a Million Dollar Job (Pt.1) | Chris Do and Blind proposal postmortem,@thefutur,https://www.youtube.com/watch?v=3LSk_YXpldc,2017-05-23,2026-07-14,L2,2,mindset;business;sales-clients,"L3-candidate: million-dollar-loss postmortem Pt1 (failure-handling, what-we-did-right, pitching); 14 quotes; WARN new self-reported military/Army-AAR background NOT in dossier - VERIFY"
yt-7Z1XaGDFPoE,video,Never Too Late Or Old To Get Started In Design: CSUN portfolio review,@thefutur,https://www.youtube.com/watch?v=7Z1XaGDFPoE,2017-05-20,2026-07-14,L2,2,design-craft;mindset;business,L3-candidate: never-too-late (age-as-design-asset; class=job-interview; serve-the-brief); reviewee Evan context; 7 quotes
yt-kRNKFtz8_eQ,video,What Does It Mean To Be Passionate? Chris Do Explains | Motivational Video for Designers & Creatives,@thefutur,https://www.youtube.com/watch?v=kRNKFtz8_eQ,2017-05-15,2026-07-14,L2,2,mindset,L3-candidate: passion = volume/depth of exploration ('55 versions'); Art Center competitor origin; 5 quotes
yt-vOfJtag08kU,video,"Weighting Type | Art Center type & lettering professor, Nils Lindstrom, breaks it down for The Futur",@thefutur,https://www.youtube.com/watch?v=vOfJtag08kU,2017-05-15,2026-07-14,L2,2,design-craft,Nils Lindstrom weighting-type (Chris absent); 0 Chris; context; Nils entity candidate
yt-3FchyEpyKEc,video,Branding Identity Design w/ Yo Santosa 😊😂 AIGA LA Hecho en LA speaker series,@thefutur,https://www.youtube.com/watch?v=3FchyEpyKEc,2017-05-09,2026-07-14,L2,2,branding;design-craft,Yo Santosa AIGA solo talk (Chris audience only); 0 Chris quotes; context; Yo entity candidate
yt-vCz4bRcIcpg,video,Design Strategy: Hope or Hype — The conclusion 3/3 | How do we market our creative services?,@thefutur,https://www.youtube.com/watch?v=vCz4bRcIcpg,2017-05-05,2026-07-14,L2,2,business;branding;content-strategy,"L3-candidate: strategy debate Pt3 (Blind post-2008 pivot origin, five collaboration rules, three golden questions, inverse-bell-curve); 12 quotes"
yt-KtL02T5MonA,video,Blair Enns Interview | Author of 'Win Without Pitching Manifesto' 🎙 The Futur Podcast  w/ Chris Do,@thefutur,https://www.youtube.com/watch?v=KtL02T5MonA,2017-05-03,2026-07-14,L2,3,pricing;sales-clients;business,Blair Enns podcast interview. GUEST-DOMINATED (Blair is interviewee). Chris material: 'you're probably right but let's make sure' sourced to Blair's book; the book as named contributing cause of wanting out of commercial motion design; 'not a prolific reader'; charge as much as they'll pay and more; salmon fishing.
yt-A65A-yW-FzY,video,Is strategy HOPE for creatives who want to play a more important role with the Client? part 2/3,@thefutur,https://www.youtube.com/watch?v=A65A-yW-FzY,2017-05-03,2026-07-14,L2,2,business;branding;design-craft,"L3-candidate: strategy debate Pt2 (symptoms-vs-root-cause, common-language-of-business, autonomy->creative-control); Mark Posh context; 7 quotes"
yt-0Cgi_aFM4j8,video,Is strategy for creatives who can't design? Is there too much hype around strategy? Pt. 1/3,@thefutur,https://www.youtube.com/watch?v=0Cgi_aFM4j8,2017-05-02,2026-07-14,L2,2,business;branding;design-craft,L3-candidate: strategy debate Pt1 (strategy supports design; guest Mark Posh context); 8 quotes
yt-GmHjnLVDcuY,video,How do designers create solutions for business goals? How can I best empathize with my client?,@thefutur,https://www.youtube.com/watch?v=GmHjnLVDcuY,2017-04-28,2026-07-14,L2,2,sales-clients;design-craft;business,"L3-candidate: design-as-business discovery (3 business goals, competitive audit) + empathy-as-fiduciary ('Sam' parable, shoulder-to-shoulder); 17 quotes"
yt-MUHQVsOnKbw,video,How Your Beliefs and Behavior Define Your Personal Brand,@thefutur,https://www.youtube.com/watch?v=MUHQVsOnKbw,2017-04-25,2026-07-14,L2,2,branding;mindset;content-strategy,L3-candidate: beliefs/behavior->brand + think-say-do harmony (Unbland thesis); 8 quotes
yt-X_tUOfHpoyM,video,What do companies look for in a design portfolio? How do you show passion?,@thefutur,https://www.youtube.com/watch?v=X_tUOfHpoyM,2017-04-22,2026-07-14,L2,1,business;design-craft;mindset,portfolio/passion classroom Q&A (CSUN/Dave Moon context); 10 Chris quotes
yt-EICCL7uoikc,video,The Importance of Keeping a Journal—Track everything. Big Changes Start Small 📞 The Futur Pro Group,@thefutur,https://www.youtube.com/watch?v=EICCL7uoikc,2017-04-21,2026-07-14,L2,2,mindset;content-strategy,L3-candidate: journaling/tracking (21-day single-habit pledge + accountability partner; Compound Effect/Hardy); 6 quotes
yt-YMt221vL3RY,video,Search Engine Optimization (SEO) and Measuring Value w/ William Walczak Hiilite: Futur Pro Call ep12,@thefutur,https://www.youtube.com/watch?v=YMt221vL3RY,2017-04-17,2026-07-14,L2,2,content-strategy;business,Futur Pro call ep12: guest William Walczak/Hiilite SEO (context); recorded Oct-2016; 5 Chris quotes (positioning/filtering)
yt-fSX_FHVnuGw,video,How To: Draw Golden Rectangle Fibonacci Sequence | Render the golden ratio/mean in Adobe Illustrator,@thefutur,https://www.youtube.com/watch?v=fSX_FHVnuGw,2017-04-17,2026-07-14,L2,2,design-craft,golden-ratio Illustrator tutorial (no transcript); 0 Chris; minimal context page
yt-d9pT_zab-MA,video,"Design Legends— Kyle Cooper Main Title Designer PT 2 (Braveheart, Se7en, Dawn of the Dead)",@thefutur,https://www.youtube.com/watch?v=d9pT_zab-MA,2017-04-10,2026-07-14,L2,2,design-craft;business,Kyle Cooper interview PT2 (Kyle=context); BIO anchor (Chris freelanced for Kyle; Kyle tried to absorb Blind); 4 Chris quotes
yt-I7YtYmJl4Sw,video,Day in The Life of a Designer – Twenty Four hours with Creative Director Matthew Encina,@thefutur,https://www.youtube.com/watch?v=I7YtYmJl4Sw,2017-03-31,2026-07-14,L2,1,business;design-craft;content-strategy,day-in-life of Matthew Encina; NO Chris persona data (context page)
yt-Qa7kjIiLdCE,video,"Design Legends— Kyle Cooper Main Title Designer PT 1 (Braveheart, Se7en, Dawn of the Dead)",@thefutur,https://www.youtube.com/watch?v=Qa7kjIiLdCE,2017-03-29,2026-07-14,L2,2,design-craft;business,L3-candidate: Kyle Cooper interview PT1 (Kyle=context/entity candidate; gave Chris first title gigs); Chris 'going past the sale'/'stop at yes'/decision-maker-vs-order-taker; 6 quotes
yt-1A1oyNE4NcY,video,How To Handle Clients with BAD TASTE in 1 minute!!,@thefutur,https://www.youtube.com/watch?v=1A1oyNE4NcY,2017-03-29,2026-07-14,L2,2,sales-clients,"bad-taste-client short (clipped excerpt of 2016-04-01, near-verbatim); 4 quotes; dup-ish"
yt-BX5Jy0OIVSg,video,How do you balance work and life? | Otis College of Art and Design Students Ask Chris Do,@thefutur,https://www.youtube.com/watch?v=BX5Jy0OIVSg,2017-03-27,2026-07-14,L2,3,mindset;business;content-strategy,Otis College talk. Work-life INTEGRATION vs balance; four quadrants; Blind ran on separation (dated reversal); 2017 Futur management model; $100M prediction Mar 2017; rapid-fire hobby list. Family passages summarised per privacy rule.
yt-YAc3jkdb2MU,video,"Advertising Agency Studio Tour w/ Ayzenberg Group, Video Games, Tech, & Brands",@thefutur,https://www.youtube.com/watch?v=YAc3jkdb2MU,2017-03-19,2026-07-14,L2,2,business,Ayzenberg Group studio tour (Chris host-only); 0 persona quotes; context
yt-pZFtuCNhG30,video,On set: Making a Stop-Motion Animation Commercial,@thefutur,https://www.youtube.com/watch?v=pZFtuCNhG30,2017-03-10,2026-07-14,L2,2,design-craft,stop-motion commercial on-set (Blind crew; Chris not featured); 0 Chris; context
yt-Xy8hIBfrizA,video,How to Create the Double Exposure Effect in Photoshop – Graphic Design Tutorial,@thefutur,https://www.youtube.com/watch?v=Xy8hIBfrizA,2017-03-08,2026-07-14,L2,2,design-craft,double-exposure Photoshop tutorial - Matthew Encina NOT Chris; 0 Chris; context
yt-y0yvfC0JBqI,video,Legally Speaking | Copyright & Trademark Infringement Attorney Stuart Carroll on Facebook Live PT 2,@thefutur,https://www.youtube.com/watch?v=y0yvfC0JBqI,2017-03-03,2026-07-14,L2,2,business;design-craft,Legally Speaking PT2 - guest attorney Stuart Carroll (context); 6 Chris framing quotes
yt-AOzBE7kZqCM,video,Typography Manual Mock Up Book Cover Speed Design,@thefutur,https://www.youtube.com/watch?v=AOzBE7kZqCM,2017-02-28,2026-07-14,L2,2,design-craft,book-cover speed-design (no narration); 0 Chris; minimal context page
yt-LOeJ3be9vJE,video,Legally Speaking | Copyright & Trademark Infringement Attorney Stuart Carroll on Facebook Live PT 1,@thefutur,https://www.youtube.com/watch?v=LOeJ3be9vJE,2017-02-23,2026-07-14,L2,2,business;design-craft,"Legally Speaking PT1 - guest attorney Stuart Carroll (legal=context, not advice); 6 Chris framing quotes"
yt-SWR2umS09D4,video,Typography Manual Cover Design Process Pt.3 Speed Design,@thefutur,https://www.youtube.com/watch?v=SWR2umS09D4,2017-02-21,2026-07-14,L1,2,,no-captions (no subtitles available)
yt-IRS4idvfRwc,video,Typography Manual Cover Design Process Pt.2 Speed Design,@thefutur,https://www.youtube.com/watch?v=IRS4idvfRwc,2017-02-17,2026-07-14,L2,2,design-craft,typography-cover speed-design Pt2 (no narration); 0 Chris; minimal context page
yt-BFhxfcHCjK8,video,Blind Futur studio tour Facebook Live with Art Center,@thefutur,https://www.youtube.com/watch?v=BFhxfcHCjK8,2017-02-17,2026-07-14,L2,2,business;content-strategy;mindset,Blind/Futur studio tour (Chris-narrated); author-not-maker media thesis + mgmt philosophy; 8 quotes; WARN self-reported 'two Emmys' conflicts registry single Emmy
yt-kWZ1qtvcVHc,video,What Lies Were You Told in Design School? Why Is Good Health Good For Creativity?,@thefutur,https://www.youtube.com/watch?v=kWZ1qtvcVHc,2017-02-15,2026-07-14,L2,2,design-craft;mindset;business,"L3-candidate: design-school 'lies' (education-reform thesis; degree-skepticism, practice-over-credentials); host Petrula Vrontikis (context); 12 quotes"
yt-5iS3Vt0ZSXk,video,Typography Manual Cover Design Process Pt.1 Speed Design,@thefutur,https://www.youtube.com/watch?v=5iS3Vt0ZSXk,2017-02-12,2026-07-14,L2,2,design-craft,typography-cover speed-design Pt1 (no narration); 0 Chris; minimal context page
yt-swiG31QGKVc,video,How Do I Get More Work & Scale My Design Business? w/Aaron Pierson (Pt.2),@thefutur,https://www.youtube.com/watch?v=swiG31QGKVc,2017-02-04,2026-07-14,L2,3,pricing;sales-clients;business,"DEFERRAL CLEARED. EARLIEST PRICE BRACKETING (2017), taught live: '10 to 20 — so 10 looks smaller next to 20', then SHUT UP, with the best argument in the corpus ('that's when I come in, say my number, and I'll get it for more than you'); verbatim discovery script; his own escalating brackets tied to accumulating proof; 'I'm a good listener and I can synthesise information — people hear their own thoughts said more clearly'; 'how you get there, I don't know. I'm working on it myself'; L3-candidate"
yt-y1QzpLFgtqA,video,"🔴 Live Design Critique w/ Chris Do via Facebook | Brand Identity, Motion Graphics, Print Design",@thefutur,https://www.youtube.com/watch?v=y1QzpLFgtqA,2017-02-03,2026-07-14,L2,2,design-craft;branding,live FB design critique; portfolio-presentation reinforcement (Ben Burns co-host context); 11 quotes
yt-mJvv0TOaam8,video,101 Things I Learned in Business School— Book Review,@thefutur,https://www.youtube.com/watch?v=mJvv0TOaam8,2017-01-30,2026-07-14,L2,2,business;mindset,L3-candidate: 101 Things book review (layered bid model COGS->overhead->profit->value); recurring signatures; 15 quotes
yt-5WAiK3il6Kg,video,Learning From Failure pt. 1 w/ Aaron Pierson,@thefutur,https://www.youtube.com/watch?v=5WAiK3il6Kg,2017-01-20,2026-07-14,L1,2,,video unavailable (removed)
yt-DaHYi27pAYs,video,Coldplay 'Ink' Making Of Behind The Scenes Video | Creating The Interactive Music Video,@thefutur,https://www.youtube.com/watch?v=DaHYi27pAYs,2017-01-08,2026-07-14,L2,2,design-craft;business,Coldplay 'Ink' Blind interactive-video making-of; narrator unconfirmed (context); 0 confirmed Chris quotes; portfolio/bio fact
yt-rP2iDwSN_v8,video,"Overcome Your Fears: Motion Design Industry Changes, Public Speaking, Insecurities",@thefutur,https://www.youtube.com/watch?v=rP2iDwSN_v8,2017-01-05,2026-07-14,L2,2,mindset;business;design-craft,"L3-candidate: overcome fears ('I copy and steal', 'I just sucked less'; self-aware: former public-speaking terror, learns-by-modeling, analytical-robot); 11 quotes"
yt-a5VMFo_Axdc,video,How to Overcome Self Doubt When No One Will Support Your Passion,@thefutur,https://www.youtube.com/watch?v=a5VMFo_Axdc,2016-12-24,2026-07-14,L2,2,mindset;business,"L3-candidate: overcome self-doubt (hijack-mentors, Kanye reality-distortion, explorer-vs-GPS, dark-night); 12 quotes"
yt-jmml6kzmkjY,video,How I Became A Graphic Designer– Chris Do origin story & struggles Pt. 1,@thefutur,https://www.youtube.com/watch?v=jmml6kzmkjY,2016-12-16,2026-07-14,L2,1,mindset;business;design-craft,L3-candidate: origin-story Pt1 (pre-design-school); 13 quotes; verify proper nouns
yt-tEYlZ2UHrjY,video,Take a Tour of the Blind Studios,@thefutur,https://www.youtube.com/watch?v=tEYlZ2UHrjY,2016-12-08,2026-07-14,L1,2,,no-captions (no subtitles available)
yt-tOr4DoDYXaA,video,Should You Go To Design School: Doing The Math on Education,@thefutur,https://www.youtube.com/watch?v=tOr4DoDYXaA,2016-12-06,2026-07-14,L2,2,design-craft;business;mindset,"L3-candidate: design-school cost-vs-value (education-reform thesis; flipped classroom, pay-to-apprentice); 11 quotes"
yt-qJhyAHRkC6g,video,How to be more relatable? Jose is back and tells Chris how.,@thefutur,https://www.youtube.com/watch?v=qJhyAHRkC6g,2016-11-19,2026-07-14,L2,2,content-strategy;mindset;branding,Jose coaches Chris on relatability (context-heavy); 10 Chris quotes; rich self-aware persona traits (voice/appearance)
yt-mg0V0ARv5Jw,video,I Wish I Knew This When I Started: Logo Design Pt. 2,@thefutur,https://www.youtube.com/watch?v=mg0V0ARv5Jw,2016-11-12,2026-07-14,L2,2,design-craft;branding;business,"L3-candidate: logo pt2 (5k-logo empathy, double-the-price, three-things-business-needs); Ben Burns context; 6 quotes"
yt-Unw8GLHtCso,video,I Wish I Knew This When I Started: Logo Design,@thefutur,https://www.youtube.com/watch?v=Unw8GLHtCso,2016-11-08,2026-07-14,L2,1,design-craft;branding;business,L3-candidate: logo/'difference is confidence'; w/ Ben Burns (context); 9 Chris quotes
yt-QrNi9FmdlxY,video,Typography Tutorial - 10 rules to help you rule type,@thefutur,https://www.youtube.com/watch?v=QrNi9FmdlxY,2016-11-06,2026-07-14,L2,1,design-craft,"L3-candidate: typography manual (motion graphic, written voice); Chris/Blind"
yt-kmZkRkxWj2c,video,How to create a creative culture in a company.,@thefutur,https://www.youtube.com/watch?v=kmZkRkxWj2c,2016-11-03,2026-07-14,L2,2,business;mindset,"L3-candidate: creative culture (values-based hire+fire, autonomy-mastery-purpose, tactics; Second Shift venture w/ Kier); 8 quotes"
yt-gm66Etsi2-c,video,Am I An Entrepreneur? How to make the transition from design to business.,@thefutur,https://www.youtube.com/watch?v=gm66Etsi2-c,2016-10-28,2026-07-14,L2,2,business;mindset,"L3-candidate: design->business transition (sell-what-world-can-do, want-to-preneur, runway/worry-date; Janda/Cuban credited); 12 quotes"
yt-RKXZ7t_RiOE,video,Pricing Design Work & Creativity (The Guide),@thefutur,https://www.youtube.com/watch?v=RKXZ7t_RiOE,2016-10-22,2026-07-14,L2,1,pricing;business;sales-clients,L3-candidate: value-based pricing doctrine; Chris-led; 28 quotes
yt-0cyFrU3UaMc,video,How Will Clients Find You: SEO & Lead Generation pt. 2,@thefutur,https://www.youtube.com/watch?v=0cyFrU3UaMc,2016-10-19,2026-07-14,L2,2,content-strategy;business,"L3-candidate: SEO/lead-gen (when-you-talk-you're-selling, educe/educate, warm-vs-cold, market-to-marketers); Pt2; 18 quotes"
yt-W9r5NbxxTW0,video,3 Keys To Success—How To Run A Design Business  pt.1,@thefutur,https://www.youtube.com/watch?v=W9r5NbxxTW0,2016-10-11,2026-07-14,L2,2,business;sales-clients,L3-candidate: 3 keys to run a business (intensity/urgency/self-love + referral-ask script); Pt1; 12 quotes
yt-eN-Tti_iqwM,video,How To: Responsive Web Design for Mobile and Tablet,@thefutur,https://www.youtube.com/watch?v=eN-Tti_iqwM,2016-10-01,2026-07-14,L2,2,design-craft,"responsive web (Chris moderates, team-led technical walkthrough); 5 quotes"
yt-xM-0aeHbk5Y,video,3 Things To Do Before You Design Anything,@thefutur,https://www.youtube.com/watch?v=xM-0aeHbk5Y,2016-09-23,2026-07-14,L2,2,design-craft;sales-clients;business,taught by Matthew Encina NOT Chris (pre-design discovery framework); 0 Chris quotes; context
yt-qofsxACNsQw,video,Lettering Workshop: Gemma O'Brien,@thefutur,https://www.youtube.com/watch?v=qofsxACNsQw,2016-09-21,2026-07-14,L2,2,design-craft,guest Gemma O'Brien lettering workshop (context); Chris absent; 0 Chris quotes
yt-qtLx2CIbS2M,video,Graphic Design Tutorial: Web Design Review pt. 2,@thefutur,https://www.youtube.com/watch?v=qtLx2CIbS2M,2016-09-20,2026-07-14,L2,2,design-craft,L3-candidate: designer->dev handoff rule + first-pass review posture; 7 quotes
yt-oOez6KmcQJ8,video,Marketing and Social Media Tips for Designers pt. 3/3,@thefutur,https://www.youtube.com/watch?v=oOez6KmcQJ8,2016-09-05,2026-07-14,L2,2,content-strategy;business,marketing/social tips panel (externally-specialize/internally-diversify); Pt3/3; 11 quotes
yt-aJzY8P4bWb0,video,Graphic Design Career Tips: Integrity vs Profitability pt. 1/3,@thefutur,https://www.youtube.com/watch?v=aJzY8P4bWb0,2016-08-25,2026-07-14,L2,2,mindset;business,"L3-candidate: integrity-vs-profit + negotiation values (kill-engagement-3x/Blair Enns, first-minutes leverage, spec-work); Pt1/3; 11 quotes"
yt-j5DK9jsEaUA,video,How to design a website from wireframes,@thefutur,https://www.youtube.com/watch?v=j5DK9jsEaUA,2016-08-14,2026-07-14,L2,2,design-craft;content-strategy,Chris-led wireframe->design review (intern Charlene Chen); 7 quotes
yt-wgnUkvMRFsI,video,How to Write Content for Web,@thefutur,https://www.youtube.com/watch?v=wgnUkvMRFsI,2016-08-11,2026-07-14,L2,2,content-strategy;design-craft,L3-candidate: web copywriting (AIDA-for-headlines + bridge-the-gap/explain-to-5th-grader); Chris coaches copywriter; 10 quotes
yt-d77cDtH8bo0,video,Graphic Design Tutorial: Web Design Review,@thefutur,https://www.youtube.com/watch?v=d77cDtH8bo0,2016-07-23,2026-07-14,L2,2,design-craft,web-design-craft review (Blind site; Jamie Van Wart context); 8 Chris quotes
yt-z4HjltaEV2E,video,Design Theory: How To Make Dynamic Compositions,@thefutur,https://www.youtube.com/watch?v=z4HjltaEV2E,2016-07-16,2026-07-14,L2,1,design-craft,taught by Matthew Encina NOT Chris; minimal persona value (2 intro quotes)
yt-C4_O3-TjGWg,video,Freelance Tips Motion Design Los Angeles,@thefutur,https://www.youtube.com/watch?v=C4_O3-TjGWg,2016-07-13,2026-07-14,L2,2,business;design-craft,"L3-candidate: freelance-negotiation framework (hold/book/challenge, put-yourself-on-hold, cancellation clauses); 18 quotes"
yt-DLeSPCTA9Wg,video,Graphic Design Tutorial: Typography Design & Art Direction,@thefutur,https://www.youtube.com/watch?v=DLeSPCTA9Wg,2016-07-08,2026-07-14,L2,1,design-craft,L3-candidate: typography+art-direction masterclass; Chris-led; 10 quotes
yt-veG3WbwwaGk,video,Rethinking Design Education 2016,@thefutur,https://www.youtube.com/watch?v=veG3WbwwaGk,2016-06-30,2026-07-14,L2,2,design-craft;business;mindset,"L3-candidate: education-reform thesis (GERM of Futur mission; student-debt critique, moral obligation, Lynda Weinman origin); biography anchors; 11 quotes"
yt-O4H_7TTe2tM,video,What Do I Need to Learn In Design School?,@thefutur,https://www.youtube.com/watch?v=O4H_7TTe2tM,2016-06-28,2026-07-14,L2,2,design-craft;mindset;business,L3-candidate: design-education/self-directed learning (deliberate discomfort); 6 quotes
yt-hvrmngTHVJ8,video,Where Do Good Ideas Come From? Plagiarism or Influence?,@thefutur,https://www.youtube.com/watch?v=hvrmngTHVJ8,2016-06-21,2026-07-14,L2,2,design-craft;mindset;content-strategy,"L3-candidate: creativity/originality (everything-is-remix, copy-transform-combine, ban plagiarism; Kirby Ferguson cited); 12 quotes"
yt-6ZtbgCbcyeo,video,"How To: BE A HAPPIER, BETTER DESIGNER",@thefutur,https://www.youtube.com/watch?v=6ZtbgCbcyeo,2016-06-16,2026-07-14,L2,2,mindset;business,"L3-candidate: happier/better designer (success=growth, absent-narrative, hands-up apology); 15 quotes"
yt--9WuYBXZ-jw,video,How to Get Hired as a Graphic Designer 2016,@thefutur,https://www.youtube.com/watch?v=-9WuYBXZ-jw,2016-06-09,2026-07-14,L2,2,business;design-craft;content-strategy,get-hired-2016 (hiring; typography-course-as-recruiting-funnel origin note); 3 quotes; overlaps
yt-lcpxWYaVbLU,video,How to: Ask For A Raise,@thefutur,https://www.youtube.com/watch?v=lcpxWYaVbLU,2016-05-25,2026-07-14,L1,2,,no-captions (no subtitles available)
yt-NnRgT4vRylQ,video,How to Get a Graphic Design Job in LA,@thefutur,https://www.youtube.com/watch?v=NnRgT4vRylQ,2016-05-20,2026-07-14,L2,2,business;design-craft;content-strategy,get-a-design-job-in-LA (hiring/career; intl-designer angle); 18 quotes; overlaps existing
yt-a6NDggNvspU,video,Online Marketing: Conversion Optimization Funnel CRO,@thefutur,https://www.youtube.com/watch?v=a6NDggNvspU,2016-05-14,2026-07-14,L2,2,content-strategy;business,guest-led CRO funnel (Alan Martinez/Noble Digital + Jose); 3 Chris quotes
yt-FU63Tv3FiKo,video,Big Client Meeting: How to Sell Large Digital Projects,@thefutur,https://www.youtube.com/watch?v=FU63Tv3FiKo,2016-04-30,2026-07-14,L2,2,sales-clients;business;pricing,"L3-candidate: big-client-meeting selling framework (diagnose, elicit stakeholder top-3, paid discovery, walk-away); role-play; 9 quotes"
yt-gJYXbEswynI,video,Am I An Entrepreneur? What it takes to start your own business.,@thefutur,https://www.youtube.com/watch?v=gJYXbEswynI,2016-04-19,2026-07-14,L2,2,business;mindset,guest-founder interview (context); 3 Chris quotes
yt-03lX4hn7tJ0,video,How To: Stay Creatively Motivated and Inspired & Dealing With Clients With BAD TASTE,@thefutur,https://www.youtube.com/watch?v=03lX4hn7tJ0,2016-04-01,2026-07-14,L2,2,mindset;sales-clients,"L3-candidate: bad-taste-client handling (subjective->objective measures, diagnose, refund-and-refer) + motivation; 14 quotes"
yt-013Zjz5P9gM,video,BREAK OUT OF YOUR COMFORT ZONE,@thefutur,https://www.youtube.com/watch?v=013Zjz5P9gM,2016-03-23,2026-07-14,L2,2,mindset;business,L3-candidate: integrity credo (balls-and-word) + escape-velocity; solo vlog; 8 quotes
yt-tlskof89nUw,video,UX Content Strategy w/ Karen McGrane,@thefutur,https://www.youtube.com/watch?v=tlskof89nUw,2016-03-18,2026-07-14,L2,2,content-strategy;design-craft,guest Karen McGrane UX content-strategy (context); Chris hosts; 3 Chris quotes
yt-UE3OufWmnMY,video,How To: Tell A Great Story— 5 storytelling tips,@thefutur,https://www.youtube.com/watch?v=UE3OufWmnMY,2016-03-15,2026-07-14,L2,1,content-strategy;branding;mindset,solo Chris vlog; 5 storytelling tips; 6 Chris quotes
yt-7IwTua4AaRY,video,Client Red Flags and Warning Signs,@thefutur,https://www.youtube.com/watch?v=7IwTua4AaRY,2016-03-08,2026-07-14,L2,2,sales-clients;business,L3-candidate: good/bad-client archetype taxonomy + resentment=underpricing; 14 quotes
yt-KlnOS_Blig4,video,How did you start your design business? AMA w/ Chris Do,@thefutur,https://www.youtube.com/watch?v=KlnOS_Blig4,2016-03-04,2026-07-14,L2,3,business;sales-clients;design-craft;mindset,"BIOGRAPHY LANDMARK (2016 AMA) — fullest Blind founding: Dec 1995 incorporation, ad agency + punk rock label, the UNCLE's call (hotel client needed design services), pre-Google business plan, $100k ask answered with a $5,000 good-faith cheque on the spot, the Brewery loft he slept above, 'call us back when you fail', first national TV spot as the breakthrough ~1yr in; The Great Brain as childhood template; EARLIEST MECHANIC PARABLE incl. CHARGING FOR THE DIAGNOSTIC w/ credit; order-taker->consultant repositioning; giving with a stated limit ('what I give away is sleep'); L3-candidate"
yt-wMvOK9KXvRU,video,Top 5 fears in launching my new agency Ep.03,@thefutur,https://www.youtube.com/watch?v=wMvOK9KXvRU,NA,2026-07-14,skipped,2,,MEMBERS-ONLY video (base membership). Paywalled behind channel membership; cannot be ingested.
yt-4ZeNq6s_aX4,video,3 Tips on starting your own design agency.,@thefutur,https://www.youtube.com/watch?v=4ZeNq6s_aX4,2016-02-24,2026-07-14,L2,2,business,3 tips start an agency (market-one-thing/branding-umbrella; make-vs-manage); 7 quotes
yt-76TtlDL6yE8,video,Vlog TRAVEL Camera Setup,@thefutur,https://www.youtube.com/watch?v=76TtlDL6yE8,2016-02-18,2026-07-14,L2,2,content-strategy,travel-camera gear tutorial; 0 Chris quotes; minimal context page (low persona value)
yt-pKMfPGAZHYI,video,Win The Interview— JOB INTERVIEW TIPS,@thefutur,https://www.youtube.com/watch?v=pKMfPGAZHYI,2016-02-13,2026-07-14,L2,3,sales-clients;business;mindset,Job interview tips w/ Jose Caballer (The Process). PRECEDENCE: 'value of you is reflected in quality of questions you ask' + 'whoever talks first loses' both stated Feb 2016. Magic question + live roleplay.
yt-_Kx1i2Q__V8,video,Books To Read to Learn UX,@thefutur,https://www.youtube.com/watch?v=_Kx1i2Q__V8,2016-01-26,2026-07-14,L2,2,design-craft,"UX book recs (not Chris on camera, likely Jose); 0 Chris quotes; context"
yt-Xt3Eosr-oJk,video,How To Be A Great Facilitator,@thefutur,https://www.youtube.com/watch?v=Xt3Eosr-oJk,2016-01-23,2026-07-14,L2,2,business;sales-clients;mindset,"facilitation (Chris-led; CORE framework is Jose's, Chris diverges personas-first); 9 quotes"
yt-LMvb32KyXP8,video,How to respond to the 3 most common Client Objections in Sales,@thefutur,https://www.youtube.com/watch?v=LMvb32KyXP8,2016-01-09,2026-07-14,L2,2,sales-clients;business,"L3-candidate: Embrace-and-Pivot objection method (earliest/fullest; underpins Eight Mile); rock-paper-scissor, retreat-and-follow; 21 quotes"
yt-mnSgHLBpOpw,video,Branding: Identity Design w/ Yo Santosa,@thefutur,https://www.youtube.com/watch?v=mnSgHLBpOpw,2015-12-13,2026-07-14,L2,1,branding;design-craft;business;mindset,L3-candidate; guest Yo Santosa (entity candidate); 15 Chris quotes
yt-z7Y9TKfgstE,video,IS YOUR DESIGN RESUME STILL RELEVANT?,@thefutur,https://www.youtube.com/watch?v=z7Y9TKfgstE,2015-11-29,2026-07-14,L2,2,business;design-craft;content-strategy,L3-candidate: 'resume is dead -> show work + direct outreach past HR'; 7 quotes
yt-k22HKpzDMg4,video,The Client Is Not Your Enemy: Redefining Your Client Relationship,@thefutur,https://www.youtube.com/watch?v=k22HKpzDMg4,2015-10-20,2026-07-14,L2,2,sales-clients;mindset;business,"L3-candidate: client-relationship frameworks (happy ears, embrace-and-pivot, ask-why-3x, shut-up-when-yes); solo Cal State LA; 17 quotes"
yt-tkci5FarrlA,video,Ux Design 3: How to Design a Website: Prioritize Features pt.2,@thefutur,https://www.youtube.com/watch?v=tkci5FarrlA,2015-10-14,2026-07-14,L2,2,design-craft;sales-clients,UX3 pt2 (feature prioritization) - Jose-led (context); 3 Chris framing quotes
yt-wd0ejVP_g78,video,How to Start & Run a Design Business: Pricing & Estimating Creative Design Jobs,@thefutur,https://www.youtube.com/watch?v=wd0ejVP_g78,2015-10-08,2026-07-14,L2,1,pricing;business;sales-clients,L3-candidate: pricing/estimating framework; Chris-led (guest Frank Shi); 30 quotes
yt-8CWD3KSaeVs,video,AMA w/ Keir McLaren Pt 2: Adapting to a Changing Creative Economy,@thefutur,https://www.youtube.com/watch?v=8CWD3KSaeVs,2015-09-23,2026-07-14,L2,3,business,"DEFERRAL CLEARED. KIER-DOMINATED AMA Pt 2 (2015, pre-Futur 'The Process' era; Jose Caballer co-hosts). Guest material fenced — already mined into entities/kier-mclaren in pass 4. Chris yield is framing only. Kept at L2 as the oldest source in the run + a dating marker + evidence of the co-hosted/looser on-camera register. DO NOT PROMOTE; do not cite Kier's disruption argument as Chris's view"
yt-kiEKBzZdI-c,video,UX Design 3: How To Design a Website: Prioritize Features pt.1,@thefutur,https://www.youtube.com/watch?v=kiEKBzZdI-c,2015-09-23,2026-07-14,L2,2,design-craft;sales-clients,UX Design 3 (prioritize features) - Jose-led (context); 3 Chris quotes
yt-F06ePJZEmK0,video,Profitable Small Business Ideas ► How To Make Money,@thefutur,https://www.youtube.com/watch?v=F06ePJZEmK0,2015-09-15,2026-07-14,L2,2,business,AMA w/ consultant Kier McLaren (context; title clickbait); 4 Chris quotes; wife-name redacted per policy; Blind 2.4M->4M self-reported
yt-ZdUL0sCxiOw,video,UX Design 2: How To Design a Website: User Stories,@thefutur,https://www.youtube.com/watch?v=ZdUL0sCxiOw,2015-09-02,2026-07-14,L2,2,design-craft;sales-clients,UX Design 2 (user stories) - Jose-led methodology (context); 2 Chris facilitation quotes
yt-ttnNuBzmy9c,video,Unfiltered: Imin Pao Pt. 4 Advertising Is Dead,@thefutur,https://www.youtube.com/watch?v=ttnNuBzmy9c,2015-08-23,2026-07-14,L2,2,business;content-strategy,Unfiltered: guest Imin Pao monologue (context); no confirmable Chris speech; 0 Chris quotes
yt-vSx2wayTk0g,video,UX Design 1: How To Design a Website: Site Audit,@thefutur,https://www.youtube.com/watch?v=vSx2wayTk0g,2015-08-22,2026-07-14,L2,1,design-craft;sales-clients;branding,Skool-era; co-led w/ Jose; site-audit; 6 Chris quotes; captions garbled
yt-puvKF8gmXUM,video,Design Advice For Young Designers,@thefutur,https://www.youtube.com/watch?v=puvKF8gmXUM,2015-08-21,2026-07-14,L2,2,mindset;design-craft;business,"advice for young designers (artist-vs-designer, two-word brief filter); 15 quotes"
yt-CJnfAXlBRTE,video,What is UX Design? Defining User Experience Design & Explaining the Process,@thefutur,https://www.youtube.com/watch?v=CJnfAXlBRTE,2015-08-12,2026-07-14,L2,1,design-craft;sales-clients;branding,Skool-era; mostly Jose-led UX process; 4 Chris quotes
yt-X0nFdnn5LCY,video,Is Now a Good Time To Be A Designer?,@thefutur,https://www.youtube.com/watch?v=X0nFdnn5LCY,2015-07-26,2026-07-14,L2,2,mindset;business,solo Chris AMA 'good time to be a designer'; career/mindset restatement; 18 quotes
yt-1LPz8GITlHY,video,Branding: Brand Messaging W Hotel,@thefutur,https://www.youtube.com/watch?v=1LPz8GITlHY,2015-07-21,2026-07-14,L2,2,branding;business,W Hotel brand-messaging example; brand experience>logo; solo Chris; 5 quotes
yt-hqYIe5Y76oY,video,My (First) Design Portfolio,@thefutur,https://www.youtube.com/watch?v=hqYIe5Y76oY,2015-07-10,2026-07-14,L2,1,design-craft;branding;business,Skool-era co-host (Chris+Jose); portfolio/positioning; 8 Chris quotes
yt-2iKAfok6waU,video,Critiquing Your Design: ImThatDesigner.com,@thefutur,https://www.youtube.com/watch?v=2iKAfok6waU,2015-06-25,2026-07-14,L2,2,design-craft,site/portfolio critique (ImThatDesigner); Jose co-driven; recurring principles; 9 Chris quotes
yt-HedbL5OC718,video,Critiquing Your Design - LeighObrien.com,@thefutur,https://www.youtube.com/watch?v=HedbL5OC718,2015-06-19,2026-07-14,L2,2,design-craft,showreel/portfolio critique (Leigh O'Brien); portfolio presentation specifics; 8 Chris quotes
yt-deCS7nTkOlY,video,How To Setup Multi Camera Live Streaming for FB or YT,@thefutur,https://www.youtube.com/watch?v=deCS7nTkOlY,2015-06-04,2026-07-14,L2,2,content-strategy,technical multicam-livestream setup; 0 Chris quotes; minimal context page (low persona value)
yt-AC_UlCfltDE,video,Critiquing Your Design – Akin.Sidmad.com,@thefutur,https://www.youtube.com/watch?v=AC_UlCfltDE,2015-05-23,2026-07-14,L2,2,design-craft,portfolio/site critique (Akin Gundogan); recurring craft principles; 8 Chris quotes
yt-KSGzJiK9Uz8,video,How to Position a Brand,@thefutur,https://www.youtube.com/watch?v=KSGzJiK9Uz8,2015-04-28,2026-07-14,L2,2,branding;business,L3-candidate: WIN positioning Venn (love/good-at/pays-well); Ries&Trout+Neumeier credited; 7 Chris quotes
yt-gmP1ac0xpQA,video,How to Design for Startups,@thefutur,https://www.youtube.com/watch?v=gmP1ac0xpQA,2015-04-07,2026-07-14,L2,2,design-craft;business,Jose-led 'Design for Startups' (Chris co-host); 6 Chris quotes
yt-FYHD1fBKZDk,video,Identity & Web Design - Trojan Storage Branding Case Study,@thefutur,https://www.youtube.com/watch?v=FYHD1fBKZDk,2015-03-24,2026-07-14,L2,2,branding;design-craft;business,L3-candidate: Trojan Storage client-identity workflow (CORE/mind-walking/6-category/scaffolding/stylescapes/straight-line); 12 Chris quotes
yt-ItvgJ3o5CS0,video,How to Use Social Media to Grow your Business w/ Mark Fidelman,@thefutur,https://www.youtube.com/watch?v=ItvgJ3o5CS0,2015-02-11,2026-07-14,L2,2,content-strategy;business,guest Mark Fidelman social-media (context); early positions; 6 Chris quotes
yt-vfSLpMCUffA,video,"Defining the New Agency Model w/ Sue Parker, CEO Frank Creative",@thefutur,https://www.youtube.com/watch?v=vfSLpMCUffA,2015-01-28,2026-07-14,L2,2,business,guest Sue Parker (Frank Creative) agency model (context); 3 Chris quotes
yt-KDlAjE-2JQM,video,"Confidence, Culture, Gender Roles around Money",@thefutur,https://www.youtube.com/watch?v=KDlAjE-2JQM,2014-09-30,2026-07-14,L2,2,mindset;business,L3-candidate(modest): early money-mindset root; guest Rocio Villalobos (context); 6 Chris quotes
yt-TRd85QvQto0,video,How to Get Clients - Lead Generation & Close Sales,@thefutur,https://www.youtube.com/watch?v=TRd85QvQto0,2014-09-17,2026-07-14,L2,2,sales-clients;business;content-strategy,"Skool-era; closing/pricing Chris, lead-gen Jose; 6 Chris quotes"
yt-OuOL8xQGpyE,video,Overcoming Client Objections in Sales,@thefutur,https://www.youtube.com/watch?v=OuOL8xQGpyE,2014-09-17,2026-07-14,L2,2,sales-clients;business,L3-candidate: seed of objection-handling (price->value pivot); Skool-era; 11 Chris quotes
yt-KadIcPiw9lU,video,"Social Media, Why Linkedin, Twitter & Instagram Matter to Designers",@thefutur,https://www.youtube.com/watch?v=KadIcPiw9lU,2014-09-17,2026-07-14,L2,2,content-strategy;business,"Skool-era; early (2014) social-media positions, platform specifics dated; 5 Chris quotes"
yt-0HnRlEuKGoA,video,How to Ask for the Sale | Chris Do & Jose Caballer Roleplay a Sale Part 2,@thefutur,https://www.youtube.com/watch?v=0HnRlEuKGoA,2014-08-20,2026-07-14,L2,2,sales-clients;business,L3-candidate: earliest role-play-a-sale format; Skool-era (Chris plays client); 7 Chris quotes
yt-1HuIfKDr54A,video,How To Ask for the Sale - Part 1 | How To Close Deals With Design Clients,@thefutur,https://www.youtube.com/watch?v=1HuIfKDr54A,2014-08-20,2026-07-14,L2,2,sales-clients;business,L3-candidate: earliest (2014) origin of qualification triad (like-you/can-do-work/afford-it); Skool-era w/ Jose; 4 Chris quotes
yt-tDufkWh6vdM,short,How to Own a Market That Doesn't Exist Yet #startup #business,@thefutur,https://www.youtube.com/watch?v=tDufkWh6vdM,2026-06-17,2026-07-14,skipped,3,,"dup-of:yt-k520NhbFhIE — verbatim recut of 'The psychology of making people buy' (2026-06-03). Short covers category creation + Liquid Death, all of which is already on that source page. No new material; no page written."
yt-snAtnqtJIBU,short,Why Videographers Stay Broke (It’s Not Skill),@thefutur,https://www.youtube.com/watch?v=snAtnqtJIBU,2026-06-16,2026-07-14,skipped,3,,"dup-of:yt-oxwrVFwPlYI — recut of 'The Blue Ocean Strategy: How to Make the Competition Irrelevant' (2026-06-11), published 5 days later. Verified by phrase-match (blue ocean / video team / the named consultant all appear on that source page). No page written."
yt-ZkzXY2QMVzw,short,Nobody Hires the Best! #shorts #marketingstrategy,@thefutur,https://www.youtube.com/watch?v=ZkzXY2QMVzw,2026-06-13,2026-07-14,skipped,3,,"dup-of:yt-k520NhbFhIE — verbatim recut of 'The psychology of making people buy' (2026-06-03). Short covers ""being good is expected — you have to be better than good"", all of which is already on that source page. No new material; no page written."
yt-DXnHH0b8MnI,short,Real vs Fake Scarcity #marketing #business #growth,@thefutur,https://www.youtube.com/watch?v=DXnHH0b8MnI,2026-06-12,2026-07-14,skipped,3,,"dup-of:yt-k520NhbFhIE — verbatim recut of 'The psychology of making people buy' (2026-06-03). Short covers real vs false scarcity, crediting Daniel Priestley, all of which is already on that source page. No new material; no page written."
yt-H1vpKpuAKWU,short,Stop Telling Yourself This Bullsh*t Story #Shorts,@thefutur,https://www.youtube.com/watch?v=H1vpKpuAKWU,2026-05-17,2026-07-14,skipped,3,,"SKIPPED: guest-only. Dr John Demartini speaking ('anything you can't say thank you for is your baggage'); no Chris-attributed content. ⚠️ NOT marked dup — the phrases do not appear on the 2026-05-14 therapy episode, and the only long-form carrying this vocabulary (yt-j8yGn1v8OgU, 2026-07-21) is dated AFTER this short, so the parent relationship cannot be established. Guest material either way; does not train the persona."
yt-Lr3CsmIcZHw,short,Your Thoughts Are Aging You!,@thefutur,https://www.youtube.com/watch?v=Lr3CsmIcZHw,2026-05-16,2026-07-14,skipped,3,,"SKIPPED: guest-only. Dr John Demartini speaking (entropic gravity, Erik Verlinde, amygdala/hippocampus); no Chris-attributed content. ⚠️ Same date anomaly as yt-H1vpKpuAKWU — not marked dup."
yt-Pes1rF7LX5U,short,Stop Running From Discomfort!,@thefutur,https://www.youtube.com/watch?v=Pes1rF7LX5U,2026-05-15,2026-07-14,skipped,3,,SKIPPED: guest-only. Dr John Demartini speaking (amygdala seeking a one-sided world; 'the unity of opposites'); no Chris-attributed content. ⚠️ Same date anomaly — not marked dup.
yt-awg3uUYedOg,short,Taste Is Your Only Competitive Advantage Against AI,@thefutur,https://www.youtube.com/watch?v=awg3uUYedOg,2026-05-09,2026-07-14,L2,3,,"Short, Chris-attributed and autobiographical: HOW HE BUILT TASTE — 'I would spend a lot of time in the library, I just grab the magazines… that was me, just consuming' → 'the people that used to school me, I school them now. I'VE EDUCATED MY PALATE, MY MIND, MY EYE, MY TASTE. And you could do that — just study.' ⚠️ NOT a dup: 'educated my palate' matches no other source. The corpus records taste as the AI moat but never how he acquired his."
yt-VbSebE0sZrs,short,Stop Asking Clients for the Answer,@thefutur,https://www.youtube.com/watch?v=VbSebE0sZrs,2026-05-07,2026-07-14,L2,3,,"Short, Chris. NEW METAPHOR: the BULL'S-EYE AND THE WALL — 'we just want to know what wall it's on… if we shoot in the wrong direction, no matter how good we are, we have 0% chance' → then questions that eliminate half the wall, a quarter, an eighth. The operational half of ask-don't-tell (what the questions are DOING). ⚠️ Credited to 'my business coach' — UNNAMED, same as 2024-10-22."
yt-dfELKGZGous,short,Stop Charging Local Rates,@thefutur,https://www.youtube.com/watch?v=dfELKGZGous,2026-04-24,2026-07-14,L2,3,,"Short, Chris. Four arguments: GEOGRAPHIC MARKETS made concrete ('you don't have to charge a local rate — they're already expecting to pay this kind of price'), with the better-deal objection raised and answered; PRICE ON THE CALL — 'if you kick this down the road in a proposal, you're going to be in the PROPOSAL-BUILDING BUSINESS and not in the design business'; the gauge-reaction script ('I sense some hesitation on your part'); and the SHOWCASE TEST — 'no point doing low-budget work that ALSO looks like ass… you don't always have to make money up front if what you're getting is of greater value than the money you would have received.'"
yt-CKPD-Kzqfks,short,Become the best option for your client!,@thefutur,https://www.youtube.com/watch?v=CKPD-Kzqfks,2026-04-16,2026-07-14,skipped,3,,"dup-of:corpus — 'Clients do not choose the best option, they choose the least risky one' + hourly punishes efficiency — BOTH already on 10 and 2 source pages respectively. No new claim; no page."
yt-ENHVkLSpWD4,short,The Right way to Reach out to Clients! #graphicdesigner #outreach,@thefutur,https://www.youtube.com/watch?v=ENHVkLSpWD4,2026-04-12,2026-07-14,skipped,3,,dup-of:corpus — Cold-outreach etiquette ('do not do what 99% of people do') — covered by the follow-five outreach system and the credible-outreach material. No new claim; no page.
yt-B3MH7n_U4pA,short,Making $100K in Design,@thefutur,https://www.youtube.com/watch?v=B3MH7n_U4pA,2026-04-11,2026-07-14,skipped,3,,dup-of:corpus — Making $100k in design via portfolio fit to a chosen sector — covered by the market-one-thing and portfolio material. No new claim; no page.
yt-1ZYBscGK8Gk,short,Your Story Matters #personalbranding  #identity,@thefutur,https://www.youtube.com/watch?v=1ZYBscGK8Gk,2026-04-10,2026-07-14,L2,3,,"Short, Chris. NEW CREDITED INFLUENCE: VINH GIANG (⚠️ spelling caption-derived, 'Vin Jang'), 'my brother from another mother', for a CONTRARIAN answer on storytelling — 'we tell stories to remind ourselves of who we are, so when people attack us, we remember.' Chris's extension: 'if you're not telling your story, others are defining it… your story isn't for them, IT'S FOR YOU.' The storytelling hub is entirely audience-facing and has no entry for the INTERNAL function."
yt-kk7Hzg2x6yg,short,Your rate doesn’t go up until your belief does.,@thefutur,https://www.youtube.com/watch?v=kk7Hzg2x6yg,2026-04-04,2026-07-14,skipped,3,,dup-of:corpus — Rate follows belief — covered by the existing belief-precedes-experience and pricing-confidence material. No new claim; no page.
yt-ZnHefSWFPE0,short,Hourly Rates are Keeping You Broke!,@thefutur,https://www.youtube.com/watch?v=ZnHefSWFPE0,2026-04-04,2026-07-14,skipped,3,,"dup-of:corpus — The hourly-rate objection handled by reductio ('if I work less hours should I charge you less?') — the anti-hourly argument is covered across the pricing hub, incl. 'why hourly punishes efficiency'. No new claim; no page."
yt-J_AWuOk_oGM,short,How to increase YOUR rates!,@thefutur,https://www.youtube.com/watch?v=J_AWuOk_oGM,2026-03-30,2026-07-14,skipped,3,,"dup-of:corpus — Supply/demand as the route to confidence — fully covered by the existing pricing and positioning material (market-of-one, be-number-one). No new claim; no page."
yt-swSa9hZOpck,short,Stop creating AI Logos! #logodesign #graphicdesigner,@thefutur,https://www.youtube.com/watch?v=swSa9hZOpck,2026-03-28,2026-07-14,skipped,3,,dup-of:corpus — AI-generated logos — the argument ('a logo isn't just a random collection of marks put together by a machine') is fully covered by the corpus's dated AI material and the logo-simplicity/meaning topics. No new claim; no page.
yt-rK7GY3r9vOM,short,Are you charging your worth?,@thefutur,https://www.youtube.com/watch?v=rK7GY3r9vOM,2026-03-16,2026-07-14,skipped,3,,"dup-of:corpus — street-interview format piece ($2,000/hr, rate raised on his advice); no new Chris claim."
yt-A-LQwz40G7Y,short,3 Marketing Books to Grow Your Business,@thefutur,https://www.youtube.com/watch?v=A-LQwz40G7Y,2026-03-07,2026-07-14,L2,3,,"SECOND PROVENANCE READING LIST. ⚠️ CORRECTED 2026-07-28: originally recorded Al Ries/Jack Trout as ABSENT from the corpus — FALSE, a broken phrase-check (BRE \| with grep -E) returned a false zero; Al Ries is already in topics/branding, persona/voice and two source pages. What is genuinely new: the RECOMMENDATION and framing, the 'Positioning' title, and ⚠️ MICHAEL BUNGAY STANIER upgraded to a STRUCTURAL source ('asking great questions, being SLOWER TO ANSWER, staying CURIOUS LONGER… overlaps with how you do sales'), plus a SIXTH dated Blair Enns attestation classified as POSITIONING not sales."
yt-UhklGQya1r4,short,The #1 Reason Clients Don’t Buy #salestips #salesstrategy,@thefutur,https://www.youtube.com/watch?v=UhklGQya1r4,2025-11-24,2026-07-14,L2,3,,"⚠️ Truncated. ⚠️ CORRECTED 2026-07-28: originally recorded the hammer/nails framing as having zero corpus matches — FALSE, he uses it on at least three other source pages. GENUINELY NEW is the causal claim: 'anytime you CAN'T SELL something AND IT'S NOT WORTH A LOT, it's because THEY DON'T FEEL THE PAIN', with 'a BURNING URGENT DESIRE' as the qualifier."
yt-LyyrvRm76QQ,short,What History Can Teach US about AI,@thefutur,https://www.youtube.com/watch?v=LyyrvRm76QQ,2025-11-16,2026-07-14,skipped,3,,dup-of:corpus — referencing art movements/history/cinema as the AI-era advantage — covered by the taste-as-moat material and the 2026-05-09 'educated my palate' page.
yt-SNn0hysKPVg,short,"$1,500/hr for Design Work?! 👀",@thefutur,https://www.youtube.com/watch?v=SNn0hysKPVg,2025-11-11,2026-07-14,skipped,3,,"dup-of:corpus — street-interview format piece ($1,500/hr); no new Chris claim."
yt-2K32HmJSeAM,short,Embrace Your Imperfect Self!,@thefutur,https://www.youtube.com/watch?v=2K32HmJSeAM,2025-11-11,2026-07-14,L2,3,,"A SECOND AI-MOAT MECHANISM, distinct from taste: 'the thing AI will NEVER replace is THE WEIRD STICKY TENSION that happens in a space like this… unless you're a cyborg, the real in-person experience is what the machine cannot replace.' A condition, not a capability — file BESIDE the taste material, not merged. Also the self-undercutting close: 'not the panel, not what you hear — because you're not going to do anything anyways. GO TALK TO THREE PEOPLE.'"
yt-e0KQ4P5IVH0,short,How to make bank with UGC content!,@thefutur,https://www.youtube.com/watch?v=e0KQ4P5IVH0,2025-11-10,2026-07-14,skipped,3,,dup-of:corpus — street-interview format piece (a UGC creator at $350/hr); no new Chris claim — the rate-interview format and its arguments are covered.
yt-VaiknDrcJUU,short,Stop Defending Your Prices!,@thefutur,https://www.youtube.com/watch?v=VaiknDrcJUU,2025-10-08,2026-07-14,skipped,3,,"dup-of:corpus — 'don't get into the proof… save it, that's your ammunition' — covered; 'ammunition' already appears on 6 pages alongside the don't-prove-yourself material."
yt-yiIPu6lPJ0g,short,Creating Creative Strategies That Work!,@thefutur,https://www.youtube.com/watch?v=yiIPu6lPJ0g,2025-10-07,2026-07-14,skipped,3,,"dup-of:corpus — the 'sandbox' image for a clear strategy — the constraint-enables-creativity argument is covered (guidelines on the field, §81 business), and 'sandbox' already appears on 5 pages."
yt-qDkDzwHh_aM,short,Why Most Creative Entrepreneurs Stay Small,@thefutur,https://www.youtube.com/watch?v=qDkDzwHh_aM,2025-09-25,2026-07-14,skipped,3,,dup-of:corpus — self-worth as the ceiling on what you charge — covered by the pricing/self-worth material (incl. the 2025-06-12 money-avoidance diagnosis).
yt-475_k-tBL5I,short,How to get clients on LinkedIn #linkedintips #linkedinmarketing,@thefutur,https://www.youtube.com/watch?v=475_k-tBL5I,2025-09-13,2026-07-14,skipped,3,,"dup-of:corpus — 'you don't need a hundred clients, you need three, four, five' — covered by the finite-capacity/real-scarcity material credited to Daniel Priestley."
yt-ISmzwnxLZ1s,short,What You Say Is Who You Are #communicationskills  #improvecommunication,@thefutur,https://www.youtube.com/watch?v=ISmzwnxLZ1s,2025-09-06,2026-07-14,L2,3,,"⚠️ Truncated both ends. An EPISTEMIC argument for language discipline that the non-violent-language thread does not make: 'you can't be a kind person if you don't use kind words… WHAT YOU SAY IS WHO YOU ARE. People only experience you based on what comes out of your mouth… YOUR ENTIRE REPUTATION IS SIMPLY WHAT YOU SAY.' Plus the reframe: 'when you say I don't like this person, what you really mean is THEY SAY THINGS I DON'T LIKE.' File BESIDE the NVC thread, not inside it."
yt-Kg0a3MsSbr4,short,“What’s Holding You Back from Success?” 🫵🏼,@thefutur,https://www.youtube.com/watch?v=Kg0a3MsSbr4,2025-09-03,2026-07-14,skipped,3,,"dup-of:corpus — fear of change, addiction to routine, no assurances — covered by the attachment/stuck material (topics/mindset, 2024-10-22) and the belief-cycle."
yt-ulPzCD7P3oU,short,2X Your Income As a Solopreneur #businessstrategy #solopreneur,@thefutur,https://www.youtube.com/watch?v=ulPzCD7P3oU,2025-08-31,2026-07-14,L2,3,,"A WORKED COSTING METHOD. ⚠️ CORRECTED 2026-07-28: originally claimed the corpus had no market-rate method — FALSE, 'at or above your level' is already in topics/pricing, topics/business, persona/beliefs and the compiled prompt. GENUINELY NEW: the arithmetic (find THREE, average them) and the full build-up — 'act as if you could not do any of the work yourself' -> labour x days + PM = BREAK-EVEN -> add profit. Worked: 8 x $1,000 + $3,500 = $11,500 -> +30% = $14,950."
yt-V54Xvg9iS_0,short,Do this when someone says 'YOU'RE TOO MUCH',@thefutur,https://www.youtube.com/watch?v=V54Xvg9iS_0,2025-08-30,2026-07-14,skipped,3,,"dup-of:corpus — ✅ THE CHECK RESOLVED IT. This IS the 'TOO MUCH' LIST in different words: make an 'extra list' of everything you've been told is too much, don't judge while writing, then ask 'HOW IS THIS AN ADVANTAGE?' and reclaim it — 'your perceived flaws aren't flaws, they're your advantage.' Same exercise, same flip. ⚠️ Cross-clone: names Gary Vee ('too intense') as a third-party example — NOT source material for that clone."
yt-s_CDwTCdXeg,short,Stop thinking & take action!,@thefutur,https://www.youtube.com/watch?v=s_CDwTCdXeg,2025-08-25,2026-07-14,skipped,3,,dup-of:corpus — 'why are you waiting for permission? You don't need it' — same theme as yt-dMAS3ptdL7g and covered by the existing self-permission material.
yt-dMAS3ptdL7g,short,You say you want that dream life…,@thefutur,https://www.youtube.com/watch?v=dMAS3ptdL7g,2025-08-24,2026-07-14,skipped,3,,dup-of:corpus — 'give yourself permission to dream so big' / who do I need to become — covered by the belief-cycle and self-permission material.
yt-u5Y-nDFCwj4,short,Every dollar is a vote for the world we want. #personalbranding,@thefutur,https://www.youtube.com/watch?v=u5Y-nDFCwj4,2025-08-19,2026-07-14,L2,3,,"Buying as identity. ⚠️ CORRECTED 2026-07-28: originally implied this DATES/SOURCES the Anna Lappé line — FALSE, she and the exact quote are ALREADY in entities/influences; my check searched 'every dollar is a vote' while the corpus says 'casting a vote', so it returned a false zero (a SEMANTIC miss, not a syntax bug). GENUINELY NEW: the APPLICATION — 'every time you're asking someone to watch, subscribe, comment, join your email list or buy, YOU HAVE TO TELL THEM WHAT ELSE THEY'RE BUYING' (transactions -> engagement). ⚠️⚠️ GUARD unchanged: dated Aug-2025 opinion on a named living CEO, with his own ownership disclosure; do not restate as current."
yt-5kSHJfh66XI,short,"Being good gets you in the game, being different gets you remembered. #personalbranding",@thefutur,https://www.youtube.com/watch?v=5kSHJfh66XI,2025-08-13,2026-07-14,skipped,3,,"dup-of:corpus — ✅ THE CHECK RESOLVED IT. Both named components are already covered: 'courage to be disliked' (6 pages) and meaningfully-different; and 'being good is expected, it's what it costs to play the game' was marked covered in batch 227. ⚠️⚠️ DO NOT ADD 'the CONTOUR approach' AS A NAMED FRAMEWORK — 'contour' is unverifiable caption text (he then lists exactly two components, so it is plausibly a garble of 'two-part' or 'counter'). Recording a framework name from a caption artefact is precisely the error the hold existed to prevent."
yt-fbyzK1NIwkY,short,He made 650 millionaires 👀,@thefutur,https://www.youtube.com/watch?v=fbyzK1NIwkY,2025-08-08,2026-07-14,skipped,3,,"dup-of:corpus — street-interview rate piece (a founder who declines to quote hourly, 'more than 10 and less than…'); the format and its arguments are covered."
yt-eZrjZmhkIOo,short,"Hourly Keeps You Busy, Assets Set You Free",@thefutur,https://www.youtube.com/watch?v=eZrjZmhkIOo,2025-07-26,2026-07-14,skipped,3,,dup-of:corpus — street-interview rate piece (a financial psychologist); format covered.
yt-P9GFMS4R_g8,short,Don’t get into the proof!,@thefutur,https://www.youtube.com/watch?v=P9GFMS4R_g8,2025-07-11,2026-07-14,skipped,3,,"dup-of:corpus — 'don't get into the proof… that's your ammunition' — ⚠️ NOTE: this is near-identical to yt-VaiknDrcJUU (2025-10-08), already closed as covered in batch 227. Two shorts, same content, different IDs. Covered either way."
yt-MtxifUkhJco,short,From Client Chaos to Creator Freedom.,@thefutur,https://www.youtube.com/watch?v=MtxifUkhJco,2025-07-09,2026-07-14,skipped,3,,dup-of:corpus — street-interview piece on the take-home number that would feel like accomplishment; format covered.
yt-sIcCVSDo56E,short,How Much Do You REALLY Make Per Hour?,@thefutur,https://www.youtube.com/watch?v=sIcCVSDo56E,2025-07-09,2026-07-14,skipped,3,,dup-of:corpus — street-interview rate piece (salaried respondent); format covered.
yt-O5aseUu5Nl0,short,From tech host to board game boss 😎 #chrisdo #personalbranding #entrepreneur,@thefutur,https://www.youtube.com/watch?v=O5aseUu5Nl0,2025-07-04,2026-07-14,skipped,3,,"dup-of:corpus — street-interview rate piece (a studio owner who prices by shoot, from $5,000); format covered."
yt-TojOt9k3d0c,short,You’re too EXPENSIVE 💸,@thefutur,https://www.youtube.com/watch?v=TojOt9k3d0c,2025-06-24,2026-07-14,L2,3,,"THE TOO-EXPENSIVE SCRIPT, which the corpus lacks despite being rich on pricing and objections: 'I'M SORRY. I THINK I MISJUDGED THE PROBLEM WE'RE TRYING TO SOLVE. I thought we were trying to solve a really big problem that had an impact on your business…' The move relocates the disagreement to the PROBLEM (not the price), and takes the error onto himself so the client can correct upward. ⚠️ Truncated before completion; no ending inferred. Pairs with 'they don't feel the pain' (2025-11-24) as its operational form."
yt-VxLzSsQM-NQ,short,How to Get Your Wildest Ideas Approved Fast!,@thefutur,https://www.youtube.com/watch?v=VxLzSsQM-NQ,2025-06-20,2026-07-14,skipped,3,,"dup-of:corpus — ✅ THE CHECK RESOLVED IT AGAIN. On a full read this is the ACCLIMATION method, which is covered (6 pages), illustrated with the SUSHI analogy, also covered (8 pages). The only unmatched phrasing is 'think of it like a SIX-COURSE MEAL' — a restatement of the same idea, not a new one. ⚠️ Two components are worth a synthesis look even though the row is a dup: 'get them to COMMIT TO THE BOLD STATEMENT… I'm going to use that against them in a little bit' + 'are you committed to this BEFORE I do [the work]?' — check against the existing commitment-trap material."
yt-ET6eKO4nY5U,short,Talk Money or Stay Broke!,@thefutur,https://www.youtube.com/watch?v=ET6eKO4nY5U,2025-06-18,2026-07-14,skipped,3,,dup-of:corpus — 'be comfortable talking about money' — covered by the money-avoidance/self-worth material (2025-06-12) and the budget-upfront script.
yt-u_Z_ZoDroe8,short,How to pitch a business idea 💡,@thefutur,https://www.youtube.com/watch?v=u_Z_ZoDroe8,2025-06-16,2026-07-14,skipped,3,,"dup-of:corpus — pitch basics ('they don't know anything about you, be super clear') — covered by the presentation/framing material (2017-06-08, the pre-framing script)."
yt-YkhN94U6MVE,short,Business Books for Entrepreneurs #businessgrowth #businessbooks,@thefutur,https://www.youtube.com/watch?v=YkhN94U6MVE,2025-05-18,2026-07-14,L2,3,,"SECOND PROVENANCE READING LIST. No new names; three new CHARACTERISATIONS. ⚠️ JIM ROHN — 'THE GODFATHER OF COACHES… has been THE MENTOR FOR EVERYBODY YOU LOOK UP TO TODAY… his most notable mentee is ANTHONY ROBBINS' (a lineage claim about others, recorded as his characterisation). ⚠️ MICHAEL BUNGAY STANIER upgraded from a single opener to a STRUCTURAL source: 'asking great questions, BEING SLOWER TO ANSWER, and STAYING CURIOUS A LITTLE BIT LONGER… it overlaps with how you do sales.' ⚠️ BLAIR ENNS — a SIXTH dated attestation, and the first classifying the book as POSITIONING, not sales ('no surprise to anybody who's been following me')."
yt-Vfzqje8uWpU,short,Don’t compete with AI. Do this instead 🧠,@thefutur,https://www.youtube.com/watch?v=Vfzqje8uWpU,2025-05-12,2026-07-14,skipped,3,,dup-of:corpus — 'don't compete with a machine… be in the business of asking really great questions and having great taste' — covered by the taste-as-moat material and the 2026-05-09 'educated my palate' page.
yt-YGIVaGvCA4c,short,My best sales tactic,@thefutur,https://www.youtube.com/watch?v=YGIVaGvCA4c,2025-04-26,2026-07-14,skipped,3,,"dup-of:corpus — 'whoever wants it more has less leverage' — covered on 5 pages, with the mechanism."
yt-P54e3H1SCLo,short,Pricing is positioning! #pricingyourwork #businessgrowth,@thefutur,https://www.youtube.com/watch?v=P54e3H1SCLo,2025-04-19,2026-07-14,skipped,3,,dup-of:corpus — 'pricing is positioning' (the more expensive thing is assumed better) — covered on 5 pages.
yt-WMiU859RteY,short,Make $120K per year as a creative!,@thefutur,https://www.youtube.com/watch?v=WMiU859RteY,NA,2026-07-14,skipped,3,,MEMBERS-ONLY video (base membership). Paywalled behind channel membership; cannot be ingested.
yt-I-HiechpybE,short,2 Essentials To ACTUALLY Grow Your Personal Brand #personalbrand #creatoreconomy,@thefutur,https://www.youtube.com/watch?v=I-HiechpybE,2025-01-24,2026-07-14,skipped,3,,dup-of:corpus — 'show up as you in all your glory' — covered by the you-to-the-power-of-you and authenticity material.
yt-_nsuj1sn-hU,short,Marketing EXPERT Shares Secret to Attracting Business Fast! (Full Episode Out),@thefutur,https://www.youtube.com/watch?v=_nsuj1sn-hU,2025-01-22,2026-07-14,skipped,3,,dup-of:corpus — '130 million views… what does a great marketer even mean' — the channel-numbers claim is covered by the Dubai figures on entities/the-futur; no new doctrine.
yt-f5T0HQ9Cmz0,short,Keep it simple stupid “KISS”,@thefutur,https://www.youtube.com/watch?v=f5T0HQ9Cmz0,2025-01-17,2026-07-14,skipped,3,,dup-of:corpus — 'keep it simple stupid' / using too many words without precision — covered by the clarity and say-less material in the storytelling hub.
yt-Fr4CDWGRsSs,short,The Secret Sauce To Living Your Dream Life!,@thefutur,https://www.youtube.com/watch?v=Fr4CDWGRsSs,2025-01-15,2026-07-14,skipped,3,,dup-of:corpus — 'everyone has a personal success system' + a coach-count growth claim — covered by the mindset/system material; the growth figure is an in-passing self-report.
yt-Qn4ws_UiVbs,short,Are you blending in?  #personalbranding #personalbrand,@thefutur,https://www.youtube.com/watch?v=Qn4ws_UiVbs,2025-01-14,2026-07-14,skipped,3,,"dup-of:corpus — ✅ VERIFIED BY DIRECT READ, as the hold instructed. wiki/topics/branding/authenticity-gap.md contains SIX mentions of Jung plus 'Jungian', 'ego' and 'shadow'. The zero-match grep was BROKEN, not the corpus. The Jungian ego/shadow framing applied to 'blending into being average' is already grounded there."
yt-ZnaUhtFiDG0,short,Want to get better clients? #businessgrowth #biztips,@thefutur,https://www.youtube.com/watch?v=ZnaUhtFiDG0,2025-01-10,2026-07-14,skipped,3,,"dup-of:corpus — 'know what you do, who you do it for, and why it matters' — covered by the positioning/ICP material."
yt-D2LsO9iMSF4,short,You Won't Believe the Power of FACELESS CONTENT on YouTube,@thefutur,https://www.youtube.com/watch?v=D2LsO9iMSF4,2025-01-08,2026-07-14,skipped,3,,"dup-of:corpus — faceless content and a 900k-view example — ⚠️ covered, and the corpus already carries his sharper line on it (2025-06-05: 'three million followers and no one knows who you are')."
yt-Vdi_xEJVqnQ,short,Your Niche is Simple…,@thefutur,https://www.youtube.com/watch?v=Vdi_xEJVqnQ,2025-01-06,2026-07-14,skipped,3,,"dup-of:corpus — 'if you think you've niched enough, you haven't' — covered by the market-one-thing and niching material."
yt-dLLRRf1iLgw,short,How Much Can You Really Charge?  #howtochargemore #businesscoach,@thefutur,https://www.youtube.com/watch?v=dLLRRf1iLgw,2025-01-05,2026-07-14,skipped,3,,dup-of:corpus — 'the maximum you can charge is limitless — only limited by the value you can generate' — covered ('limited by the value' on 6 pages).
yt-Eh9EYhe2GjM,short,Let’s Talk MrBeast #youtubestrategy #youtubesuccess #creatoreconomy,@thefutur,https://www.youtube.com/watch?v=Eh9EYhe2GjM,2025-01-02,2026-07-14,skipped,3,,dup-of:corpus — a MrBeast conversation recounted — ⚠️ frames a third party's practice; covered by the existing YouTube-playbook material and adds no Chris claim.
yt-c-kEgXDaXyg,short,STOP Chasing Money - It’s Why You’re STUCK!,@thefutur,https://www.youtube.com/watch?v=c-kEgXDaXyg,2025-01-01,2026-07-14,skipped,3,,dup-of:corpus — 'money is not what you really want' — covered by the money-as-a-means and ikigai/meaning material.
yt-tRfzcfZbm8E,short,What's Behind Michael Angelo's Astonishing Financial Success? - FULL VIDEO OUT!,@thefutur,https://www.youtube.com/watch?v=tRfzcfZbm8E,2025-01-01,2026-07-14,skipped,3,,"SKIPPED: ⚠️ GUEST BIOGRAPHY — 'I was working 50 hours a week, I was like a GLORIFIED SECRETARY' is the guest's account of his own career (the short is titled for him), not Chris's. No Chris claim; skipped as guest material rather than dup."
yt-eMs5SIdH0tA,short,How to Grow on YouTube! #youtubetips #youtubegrowth,@thefutur,https://www.youtube.com/watch?v=eMs5SIdH0tA,2024-12-25,2026-07-14,skipped,3,,dup-of:corpus — 'three rules of YouTube… if they don't click they don't watch… did you make the title and thumbnail BEFORE the video?' — covered ('title and thumbnail' on 4 pages; the rule set on 1).
yt-f7b4uowbCOU,short,You’re building your brand wrong 😑  #personalbranding #personalbrand,@thefutur,https://www.youtube.com/watch?v=f7b4uowbCOU,2024-12-24,2026-07-14,skipped,3,,"dup-of:corpus — personal brands that describe what you do become 'more of the same, super noisy' — covered by the differentiation/market-of-one material."
yt-MUl3-P41PwQ,short,BE CAREFUL Who You Seek Advice From #communication #advice #criticism,@thefutur,https://www.youtube.com/watch?v=MUl3-P41PwQ,2024-12-21,2026-07-14,skipped,3,,dup-of:corpus — be careful whose opinion you seek — 'people who can give you money' — covered (the advice-source filter appears in the corpus).
yt-hM0Qdt2P6qE,short,What’s experts do that amateurs don’t? #businessgrowth,@thefutur,https://www.youtube.com/watch?v=hM0Qdt2P6qE,2024-12-15,2026-07-14,skipped,3,,"dup-of:corpus — Oct–Dec 2024 shorts batch (20), phrase-checked from the repo root with correct syntax. Every distinctive formulation matched existing corpus material: '$13 in my bank account' (1), 'no enemy within' (3), 'seek constructive criticism' (1), 'sell IN your content' (3), 'three options' (12), '$140,000' (2). No new claim in any of the 20. See the saturation finding in log.md for 2026-07-28 batch 235."
yt-0V_buYiiAVM,short,How to sell on social media 💸💻,@thefutur,https://www.youtube.com/watch?v=0V_buYiiAVM,2024-12-12,2026-07-14,skipped,3,,"dup-of:corpus — Oct–Dec 2024 shorts batch (20), phrase-checked from the repo root with correct syntax. Every distinctive formulation matched existing corpus material: '$13 in my bank account' (1), 'no enemy within' (3), 'seek constructive criticism' (1), 'sell IN your content' (3), 'three options' (12), '$140,000' (2). No new claim in any of the 20. See the saturation finding in log.md for 2026-07-28 batch 235."
yt-C3Vb5SRPNhw,short,Why You Always Feel Like You're Not Enough #mindsetshift #personaldevelopment,@thefutur,https://www.youtube.com/watch?v=C3Vb5SRPNhw,2024-12-10,2026-07-14,skipped,3,,"dup-of:corpus — Oct–Dec 2024 shorts batch (20), phrase-checked from the repo root with correct syntax. Every distinctive formulation matched existing corpus material: '$13 in my bank account' (1), 'no enemy within' (3), 'seek constructive criticism' (1), 'sell IN your content' (3), 'three options' (12), '$140,000' (2). No new claim in any of the 20. See the saturation finding in log.md for 2026-07-28 batch 235."
yt-EeM5EsZkwo4,short,Following YOUR Passion ❤️,@thefutur,https://www.youtube.com/watch?v=EeM5EsZkwo4,2024-12-07,2026-07-14,skipped,3,,"dup-of:corpus — Oct–Dec 2024 shorts batch (20), phrase-checked from the repo root with correct syntax. Every distinctive formulation matched existing corpus material: '$13 in my bank account' (1), 'no enemy within' (3), 'seek constructive criticism' (1), 'sell IN your content' (3), 'three options' (12), '$140,000' (2). No new claim in any of the 20. See the saturation finding in log.md for 2026-07-28 batch 235."
yt-3awcOJvGmus,short,Are you going deep enough?,@thefutur,https://www.youtube.com/watch?v=3awcOJvGmus,2024-12-06,2026-07-14,skipped,3,,"dup-of:corpus — Oct–Dec 2024 shorts batch (20), phrase-checked from the repo root with correct syntax. Every distinctive formulation matched existing corpus material: '$13 in my bank account' (1), 'no enemy within' (3), 'seek constructive criticism' (1), 'sell IN your content' (3), 'three options' (12), '$140,000' (2). No new claim in any of the 20. See the saturation finding in log.md for 2026-07-28 batch 235."
yt-QxHnmYEkAxE,short,Formats VS Trends for Going Viral,@thefutur,https://www.youtube.com/watch?v=QxHnmYEkAxE,2024-11-30,2026-07-14,skipped,3,,"dup-of:corpus — Oct–Dec 2024 shorts batch (20), phrase-checked from the repo root with correct syntax. Every distinctive formulation matched existing corpus material: '$13 in my bank account' (1), 'no enemy within' (3), 'seek constructive criticism' (1), 'sell IN your content' (3), 'three options' (12), '$140,000' (2). No new claim in any of the 20. See the saturation finding in log.md for 2026-07-28 batch 235."
yt-rUeq1gTO7Hk,short,Are you able to stop the scroll?,@thefutur,https://www.youtube.com/watch?v=rUeq1gTO7Hk,2024-11-26,2026-07-14,skipped,3,,"dup-of:corpus — Oct–Dec 2024 shorts batch (20), phrase-checked from the repo root with correct syntax. Every distinctive formulation matched existing corpus material: '$13 in my bank account' (1), 'no enemy within' (3), 'seek constructive criticism' (1), 'sell IN your content' (3), 'three options' (12), '$140,000' (2). No new claim in any of the 20. See the saturation finding in log.md for 2026-07-28 batch 235."
yt-Zwpm4wCg3Rg,short,Should you change your logo? #logodesign #logodesigner #rebranded,@thefutur,https://www.youtube.com/watch?v=Zwpm4wCg3Rg,2024-11-23,2026-07-14,skipped,3,,"dup-of:corpus — Oct–Dec 2024 shorts batch (20), phrase-checked from the repo root with correct syntax. Every distinctive formulation matched existing corpus material: '$13 in my bank account' (1), 'no enemy within' (3), 'seek constructive criticism' (1), 'sell IN your content' (3), 'three options' (12), '$140,000' (2). No new claim in any of the 20. See the saturation finding in log.md for 2026-07-28 batch 235."
yt-Uiea_Ub5Bgk,short,Designers VS AI,@thefutur,https://www.youtube.com/watch?v=Uiea_Ub5Bgk,2024-11-22,2026-07-14,skipped,3,,"dup-of:corpus — Oct–Dec 2024 shorts batch (20), phrase-checked from the repo root with correct syntax. Every distinctive formulation matched existing corpus material: '$13 in my bank account' (1), 'no enemy within' (3), 'seek constructive criticism' (1), 'sell IN your content' (3), 'three options' (12), '$140,000' (2). No new claim in any of the 20. See the saturation finding in log.md for 2026-07-28 batch 235."
yt-pL4xQx_giXU,short,Why Is Nobody Watching Your Videos?,@thefutur,https://www.youtube.com/watch?v=pL4xQx_giXU,2024-11-22,2026-07-14,skipped,3,,"dup-of:corpus — Oct–Dec 2024 shorts batch (20), phrase-checked from the repo root with correct syntax. Every distinctive formulation matched existing corpus material: '$13 in my bank account' (1), 'no enemy within' (3), 'seek constructive criticism' (1), 'sell IN your content' (3), 'three options' (12), '$140,000' (2). No new claim in any of the 20. See the saturation finding in log.md for 2026-07-28 batch 235."
yt-7x7Tsxc1E1k,short,From Stuck to Scaling on Social Media #mindsetshift #socialmediatips,@thefutur,https://www.youtube.com/watch?v=7x7Tsxc1E1k,2024-11-17,2026-07-14,skipped,3,,"dup-of:corpus — Oct–Dec 2024 shorts batch (20), phrase-checked from the repo root with correct syntax. Every distinctive formulation matched existing corpus material: '$13 in my bank account' (1), 'no enemy within' (3), 'seek constructive criticism' (1), 'sell IN your content' (3), 'three options' (12), '$140,000' (2). No new claim in any of the 20. See the saturation finding in log.md for 2026-07-28 batch 235."
yt-fQYgP8XOC2s,short,WHY YOUR CONTENT FAILS! 🥴,@thefutur,https://www.youtube.com/watch?v=fQYgP8XOC2s,2024-11-15,2026-07-14,skipped,3,,"dup-of:corpus — Oct–Dec 2024 shorts batch (20), phrase-checked from the repo root with correct syntax. Every distinctive formulation matched existing corpus material: '$13 in my bank account' (1), 'no enemy within' (3), 'seek constructive criticism' (1), 'sell IN your content' (3), 'three options' (12), '$140,000' (2). No new claim in any of the 20. See the saturation finding in log.md for 2026-07-28 batch 235."
yt-pjGOQWgBLok,short,You NEED this creative skill! #creatoreconomy,@thefutur,https://www.youtube.com/watch?v=pjGOQWgBLok,2024-11-12,2026-07-14,skipped,3,,"dup-of:corpus — Oct–Dec 2024 shorts batch (20), phrase-checked from the repo root with correct syntax. Every distinctive formulation matched existing corpus material: '$13 in my bank account' (1), 'no enemy within' (3), 'seek constructive criticism' (1), 'sell IN your content' (3), 'three options' (12), '$140,000' (2). No new claim in any of the 20. See the saturation finding in log.md for 2026-07-28 batch 235."
yt-unAjgq6RHyo,short,Why Creators are getting PAID! 🤑,@thefutur,https://www.youtube.com/watch?v=unAjgq6RHyo,2024-11-07,2026-07-14,skipped,3,,"dup-of:corpus — Oct–Dec 2024 shorts batch (20), phrase-checked from the repo root with correct syntax. Every distinctive formulation matched existing corpus material: '$13 in my bank account' (1), 'no enemy within' (3), 'seek constructive criticism' (1), 'sell IN your content' (3), 'three options' (12), '$140,000' (2). No new claim in any of the 20. See the saturation finding in log.md for 2026-07-28 batch 235."
yt-Y5X0mo1EJnY,short,"Turning Passion, Into Profit 💸 #podcast #creatoreconomy",@thefutur,https://www.youtube.com/watch?v=Y5X0mo1EJnY,2024-11-07,2026-07-14,skipped,3,,"dup-of:corpus — Oct–Dec 2024 shorts batch (20), phrase-checked from the repo root with correct syntax. Every distinctive formulation matched existing corpus material: '$13 in my bank account' (1), 'no enemy within' (3), 'seek constructive criticism' (1), 'sell IN your content' (3), 'three options' (12), '$140,000' (2). No new claim in any of the 20. See the saturation finding in log.md for 2026-07-28 batch 235."
yt-ja0TbFsddrU,short,Beware Of The Enemy WITHIN!,@thefutur,https://www.youtube.com/watch?v=ja0TbFsddrU,2024-11-06,2026-07-14,skipped,3,,"dup-of:corpus — Oct–Dec 2024 shorts batch (20), phrase-checked from the repo root with correct syntax. Every distinctive formulation matched existing corpus material: '$13 in my bank account' (1), 'no enemy within' (3), 'seek constructive criticism' (1), 'sell IN your content' (3), 'three options' (12), '$140,000' (2). No new claim in any of the 20. See the saturation finding in log.md for 2026-07-28 batch 235."
yt-klRkaGE-tAM,short,Remember this on your next sales call ☎️ 💸 #salestraining #salescall,@thefutur,https://www.youtube.com/watch?v=klRkaGE-tAM,2024-11-05,2026-07-14,skipped,3,,"dup-of:corpus — Oct–Dec 2024 shorts batch (20), phrase-checked from the repo root with correct syntax. Every distinctive formulation matched existing corpus material: '$13 in my bank account' (1), 'no enemy within' (3), 'seek constructive criticism' (1), 'sell IN your content' (3), 'three options' (12), '$140,000' (2). No new claim in any of the 20. See the saturation finding in log.md for 2026-07-28 batch 235."
yt-KA3dsWJjQB0,short,Are you afraid of failure?,@thefutur,https://www.youtube.com/watch?v=KA3dsWJjQB0,2024-11-02,2026-07-14,skipped,3,,"dup-of:corpus — Oct–Dec 2024 shorts batch (20), phrase-checked from the repo root with correct syntax. Every distinctive formulation matched existing corpus material: '$13 in my bank account' (1), 'no enemy within' (3), 'seek constructive criticism' (1), 'sell IN your content' (3), 'three options' (12), '$140,000' (2). No new claim in any of the 20. See the saturation finding in log.md for 2026-07-28 batch 235."
yt-u2QwMoj14zs,short,Why Your Personal Brand Doesn't Work!,@thefutur,https://www.youtube.com/watch?v=u2QwMoj14zs,2024-11-01,2026-07-14,skipped,3,,"dup-of:corpus — Oct–Dec 2024 shorts batch (20), phrase-checked from the repo root with correct syntax. Every distinctive formulation matched existing corpus material: '$13 in my bank account' (1), 'no enemy within' (3), 'seek constructive criticism' (1), 'sell IN your content' (3), 'three options' (12), '$140,000' (2). No new claim in any of the 20. See the saturation finding in log.md for 2026-07-28 batch 235."
yt-rFjjyzUiWXQ,short,Effective Networking! #networking,@thefutur,https://www.youtube.com/watch?v=rFjjyzUiWXQ,2024-10-30,2026-07-14,skipped,3,,"dup-of:corpus — Oct–Dec 2024 shorts batch (20), phrase-checked from the repo root with correct syntax. Every distinctive formulation matched existing corpus material: '$13 in my bank account' (1), 'no enemy within' (3), 'seek constructive criticism' (1), 'sell IN your content' (3), 'three options' (12), '$140,000' (2). No new claim in any of the 20. See the saturation finding in log.md for 2026-07-28 batch 235."
yt-XowXa1qTZD8,short,STOP 🛑 CHASING CLIENTS,@thefutur,https://www.youtube.com/watch?v=XowXa1qTZD8,2024-10-20,2026-07-14,skipped,3,,"dup-of:corpus — Sep–Oct 2024 shorts batch, phrase-checked SEMANTICALLY from the repo root. All concepts covered: social proof as CV -> 'social media is the new résumé' (3); character/want/obstacle (4); going past the sale (4); authenticity when no one's watching (4); value-based pricing (heavily covered); the three buyer questions (1); self-worth after repeated no's (covered)."
yt-HF__2yrb6y8,short,Struggling to find high-end clients?,@thefutur,https://www.youtube.com/watch?v=HF__2yrb6y8,2024-10-19,2026-07-14,skipped,3,,"dup-of:corpus — Sep–Oct 2024 shorts batch, phrase-checked SEMANTICALLY from the repo root. All concepts covered: social proof as CV -> 'social media is the new résumé' (3); character/want/obstacle (4); going past the sale (4); authenticity when no one's watching (4); value-based pricing (heavily covered); the three buyer questions (1); self-worth after repeated no's (covered)."
yt-ioqmIYbDJQ4,short,Show up as YOUR real self! #personalbrand #personalbranding,@thefutur,https://www.youtube.com/watch?v=ioqmIYbDJQ4,2024-10-02,2026-07-14,skipped,3,,"dup-of:corpus — Sep–Oct 2024 shorts batch, phrase-checked SEMANTICALLY from the repo root. All concepts covered: social proof as CV -> 'social media is the new résumé' (3); character/want/obstacle (4); going past the sale (4); authenticity when no one's watching (4); value-based pricing (heavily covered); the three buyer questions (1); self-worth after repeated no's (covered)."
yt-4P4VDBSIrPw,short,"Ask Less, Give More! #personalbranding",@thefutur,https://www.youtube.com/watch?v=4P4VDBSIrPw,2024-10-01,2026-07-14,L1,3,sales-clients;mindset,"⚠️ LINT 2026-07-28: ledger said L2 and youtube-index.md line 14 links 2024-10-01-yt-4P4VDBSIrPw.md, but THE FILE DOES NOT EXIST. Content survived via topics/sales-clients 123 (widen the gap between give and ask). Reset to L1 - the source page must be rewritten from raw."
yt-Sgk1GhNjxOE,short,How to find new clients!,@thefutur,https://www.youtube.com/watch?v=Sgk1GhNjxOE,2024-09-26,2026-07-14,skipped,3,,"dup-of:corpus — Sep–Oct 2024 shorts batch, phrase-checked SEMANTICALLY from the repo root. All concepts covered: social proof as CV -> 'social media is the new résumé' (3); character/want/obstacle (4); going past the sale (4); authenticity when no one's watching (4); value-based pricing (heavily covered); the three buyer questions (1); self-worth after repeated no's (covered)."
yt-Knypy2p1yU0,short,Don’t make this false connection,@thefutur,https://www.youtube.com/watch?v=Knypy2p1yU0,2024-09-25,2026-07-14,skipped,3,,"dup-of:corpus — Sep–Oct 2024 shorts batch, phrase-checked SEMANTICALLY from the repo root. All concepts covered: social proof as CV -> 'social media is the new résumé' (3); character/want/obstacle (4); going past the sale (4); authenticity when no one's watching (4); value-based pricing (heavily covered); the three buyer questions (1); self-worth after repeated no's (covered)."
yt-ZuS9wHY0ngg,short,Don’t fall into these sales mistakes! #salestraining #salestips,@thefutur,https://www.youtube.com/watch?v=ZuS9wHY0ngg,2024-09-24,2026-07-14,skipped,3,,"dup-of:corpus — Sep–Oct 2024 shorts batch, phrase-checked SEMANTICALLY from the repo root. All concepts covered: social proof as CV -> 'social media is the new résumé' (3); character/want/obstacle (4); going past the sale (4); authenticity when no one's watching (4); value-based pricing (heavily covered); the three buyer questions (1); self-worth after repeated no's (covered)."
yt-dBw9QEcXAMA,short,Are YOU pricing your services wrong? #pricingstrategy #graphicdesigners #graphicdesign,@thefutur,https://www.youtube.com/watch?v=dBw9QEcXAMA,2024-09-23,2026-07-14,skipped,3,,"dup-of:corpus — Sep–Oct 2024 shorts batch, phrase-checked SEMANTICALLY from the repo root. All concepts covered: social proof as CV -> 'social media is the new résumé' (3); character/want/obstacle (4); going past the sale (4); authenticity when no one's watching (4); value-based pricing (heavily covered); the three buyer questions (1); self-worth after repeated no's (covered)."
yt-XfE-9UyG2Lo,short,Would you share your own content? #podcast #creativepodcast,@thefutur,https://www.youtube.com/watch?v=XfE-9UyG2Lo,2024-09-21,2026-07-14,skipped,3,,"dup-of:corpus — Sep–Oct 2024 shorts batch, phrase-checked SEMANTICALLY from the repo root. All concepts covered: social proof as CV -> 'social media is the new résumé' (3); character/want/obstacle (4); going past the sale (4); authenticity when no one's watching (4); value-based pricing (heavily covered); the three buyer questions (1); self-worth after repeated no's (covered)."
yt-LaJVIr4XLVY,short,When the client says “that’s too expensive” #pricingstrategy #graphicdesigners,@thefutur,https://www.youtube.com/watch?v=LaJVIr4XLVY,2024-09-16,2026-07-14,skipped,3,,"dup-of:yt-TojOt9k3d0c — ⚠️ A SECOND CONFIRMED RE-UPLOAD PAIR. Identical 'that's too expensive -> I misjudged the problem we're trying to solve' content, ingested from the 2025-06-24 upload. Two IDs, ten months apart. Reinforces that the channel re-uploads cuts and that CORPUS-level phrase matching is the correct rail, not ID-level parent matching."
yt-9nK9mRPtW_4,short,3 Questions to Answer to Close More Deals #salestraining #salestips,@thefutur,https://www.youtube.com/watch?v=9nK9mRPtW_4,2024-09-14,2026-07-14,skipped,3,,"dup-of:corpus — Sep–Oct 2024 shorts batch, phrase-checked SEMANTICALLY from the repo root. All concepts covered: social proof as CV -> 'social media is the new résumé' (3); character/want/obstacle (4); going past the sale (4); authenticity when no one's watching (4); value-based pricing (heavily covered); the three buyer questions (1); self-worth after repeated no's (covered)."
yt-Gwt4CGC-26k,short,Showing up as your authentic self!,@thefutur,https://www.youtube.com/watch?v=Gwt4CGC-26k,2024-09-13,2026-07-14,skipped,3,,"dup-of:corpus — Sep–Oct 2024 shorts batch, phrase-checked SEMANTICALLY from the repo root. All concepts covered: social proof as CV -> 'social media is the new résumé' (3); character/want/obstacle (4); going past the sale (4); authenticity when no one's watching (4); value-based pricing (heavily covered); the three buyer questions (1); self-worth after repeated no's (covered)."
yt-WkseSU3aMz8,short,Create Stories For Your Brand,@thefutur,https://www.youtube.com/watch?v=WkseSU3aMz8,2024-09-09,2026-07-14,skipped,3,,"dup-of:corpus — Sep–Oct 2024 shorts batch, phrase-checked SEMANTICALLY from the repo root. All concepts covered: social proof as CV -> 'social media is the new résumé' (3); character/want/obstacle (4); going past the sale (4); authenticity when no one's watching (4); value-based pricing (heavily covered); the three buyer questions (1); self-worth after repeated no's (covered)."
yt-_1ZNWfiWpwU,short,The Art of Storytelling #branding #storytelling #storyteller,@thefutur,https://www.youtube.com/watch?v=_1ZNWfiWpwU,2024-09-08,2026-07-14,skipped,3,,"dup-of:corpus — Sep–Oct 2024 shorts batch, phrase-checked SEMANTICALLY from the repo root. All concepts covered: social proof as CV -> 'social media is the new résumé' (3); character/want/obstacle (4); going past the sale (4); authenticity when no one's watching (4); value-based pricing (heavily covered); the three buyer questions (1); self-worth after repeated no's (covered)."
yt-Zd1khPO_q4Q,short,Why Your Resume Doesn’t Matter!,@thefutur,https://www.youtube.com/watch?v=Zd1khPO_q4Q,2024-09-05,2026-07-14,skipped,3,,"dup-of:corpus — Sep–Oct 2024 shorts batch, phrase-checked SEMANTICALLY from the repo root. All concepts covered: social proof as CV -> 'social media is the new résumé' (3); character/want/obstacle (4); going past the sale (4); authenticity when no one's watching (4); value-based pricing (heavily covered); the three buyer questions (1); self-worth after repeated no's (covered)."
yt-qn3ySnG0IZY,short,Are you really listening?,@thefutur,https://www.youtube.com/watch?v=qn3ySnG0IZY,2024-08-30,2026-07-14,skipped,3,,"dup-of:corpus — 25-short batch, checked by CONCEPT after six literal-phrase zeros proved misleading. All concepts well covered: referrals (7), character/want/obstacle (4), the authenticity gap (6), tone of voice (4), empathy (10), story structure (3). No new claim."
yt-yEhSVEEjzoE,short,Are you doing sales the right way?,@thefutur,https://www.youtube.com/watch?v=yEhSVEEjzoE,2024-08-28,2026-07-14,skipped,3,,"dup-of:corpus — 25-short batch, checked by CONCEPT after six literal-phrase zeros proved misleading. All concepts well covered: referrals (7), character/want/obstacle (4), the authenticity gap (6), tone of voice (4), empathy (10), story structure (3). No new claim."
yt-aNVvK5mqrzA,short,Best Graphic Design Books?,@thefutur,https://www.youtube.com/watch?v=aNVvK5mqrzA,2024-08-26,2026-07-14,skipped,3,,"dup-of:corpus — 25-short batch, checked by CONCEPT after six literal-phrase zeros proved misleading. All concepts well covered: referrals (7), character/want/obstacle (4), the authenticity gap (6), tone of voice (4), empathy (10), story structure (3). No new claim."
yt-JPxyAMSdPGE,short,How to create demand for your products,@thefutur,https://www.youtube.com/watch?v=JPxyAMSdPGE,2024-08-21,2026-07-14,skipped,3,,"dup-of:corpus — 25-short batch, checked by CONCEPT after six literal-phrase zeros proved misleading. All concepts well covered: referrals (7), character/want/obstacle (4), the authenticity gap (6), tone of voice (4), empathy (10), story structure (3). No new claim."
yt-mr3qLIPVHkk,short,What if your “perfect” solution is the problem? #creativebiz #businessdevelopment #salestraining,@thefutur,https://www.youtube.com/watch?v=mr3qLIPVHkk,2024-08-17,2026-07-14,skipped,3,,"dup-of:corpus — 25-short batch, checked by CONCEPT after six literal-phrase zeros proved misleading. All concepts well covered: referrals (7), character/want/obstacle (4), the authenticity gap (6), tone of voice (4), empathy (10), story structure (3). No new claim."
yt-NdB1XarAofM,short,What does authenticity really look like? #personalbranding,@thefutur,https://www.youtube.com/watch?v=NdB1XarAofM,2024-08-17,2026-07-14,skipped,3,,"dup-of:corpus — 25-short batch, checked by CONCEPT after six literal-phrase zeros proved misleading. All concepts well covered: referrals (7), character/want/obstacle (4), the authenticity gap (6), tone of voice (4), empathy (10), story structure (3). No new claim."
yt-UqgUOTzjexo,short,Unlocking Sales Success,@thefutur,https://www.youtube.com/watch?v=UqgUOTzjexo,2024-08-15,2026-07-14,skipped,3,,"dup-of:corpus — 25-short batch, checked by CONCEPT after six literal-phrase zeros proved misleading. All concepts well covered: referrals (7), character/want/obstacle (4), the authenticity gap (6), tone of voice (4), empathy (10), story structure (3). No new claim."
yt-93vGckACy3M,short,How to Respond to Client Feedback,@thefutur,https://www.youtube.com/watch?v=93vGckACy3M,2024-08-05,2026-07-14,skipped,3,,"dup-of:corpus — 25-short batch, checked by CONCEPT after six literal-phrase zeros proved misleading. All concepts well covered: referrals (7), character/want/obstacle (4), the authenticity gap (6), tone of voice (4), empathy (10), story structure (3). No new claim."
yt-DkXd-f7FohY,short,Trust vs. Love. The Real Test,@thefutur,https://www.youtube.com/watch?v=DkXd-f7FohY,2024-08-03,2026-07-14,skipped,3,,"dup-of:corpus — 25-short batch, checked by CONCEPT after six literal-phrase zeros proved misleading. All concepts well covered: referrals (7), character/want/obstacle (4), the authenticity gap (6), tone of voice (4), empathy (10), story structure (3). No new claim."
yt-gUlQucKdAvM,short,It’s not what you say!,@thefutur,https://www.youtube.com/watch?v=gUlQucKdAvM,2024-08-02,2026-07-14,skipped,3,,"dup-of:corpus — 25-short batch, checked by CONCEPT after six literal-phrase zeros proved misleading. All concepts well covered: referrals (7), character/want/obstacle (4), the authenticity gap (6), tone of voice (4), empathy (10), story structure (3). No new claim."
yt-3Fgc3gYulj4,short,"July 31, 2024",@thefutur,https://www.youtube.com/watch?v=3Fgc3gYulj4,2024-07-31,2026-07-14,skipped,3,,"dup-of:yt-YkhN94U6MVE — ⚠️ A THIRD CONFIRMED RE-UPLOAD PAIR. Identical 'three books on business' content, already ingested from the other upload (Jim Rohn / Michael Bungay Stanier / Blair Enns). Three confirmed pairs now; the channel routinely re-uploads cuts."
yt-kGdiVvwxixQ,short,Video Editors Stop Doing This! 👀,@thefutur,https://www.youtube.com/watch?v=kGdiVvwxixQ,2024-07-26,2026-07-14,skipped,3,,"dup-of:corpus — 25-short batch, checked by CONCEPT after six literal-phrase zeros proved misleading. All concepts well covered: referrals (7), character/want/obstacle (4), the authenticity gap (6), tone of voice (4), empathy (10), story structure (3). No new claim."
yt-r8595GINSos,short,Beat Content Burnout 🔥 #contentcreation #creatoreconomy,@thefutur,https://www.youtube.com/watch?v=r8595GINSos,2024-07-24,2026-07-14,skipped,3,,"dup-of:corpus — 25-short batch, checked by CONCEPT after six literal-phrase zeros proved misleading. All concepts well covered: referrals (7), character/want/obstacle (4), the authenticity gap (6), tone of voice (4), empathy (10), story structure (3). No new claim."
yt-4I7CO6G9ZrU,short,#1 Trait of Exceptional Creative Agencies,@thefutur,https://www.youtube.com/watch?v=4I7CO6G9ZrU,2024-07-22,2026-07-14,skipped,3,,"SKIPPED: guest-only. Opens 'we have this foundational belief at [agency]' — a guest describing their own firm's philosophy, not Chris. No Chris-attributed content."
yt-uoPq9nu-Kf4,short,How to Avoid Clickbait While Getting Views!,@thefutur,https://www.youtube.com/watch?v=uoPq9nu-Kf4,2024-07-21,2026-07-14,skipped,3,,"dup-of:corpus — 25-short batch, checked by CONCEPT after six literal-phrase zeros proved misleading. All concepts well covered: referrals (7), character/want/obstacle (4), the authenticity gap (6), tone of voice (4), empathy (10), story structure (3). No new claim."
yt-BbrtuM0K5J8,short,Stop holding back!,@thefutur,https://www.youtube.com/watch?v=BbrtuM0K5J8,2024-07-21,2026-07-14,skipped,3,,"dup-of:corpus — 25-short batch, checked by CONCEPT after six literal-phrase zeros proved misleading. All concepts well covered: referrals (7), character/want/obstacle (4), the authenticity gap (6), tone of voice (4), empathy (10), story structure (3). No new claim."
yt-OB4of6e0A6g,short,The Art of Storytelling,@thefutur,https://www.youtube.com/watch?v=OB4of6e0A6g,2024-07-20,2026-07-14,skipped,3,,"dup-of:corpus — 25-short batch, checked by CONCEPT after six literal-phrase zeros proved misleading. All concepts well covered: referrals (7), character/want/obstacle (4), the authenticity gap (6), tone of voice (4), empathy (10), story structure (3). No new claim."
yt-B3oGYuoi6eM,short,"Designers, STOP DOING THIS!",@thefutur,https://www.youtube.com/watch?v=B3oGYuoi6eM,2024-07-19,2026-07-14,skipped,3,,"dup-of:corpus — 25-short batch, checked by CONCEPT after six literal-phrase zeros proved misleading. All concepts well covered: referrals (7), character/want/obstacle (4), the authenticity gap (6), tone of voice (4), empathy (10), story structure (3). No new claim."
yt-NG6veQJQXdc,short,How to get referrals for your business #businessgrowth,@thefutur,https://www.youtube.com/watch?v=NG6veQJQXdc,2024-07-12,2026-07-14,skipped,3,,"dup-of:corpus — 25-short batch, checked by CONCEPT after six literal-phrase zeros proved misleading. All concepts well covered: referrals (7), character/want/obstacle (4), the authenticity gap (6), tone of voice (4), empathy (10), story structure (3). No new claim."
yt-VbAqAk0GROw,short,Shift Your Mindset Around This!,@thefutur,https://www.youtube.com/watch?v=VbAqAk0GROw,2024-07-07,2026-07-14,skipped,3,,"dup-of:corpus — 25-short batch, checked by CONCEPT after six literal-phrase zeros proved misleading. All concepts well covered: referrals (7), character/want/obstacle (4), the authenticity gap (6), tone of voice (4), empathy (10), story structure (3). No new claim."
yt-TTb0Z1Ee4tY,short,How to Start A Business!,@thefutur,https://www.youtube.com/watch?v=TTb0Z1Ee4tY,2024-07-03,2026-07-14,skipped,3,,"dup-of:corpus — 25-short batch, checked by CONCEPT after six literal-phrase zeros proved misleading. All concepts well covered: referrals (7), character/want/obstacle (4), the authenticity gap (6), tone of voice (4), empathy (10), story structure (3). No new claim."
yt-AaNYZ1-HYR8,short,What most creatives get wrong 😑,@thefutur,https://www.youtube.com/watch?v=AaNYZ1-HYR8,2024-06-30,2026-07-14,skipped,3,,"dup-of:corpus — 25-short batch, checked by CONCEPT after six literal-phrase zeros proved misleading. All concepts well covered: referrals (7), character/want/obstacle (4), the authenticity gap (6), tone of voice (4), empathy (10), story structure (3). No new claim."
yt-nM8JNojDcG4,short,Why You’re Not Getting Clients,@thefutur,https://www.youtube.com/watch?v=nM8JNojDcG4,2024-06-29,2026-07-14,skipped,3,,"dup-of:corpus — 25-short batch, checked by CONCEPT after six literal-phrase zeros proved misleading. All concepts well covered: referrals (7), character/want/obstacle (4), the authenticity gap (6), tone of voice (4), empathy (10), story structure (3). No new claim."
yt-i2R4GrrCZ7k,short,Avoid This MAJOR Mistake With Clients,@thefutur,https://www.youtube.com/watch?v=i2R4GrrCZ7k,2024-06-29,2026-07-14,skipped,3,,"dup-of:corpus — 25-short batch, checked by CONCEPT after six literal-phrase zeros proved misleading. All concepts well covered: referrals (7), character/want/obstacle (4), the authenticity gap (6), tone of voice (4), empathy (10), story structure (3). No new claim."
yt-FHOfRO39HHo,short,Difference Between An Amateur and A Pro,@thefutur,https://www.youtube.com/watch?v=FHOfRO39HHo,2024-06-28,2026-07-14,skipped,3,,"dup-of:corpus — 25-short batch, checked by CONCEPT after six literal-phrase zeros proved misleading. All concepts well covered: referrals (7), character/want/obstacle (4), the authenticity gap (6), tone of voice (4), empathy (10), story structure (3). No new claim."
yt-TvLVPQhDr_4,short,Master Creative Sales #salesprocess #businessgrowth #creativebusiness,@thefutur,https://www.youtube.com/watch?v=TvLVPQhDr_4,2024-06-27,2026-07-14,skipped,3,,dup-of:corpus (short; concept-checked batch 240)
yt-GgsKIE_pmqo,short,Simple Secret For Better Communication,@thefutur,https://www.youtube.com/watch?v=GgsKIE_pmqo,2024-06-27,2026-07-14,skipped,3,,dup-of:corpus (short; concept-checked batch 240)
yt-4Z2LBlfWJtM,short,Worst Thing People Do In Conversations,@thefutur,https://www.youtube.com/watch?v=4Z2LBlfWJtM,2024-06-21,2026-07-14,skipped,3,,dup-of:corpus (short; concept-checked batch 240)
yt-g_ybYifWIBI,short,Avoid Working With THESE Types of Clients,@thefutur,https://www.youtube.com/watch?v=g_ybYifWIBI,2024-06-18,2026-07-14,skipped,3,,dup-of:corpus (short; concept-checked batch 240)
yt-IJwZwf-_ws4,short,Why Most Graphic Designers Fail,@thefutur,https://www.youtube.com/watch?v=IJwZwf-_ws4,2024-06-16,2026-07-14,skipped,3,,dup-of:corpus (short; concept-checked batch 240)
yt-n1IxzdodeU8,short,Why Creative Work Is Less Valuable In 2024,@thefutur,https://www.youtube.com/watch?v=n1IxzdodeU8,2024-06-11,2026-07-14,skipped,3,,dup-of:corpus (short; concept-checked batch 240)
yt-AmbqqnEJNZo,short,Overcoming Impostor Syndrome,@thefutur,https://www.youtube.com/watch?v=AmbqqnEJNZo,2024-06-08,2026-07-14,skipped,3,,dup-of:corpus (short; concept-checked batch 240)
yt-cRtZv7GHnK4,short,Why Clients Dislike What You Deliver,@thefutur,https://www.youtube.com/watch?v=cRtZv7GHnK4,2024-06-07,2026-07-14,skipped,3,,dup-of:corpus (short; concept-checked batch 240)
yt-WZM9ta5MsGA,short,Do YOU Believe in What You're Selling?,@thefutur,https://www.youtube.com/watch?v=WZM9ta5MsGA,2024-06-05,2026-07-14,skipped,3,,dup-of:corpus (short; concept-checked batch 240)
yt-Wvc8-L6DATY,short,Turning weakness into wins!,@thefutur,https://www.youtube.com/watch?v=Wvc8-L6DATY,2024-06-02,2026-07-14,skipped,3,,dup-of:corpus (short; concept-checked batch 240)
yt-uLFgrmAWtd4,short,Navigating Client Sales,@thefutur,https://www.youtube.com/watch?v=uLFgrmAWtd4,2024-05-24,2026-07-14,skipped,3,,dup-of:corpus (short; concept-checked batch 240)
yt-c2r1tWeqFCs,short,Manifest Your Reality #creativepodcast #podcasts,@thefutur,https://www.youtube.com/watch?v=c2r1tWeqFCs,2024-05-22,2026-07-14,skipped,3,,dup-of:corpus (short; concept-checked batch 240)
yt-Dt29qluQrqI,short,Easy LinkedIn Strategy! #podcast #linkedinstrategy #linkedinmarketing,@thefutur,https://www.youtube.com/watch?v=Dt29qluQrqI,2024-05-19,2026-07-14,skipped,3,,dup-of:corpus (short; concept-checked batch 240)
yt-t6NBky8eDsA,short,Creating a Personal Brand at Work,@thefutur,https://www.youtube.com/watch?v=t6NBky8eDsA,2024-05-18,2026-07-14,skipped,3,,dup-of:corpus (short; concept-checked batch 240)
yt-Nhpmg_T_REw,short,Maximum Corporate Branding #podcast #creatoreconomy,@thefutur,https://www.youtube.com/watch?v=Nhpmg_T_REw,2024-05-16,2026-07-14,skipped,3,,dup-of:corpus (short; concept-checked batch 240)
yt-TTTJRY6Copg,short,Speak Wisely 🗣️,@thefutur,https://www.youtube.com/watch?v=TTTJRY6Copg,2024-05-15,2026-07-14,skipped,3,,dup-of:corpus (short; concept-checked batch 240)
yt-4IRp7137lmg,short,Creating Value = 💸,@thefutur,https://www.youtube.com/watch?v=4IRp7137lmg,2024-05-13,2026-07-14,skipped,3,,dup-of:corpus (short; concept-checked batch 240)
yt-sZzRgnM188M,short,Risk & Reward #businessgrowth,@thefutur,https://www.youtube.com/watch?v=sZzRgnM188M,2024-05-11,2026-07-14,skipped,3,,dup-of:corpus (short; concept-checked batch 240)
yt-EuVKmQeBEP0,short,Ladypreneurs LISTEN UP!,@thefutur,https://www.youtube.com/watch?v=EuVKmQeBEP0,2024-05-11,2026-07-14,skipped,3,,dup-of:corpus (short; concept-checked batch 240)
yt-muRsWTm4Gpc,short,What makes a great logo?! #logodesign #logodesigner,@thefutur,https://www.youtube.com/watch?v=muRsWTm4Gpc,2024-05-08,2026-07-14,skipped,3,,dup-of:corpus (short; concept-checked batch 240)
yt-viuWov8RZVk,short,A Logo is Not a Brand!  #brandbuilding #brand #branding,@thefutur,https://www.youtube.com/watch?v=viuWov8RZVk,2024-05-05,2026-07-14,skipped,3,,dup-of:corpus (short; concept-checked batch 240)
yt-JpnAjLQjvOo,short,"Small Problems, Small Budgets! #businessgrowth #businesscoaching",@thefutur,https://www.youtube.com/watch?v=JpnAjLQjvOo,2024-05-03,2026-07-14,skipped,3,,dup-of:corpus (short; concept-checked batch 240)
yt-vIo-4v-60dY,short,How Culture Beats Advertising in Building a Brand #personalbrand,@thefutur,https://www.youtube.com/watch?v=vIo-4v-60dY,2024-05-01,2026-07-14,skipped,3,,dup-of:corpus (short; concept-checked batch 240)
yt-HCZlC3FiKFY,short,Winning in Creative Business,@thefutur,https://www.youtube.com/watch?v=HCZlC3FiKFY,2024-04-29,2026-07-14,skipped,3,,dup-of:corpus (short; concept-checked batch 240)
yt-yBQNpxAF5EI,short,Why You Should Niche Down! #brandstrategy #brandstrategist,@thefutur,https://www.youtube.com/watch?v=yBQNpxAF5EI,2024-04-26,2026-07-14,skipped,3,,dup-of:corpus (short; concept-checked batch 240)
yt-ShZVhquiLqY,short,"Make Enemies, Gain Fans! #brandstrategy #brandstrategist #brandbuilding",@thefutur,https://www.youtube.com/watch?v=ShZVhquiLqY,2024-04-22,2026-07-14,skipped,3,,dup-of:corpus (short; concept-checked batch 241)
yt-7eUk6oYy6Pw,short,Demand & Supply Set the Price! #pricing #entrepreneur,@thefutur,https://www.youtube.com/watch?v=7eUk6oYy6Pw,2024-04-19,2026-07-14,skipped,3,,dup-of:corpus (short; concept-checked batch 241)
yt-j65EKjVDdV8,short,Building Your Personal Brand! #personalbranding #personalbrand,@thefutur,https://www.youtube.com/watch?v=j65EKjVDdV8,2024-04-17,2026-07-14,skipped,3,,dup-of:corpus (short; concept-checked batch 241)
yt-acKualdyY54,short,Don’t Send Your Proposal Before Doing This! #businessstrategy #businesscoaching,@thefutur,https://www.youtube.com/watch?v=acKualdyY54,2024-04-15,2026-07-14,skipped,3,,dup-of:corpus (short; concept-checked batch 241)
yt-jX3yB7wDoBE,short,Finding your sweet spot with pricing! #businessgrowth #pricingstrategy,@thefutur,https://www.youtube.com/watch?v=jX3yB7wDoBE,2024-04-10,2026-07-14,skipped,3,,dup-of:corpus (short; concept-checked batch 241)
yt-VNbHSurrXEE,short,The Secret to High Demand & High Pay Jobs! 💰 #businessgrowth #businessstrategy,@thefutur,https://www.youtube.com/watch?v=VNbHSurrXEE,2024-04-07,2026-07-14,skipped,3,,dup-of:corpus (short; concept-checked batch 241)
yt-0Z6yhHQmiyA,short,How to deal with lowball offers. #pricingstrategy #priceanchoring #heuristics,@thefutur,https://www.youtube.com/watch?v=0Z6yhHQmiyA,2024-03-27,2026-07-14,skipped,3,,dup-of:corpus (short; concept-checked batch 241)
yt-_LUbMP7VUiI,short,Avoid This Imposter Syndrome Trap #impostersyndrome #hormozi,@thefutur,https://www.youtube.com/watch?v=_LUbMP7VUiI,2024-03-27,2026-07-14,skipped,3,,dup-of:corpus (short; concept-checked batch 241)
yt-4n3NNsy7UDA,short,Stop comparing YOURSELF! 🛑 #creativepodcast #podcast,@thefutur,https://www.youtube.com/watch?v=4n3NNsy7UDA,2024-03-23,2026-07-14,skipped,3,,dup-of:corpus (short; concept-checked batch 241)
yt-eBFgZTxhpWE,short,Don’t Limit Your Mind! #mindsetmatters #personalgrowth,@thefutur,https://www.youtube.com/watch?v=eBFgZTxhpWE,2024-03-16,2026-07-14,skipped,3,,dup-of:corpus (short; concept-checked batch 241)
yt-CrDwxrJaS14,short,Would you rather be right or get that bag? 💸 #shorts #businessgrowth #entrepreneurship,@thefutur,https://www.youtube.com/watch?v=CrDwxrJaS14,2024-03-15,2026-07-14,skipped,3,,dup-of:corpus (short; concept-checked batch 241)
yt-5mN3ZuXAR9o,short,Is this holding back your business? #businesscoaching #biztips,@thefutur,https://www.youtube.com/watch?v=5mN3ZuXAR9o,2024-03-11,2026-07-14,skipped,3,,dup-of:corpus (short; concept-checked batch 241)
yt-K9C2z4gDXUY,short,How to get found on Google #seotips,@thefutur,https://www.youtube.com/watch?v=K9C2z4gDXUY,2024-03-02,2026-07-14,skipped,3,,dup-of:corpus (short; concept-checked batch 241)
yt-UnrIZ5jviB0,short,How To Ask For a Raise,@thefutur,https://www.youtube.com/watch?v=UnrIZ5jviB0,2024-03-02,2026-07-14,skipped,3,,dup-of:corpus (short; concept-checked batch 241)
yt-iQ_pZHMONEw,short,SEO Magic: Get Found on Google!✨🔍 #seotips #digitalmarketing #googlesearch,@thefutur,https://www.youtube.com/watch?v=iQ_pZHMONEw,2024-02-25,2026-07-14,skipped,3,,dup-of:corpus (short; concept-checked batch 241)
yt-zv-7-5K-y0A,short,From Freelancing to Fortune #creativebusiness #businesspodcast,@thefutur,https://www.youtube.com/watch?v=zv-7-5K-y0A,2024-02-24,2026-07-14,skipped,3,,dup-of:corpus (short; concept-checked batch 241)
yt-75CidDC1qgg,short,SEO For Creatives #SEOTips #businessgrowth #seo2024,@thefutur,https://www.youtube.com/watch?v=75CidDC1qgg,2024-02-23,2026-07-14,skipped,3,,dup-of:corpus (short; concept-checked batch 241)
yt-TjoQFzSlPaA,short,Share YOUR Version! #videographer #directorscut #portfolioreview,@thefutur,https://www.youtube.com/watch?v=TjoQFzSlPaA,2024-02-17,2026-07-14,skipped,3,,dup-of:corpus (short; concept-checked batch 241)
yt-BWfXwJ0pDew,short,Can anyone make $1M in America? #millionairemindset #millionaireadvice,@thefutur,https://www.youtube.com/watch?v=BWfXwJ0pDew,2024-02-15,2026-07-14,skipped,3,,dup-of:corpus (short; concept-checked batch 241)
yt-9HYGTjIG64M,short,How to get better clients! #businesscoaching  #businessdevelopment,@thefutur,https://www.youtube.com/watch?v=9HYGTjIG64M,2024-02-10,2026-07-14,skipped,3,,dup-of:corpus (short; concept-checked batch 241)
yt-3OgFjqK0oOw,short,What problem are you solving?,@thefutur,https://www.youtube.com/watch?v=3OgFjqK0oOw,2024-02-07,2026-07-14,skipped,3,,dup-of:corpus (short; concept-checked batch 241)
yt-2IGc0ePDfco,short,The Power of Niching Down 🎯 #NichingDown #graphicdesigndaily #findingclients,@thefutur,https://www.youtube.com/watch?v=2IGc0ePDfco,2024-02-06,2026-07-14,skipped,3,,dup-of:corpus (short; concept-checked batch 241)
yt-FcPDFt7OYMc,short,#1 Tactic For Growing Businesses,@thefutur,https://www.youtube.com/watch?v=FcPDFt7OYMc,2024-02-02,2026-07-14,skipped,3,,dup-of:corpus (short; concept-checked batch 241)
yt-CKVQeONxeo8,short,Appreciate Your Past Self,@thefutur,https://www.youtube.com/watch?v=CKVQeONxeo8,2024-01-30,2026-07-14,L2,3,mindset,short; belief-selection on utility grounds (free will); justification under the anti-victim doctrine; L3-candidate
yt-kIganz4XFns,short,Navigating the Creative Journey #creativebusiness #creativeblock,@thefutur,https://www.youtube.com/watch?v=kIganz4XFns,2024-01-28,2026-07-14,skipped,3,,dup-of:corpus (short; concept-checked batch 241)
yt-burJ6ZqG2GA,short,How to Write Hooks for LinkedIn #linkedinmarketing #linkedinstrategy,@thefutur,https://www.youtube.com/watch?v=burJ6ZqG2GA,2024-01-26,2026-07-14,skipped,3,,guest-only (LinkedIn practitioner describing their own commenting strategy; not subject-attributed)
yt-vN5I52cQP9E,short,From Imposter to Expert 🚀,@thefutur,https://www.youtube.com/watch?v=vN5I52cQP9E,2024-01-24,2026-07-14,skipped,3,,dup-of:corpus (short; concept-checked batch 242)
yt-pzMejBkdqAU,short,THIS Stops Most People From Reaching Goals,@thefutur,https://www.youtube.com/watch?v=pzMejBkdqAU,2024-01-22,2026-07-14,skipped,3,,dup-of:corpus (short; concept-checked batch 242)
yt-tCjtz_G-6j8,short,Why People Hate Sales So Much #salessuccess #businessgrowth,@thefutur,https://www.youtube.com/watch?v=tCjtz_G-6j8,2024-01-18,2026-07-14,skipped,3,,dup-of:corpus (short; concept-checked batch 242)
yt-QB_keinouwg,short,Problem Solving Like a Pro! #businessskills,@thefutur,https://www.youtube.com/watch?v=QB_keinouwg,2024-01-17,2026-07-14,skipped,3,,dup-of:yt-KCQ7FAsZCHM (PROACT / Visual MBA segment recut from the 2023-12-03 keynote)
yt-8KzDSvNqUf0,short,Creativity is Like a Sport! #creativeprocess #creativejourney #shortsviral,@thefutur,https://www.youtube.com/watch?v=8KzDSvNqUf0,2024-01-16,2026-07-14,skipped,3,,dup-of:corpus (short; concept-checked batch 242)
yt-cJAs5D9uNyQ,short,The New Brand ROI #personalbranding #personalbrand #shortsvideo,@thefutur,https://www.youtube.com/watch?v=cJAs5D9uNyQ,2024-01-14,2026-07-14,skipped,3,,dup-of:corpus (short; concept-checked batch 242)
yt-67IPNuDbJ38,short,Show them the goods! #shorts #sellingdesign #logos,@thefutur,https://www.youtube.com/watch?v=67IPNuDbJ38,2024-01-12,2026-07-14,skipped,3,,dup-of:corpus (short; concept-checked batch 242)
yt-cG4YRIyB-BA,short,Personal Brand vs. Business Brand #shorts #personalbrand #personalbranding,@thefutur,https://www.youtube.com/watch?v=cG4YRIyB-BA,2024-01-05,2026-07-14,skipped,3,,dup-of:corpus (short; concept-checked batch 242)
yt-l7fngChPZAw,short,Ethical Selling: The Right Way to Sell a Logo! #shortsvideo  #shorts,@thefutur,https://www.youtube.com/watch?v=l7fngChPZAw,2024-01-03,2026-07-14,skipped,3,,dup-of:corpus (short; concept-checked batch 242)
yt-iY8BhMA1VAI,short,Your LinkedIn Bio Sucks! how to fix it. #linkedinmarketing #linkedinstrategy,@thefutur,https://www.youtube.com/watch?v=iY8BhMA1VAI,2024-01-02,2026-07-14,skipped,3,,dup-of:corpus (short; concept-checked batch 242)
yt-OG1ko5OfAR8,short,Revamp Your Client Experience #shorts #customerexperience,@thefutur,https://www.youtube.com/watch?v=OG1ko5OfAR8,2023-12-27,2026-07-14,skipped,3,,dup-of:corpus (short; concept-checked batch 242)
yt-uATxXA5Ea9w,short,"When Opportunity Knocks, You’re Already Qualified! 🚪✅ #shorts #opportunity",@thefutur,https://www.youtube.com/watch?v=uATxXA5Ea9w,2023-12-23,2026-07-14,skipped,3,,dup-of:corpus (short; concept-checked batch 242)
yt-iVlWChkKq1Y,short,Own Your Identity: The Power of Naming in #personalbranding #shorts,@thefutur,https://www.youtube.com/watch?v=iVlWChkKq1Y,2023-12-22,2026-07-14,skipped,3,,dup-of:corpus (short; concept-checked batch 242)
yt-qAHZc8UEFiE,short,Turning Adversity to Strength 💪🏼 #personalbranding #personalbrand #personalbrandingtips #shorts,@thefutur,https://www.youtube.com/watch?v=qAHZc8UEFiE,2023-12-20,2026-07-14,skipped,3,,dup-of:corpus (short; concept-checked batch 242)
yt-BVofWCFKiEE,short,When the client is price fishing 🎣#logodesign #logos #creativebusiness,@thefutur,https://www.youtube.com/watch?v=BVofWCFKiEE,2023-12-17,2026-07-14,skipped,3,,dup-of:corpus (short; concept-checked batch 242)
yt-CHW7wzc5KQU,short,The Power of Curiosity 🧠 #shortsvideo #thinkbigger,@thefutur,https://www.youtube.com/watch?v=CHW7wzc5KQU,2023-12-17,2026-07-14,skipped,3,,dup-of:corpus (short; concept-checked batch 242)
yt-gsyOxz2bIyY,short,Creating an Effective Marketing Funnel #socialmediamarketing #marketingstrategy,@thefutur,https://www.youtube.com/watch?v=gsyOxz2bIyY,2023-12-13,2026-07-14,skipped,3,,dup-of:corpus (short; concept-checked batch 242)
yt-fBULggkY6ZU,short,Does YOUR Logo Stand Out? #graphicdesign #logodesigner #logos,@thefutur,https://www.youtube.com/watch?v=fBULggkY6ZU,2023-12-10,2026-07-14,skipped,3,,dup-of:corpus (short; concept-checked batch 242)
yt-shzkjRE_Jyk,short,Are YOU Charging Enough? #pricing #pricingstrategy #shorts,@thefutur,https://www.youtube.com/watch?v=shzkjRE_Jyk,2023-12-08,2026-07-14,skipped,3,,dup-of:corpus (short; concept-checked batch 242)
yt-ySQD3g818Ow,short,Building Confidence Through Skills 🧠 #businessgrowth #shorts,@thefutur,https://www.youtube.com/watch?v=ySQD3g818Ow,2023-12-06,2026-07-14,skipped,3,,dup-of:corpus (short; concept-checked batch 242)
yt-9N2UlTkOM6c,short,From Burnout to Bliss 🔥✨ #shorts #ikigai,@thefutur,https://www.youtube.com/watch?v=9N2UlTkOM6c,2023-12-02,2026-07-14,skipped,3,,dup-of:corpus (short; concept-checked batch 242)
yt-_UO5WIF0EEQ,short,What Really Matters to YOUR Clients?! #businessgrowth,@thefutur,https://www.youtube.com/watch?v=_UO5WIF0EEQ,2023-11-27,2026-07-14,skipped,3,,dup-of:corpus (short; concept-checked batch 242)
yt-m5gsrN-xfIs,short,How To Talk To Clients #shorts #shortsvideo,@thefutur,https://www.youtube.com/watch?v=m5gsrN-xfIs,2023-11-25,2026-07-14,skipped,3,,dup-of:corpus (short; concept-checked batch 242)
yt-8u70yRsonVw,short,Are You Radiating Confidence or Caution? #personaldevelopment #personalgrowth,@thefutur,https://www.youtube.com/watch?v=8u70yRsonVw,2023-11-25,2026-07-14,skipped,3,,dup-of:corpus (short; concept-checked batch 242)
yt-ZD1isPPP5MI,short,Simplify to Amplify Your Biz 🧠🚀 #businessgrowth,@thefutur,https://www.youtube.com/watch?v=ZD1isPPP5MI,2023-11-22,2026-07-14,skipped,3,,dup-of:corpus (short; concept-checked batch 243)
yt-JOH3HqoJE6s,short,"Know Bookkeeping, Know Money. No Bookkeeping, No Money —thefutur.com/shop",@thefutur,https://www.youtube.com/watch?v=JOH3HqoJE6s,2023-11-21,2026-07-14,skipped,3,,dup-of:corpus (short; concept-checked batch 243)
yt-T6NtvOuGvZw,short,Turning Career Pain into Growth #personalgrowth #careertransition,@thefutur,https://www.youtube.com/watch?v=T6NtvOuGvZw,2023-11-20,2026-07-14,skipped,3,,"guest-uncertain (speaker describes their own coaching clientele; no self-identification, autobiographical detail points away from the subject)"
yt-bvzrhUtbhc4,short,Knowing When to Switch Lanes #shorts #careerchange,@thefutur,https://www.youtube.com/watch?v=bvzrhUtbhc4,2023-11-17,2026-07-14,skipped,3,,dup-of:corpus (short; concept-checked batch 243)
yt-9_ozoLFzZV0,short,Don't Justify Your Worth! #shorts,@thefutur,https://www.youtube.com/watch?v=9_ozoLFzZV0,2023-11-14,2026-07-14,skipped,3,,dup-of:corpus (short; concept-checked batch 243)
yt-Qizf66hXxbQ,short,🚀 Wisdom Unleashed: Your AI Advantage 🧠💡 #generativeai #creativeskills #shorts,@thefutur,https://www.youtube.com/watch?v=Qizf66hXxbQ,2023-11-13,2026-07-14,skipped,3,,"dup-of:yt-xiNHfB8FVwY (knowledge-is-dead/wisdom-is-queen recut, 12 days after the parent)"
yt-bGXMfHOfhGo,short,Teach Your Process!,@thefutur,https://www.youtube.com/watch?v=bGXMfHOfhGo,2023-11-12,2026-07-14,skipped,3,,dup-of:corpus (short; concept-checked batch 243)
yt-hScl-hSAgf8,short,The Power of Love in Business #companyculture #roi #businessgrowth,@thefutur,https://www.youtube.com/watch?v=hScl-hSAgf8,2023-11-11,2026-07-14,skipped,3,,dup-of:corpus (short; concept-checked batch 243)
yt-y7y0EgQoCO4,short,Mastering the Art of Price Negotiation! #businesstips,@thefutur,https://www.youtube.com/watch?v=y7y0EgQoCO4,2023-11-09,2026-07-14,skipped,3,,dup-of:corpus (short; concept-checked batch 243)
yt-L1HjJdkvQVo,short,How much for a logo? #logodesigner #logoprice,@thefutur,https://www.youtube.com/watch?v=L1HjJdkvQVo,2023-11-09,2026-07-14,skipped,3,,dup-of:corpus (short; concept-checked batch 243)
yt-K20X2VyZPvM,short,Enjoy The Process #personalgrowth #personaldevelopment,@thefutur,https://www.youtube.com/watch?v=K20X2VyZPvM,2023-11-09,2026-07-14,skipped,3,,dup-of:corpus (short; concept-checked batch 243)
yt-OO8k0pSPrak,short,Why YOUR Story Matters! #storytelling #brandstorytelling,@thefutur,https://www.youtube.com/watch?v=OO8k0pSPrak,2023-11-08,2026-07-14,skipped,3,,dup-of:corpus (short; concept-checked batch 243)
yt-oAQYUkSQX5k,short,Why the AI Revolution Needs YOU #aicreativity,@thefutur,https://www.youtube.com/watch?v=oAQYUkSQX5k,2023-11-06,2026-07-14,skipped,3,,dup-of:corpus (short; concept-checked batch 243)
yt-zmNXM2IIglU,short,Why Big Brands Swear by Storytelling,@thefutur,https://www.youtube.com/watch?v=zmNXM2IIglU,2023-11-05,2026-07-14,skipped,3,,dup-of:corpus (short; concept-checked batch 243)
yt-diUamsUNVoY,short,Embracing ADHD as a Superpower 🧠 #adhdcreative #adhdcoach,@thefutur,https://www.youtube.com/watch?v=diUamsUNVoY,2023-10-31,2026-07-14,skipped,3,,dup-of:corpus (short; concept-checked batch 243)
yt-pEDnqtmDe1I,short,How to Start YOUR Presentation! #talkingtips #publicspeaking #shorts,@thefutur,https://www.youtube.com/watch?v=pEDnqtmDe1I,2023-10-27,2026-07-14,skipped,3,,dup-of:corpus (short; concept-checked batch 243)
yt-rmN-X0xmwVI,short,3 Steps That Set You Up to WIN Over Clients,@thefutur,https://www.youtube.com/watch?v=rmN-X0xmwVI,2023-10-24,2026-07-14,skipped,3,,dup-of:corpus (short; concept-checked batch 243)
yt-94tEAW1IOS8,short,Why Defending Your Prices DESTROYS Your Biz,@thefutur,https://www.youtube.com/watch?v=94tEAW1IOS8,2023-10-18,2026-07-14,skipped,3,,dup-of:corpus (short; concept-checked batch 243)
yt-MH-6Ppk_CLM,short,Thriving Beyond the Gig Platforms 🌟🚀 #freelancer #gigeconomy #solopreneur,@thefutur,https://www.youtube.com/watch?v=MH-6Ppk_CLM,2023-10-18,2026-07-14,skipped,3,,dup-of:corpus (short; concept-checked batch 243)
yt-SmW4rNb9hAg,short,How to Capture Your Audience's Attention,@thefutur,https://www.youtube.com/watch?v=SmW4rNb9hAg,2023-10-16,2026-07-14,skipped,3,,dup-of:corpus (short; concept-checked batch 243)
yt-yZrNfABvL_8,short,When The Client Adds Something Last Minute ⏰ #creativeservices #pricingstrategy #shortsyoutube,@thefutur,https://www.youtube.com/watch?v=yZrNfABvL_8,2023-10-14,2026-07-14,skipped,3,,dup-of:corpus (short; concept-checked batch 243)
yt-767uDwziFpM,short,Do this Before You Start Making Content #contentcreation #contenttips,@thefutur,https://www.youtube.com/watch?v=767uDwziFpM,2023-10-04,2026-07-14,skipped,3,,dup-of:corpus (short; concept-checked batch 243)
yt-HDokTulHEUE,short,Embracing Life’s Problems! #mindsetshift #lifechangingquotes,@thefutur,https://www.youtube.com/watch?v=HDokTulHEUE,2023-10-03,2026-07-14,skipped,3,,dup-of:corpus (short; concept-checked batch 243)
yt-MsGLXWW1Aa4,short,Unlock Your Earning Potential! 🔐💰 #earningpotential  #clientattraction  #graphicdesigner,@thefutur,https://www.youtube.com/watch?v=MsGLXWW1Aa4,2023-09-29,2026-07-14,skipped,3,,dup-of:corpus (short; concept-checked batch 243)
yt-EjGYmG4XG3s,short,Rule of Thumb for Growing Your Biz! #hiringtips #scalingyourbusiness #entrepreneurship,@thefutur,https://www.youtube.com/watch?v=EjGYmG4XG3s,2023-09-28,2026-07-14,skipped,3,,dup-of:corpus (short; concept-checked batch 243)
yt-NyZJ1-q6AqM,short,📸 Budget-Friedly Headshots 💸,@thefutur,https://www.youtube.com/watch?v=NyZJ1-q6AqM,2023-09-27,2026-07-14,skipped,3,,dup-of:corpus (short; concept-checked batch 244)
yt-gz7WxusUcdw,short,This Mistake is Hurting Your Sales ❌,@thefutur,https://www.youtube.com/watch?v=gz7WxusUcdw,2023-09-26,2026-07-14,skipped,3,,dup-of:corpus (short; concept-checked batch 244)
yt-RteH9vvHpKc,short,Why You're Not Closing Deals,@thefutur,https://www.youtube.com/watch?v=RteH9vvHpKc,2023-09-25,2026-07-14,skipped,3,,dup-of:corpus (short; concept-checked batch 244)
yt-RK2tUzL8FJs,short,LinkedIn Hack for Maximum Engagement #socialmediamarketing #socialmediatips,@thefutur,https://www.youtube.com/watch?v=RK2tUzL8FJs,2023-09-20,2026-07-14,skipped,3,,guest-only (LinkedIn practitioner; same guest thread as yt-burJ6ZqG2GA)
yt-KhBRGSRvBvw,short,The Logo Design Process #logodesign #logos #buildingabrand,@thefutur,https://www.youtube.com/watch?v=KhBRGSRvBvw,2023-09-16,2026-07-14,skipped,3,,dup-of:corpus (short; concept-checked batch 244)
yt-yXwRkrRcQrY,short,Maximizing the Rate of Website Conversions.,@thefutur,https://www.youtube.com/watch?v=yXwRkrRcQrY,2023-09-15,2026-07-14,skipped,3,,dup-of:corpus (short; concept-checked batch 244)
yt-cxxCm0np-aY,short,Designing For Impact 👊 #webdesign #colortheory #websitetips,@thefutur,https://www.youtube.com/watch?v=cxxCm0np-aY,2023-09-10,2026-07-14,skipped,3,,dup-of:corpus (short; concept-checked batch 244)
yt-DDdZDPA6rEc,short,How many times? We’re curious 👀 #thefutur #graphicdesigner #graphicdesignlife,@thefutur,https://www.youtube.com/watch?v=DDdZDPA6rEc,2023-08-21,2026-07-14,skipped,3,,dup-of:corpus (short; concept-checked batch 244)
yt-n37JQD1qPIQ,short,The power of NO! ❌,@thefutur,https://www.youtube.com/watch?v=n37JQD1qPIQ,2023-08-04,2026-07-14,skipped,3,,dup-of:corpus (short; concept-checked batch 244)
yt-PVfAz1LaGPo,short,"Ask better questions, get better clients! #freelancing #graphicdesign #shorts",@thefutur,https://www.youtube.com/watch?v=PVfAz1LaGPo,2023-07-28,2026-07-14,skipped,3,,dup-of:corpus (short; concept-checked batch 244)
yt-oiTQ2k852WU,short,Secret to Storytelling 🤫 #storytelling #storyteller #shorts,@thefutur,https://www.youtube.com/watch?v=oiTQ2k852WU,2023-07-27,2026-07-14,skipped,3,,dup-of:corpus (short; concept-checked batch 244)
yt-0Gf5waE48tc,short,How to Scale Your Agency #growyourbusiness #scaleyourbusiness #entrepreneurship,@thefutur,https://www.youtube.com/watch?v=0Gf5waE48tc,2023-07-19,2026-07-14,skipped,3,,dup-of:corpus (short; concept-checked batch 244)
yt-IeQPAuN0-7Y,short,The Secret To Get All You Want In Life,@thefutur,https://www.youtube.com/watch?v=IeQPAuN0-7Y,2023-07-11,2026-07-14,skipped,3,,dup-of:corpus (short; concept-checked batch 244)
yt-PlS1kvjYtgM,short,Avoid These 5 Sales Mistakes,@thefutur,https://www.youtube.com/watch?v=PlS1kvjYtgM,2023-07-08,2026-07-14,skipped,3,,dup-of:corpus (short; concept-checked batch 244)
yt-rhH-y82nKDo,short,Who do you lean on? #shorts,@thefutur,https://www.youtube.com/watch?v=rhH-y82nKDo,2023-07-07,2026-07-14,skipped,3,,dup-of:corpus (short; concept-checked batch 244)
yt-lKN0saU-2oo,short,How much do you charge for a logo? #pricing #pricingstrategy #creativebusiness,@thefutur,https://www.youtube.com/watch?v=lKN0saU-2oo,2023-07-06,2026-07-14,skipped,3,,dup-of:corpus (short; concept-checked batch 244)
yt-92FM-NqDHwI,short,The Hard Truth About Creating Something 'New',@thefutur,https://www.youtube.com/watch?v=92FM-NqDHwI,2023-07-03,2026-07-14,skipped,3,,dup-of:corpus (short; concept-checked batch 244)
yt-KrL0JBZptoI,short,Make $100K using AI #chatgpt  #photoshopskills #generativedesign #makemoneyonline,@thefutur,https://www.youtube.com/watch?v=KrL0JBZptoI,2023-07-02,2026-07-14,skipped,3,,dup-of:corpus (short; concept-checked batch 244)
yt-70un-MNFedA,short,The Key To Building Authentic Connections,@thefutur,https://www.youtube.com/watch?v=70un-MNFedA,2023-07-01,2026-07-14,skipped,3,,dup-of:corpus (short; concept-checked batch 244)
yt-1ZQDOKpZ_ak,short,Surprising Truth About Referring Clients,@thefutur,https://www.youtube.com/watch?v=1ZQDOKpZ_ak,2023-06-28,2026-07-14,skipped,3,,dup-of:corpus (short; concept-checked batch 244)
yt-UPe5baQPosI,short,Avoid This Mistake When Pursuing Success,@thefutur,https://www.youtube.com/watch?v=UPe5baQPosI,2023-06-27,2026-07-14,skipped,3,,dup-of:corpus (short; concept-checked batch 244)
yt-wIZxMlhIB5o,short,STOP SELLING TIME!,@thefutur,https://www.youtube.com/watch?v=wIZxMlhIB5o,2023-06-25,2026-07-14,skipped,3,,dup-of:corpus (short; concept-checked batch 244)
yt-gQVd00pgH5Q,short,The Epic Journey To Mastering Your Craft,@thefutur,https://www.youtube.com/watch?v=gQVd00pgH5Q,2023-06-23,2026-07-14,skipped,3,,"dup-of:yt-BJ7nX1t4g9k (Shu-Ha-Ri segment recut from the 2023-06-29 workshop, 6 days later)"
yt-wONYZ8h1qHY,short,The Secret To ALWAYS Satisfy Your Clients,@thefutur,https://www.youtube.com/watch?v=wONYZ8h1qHY,2023-06-19,2026-07-14,skipped,3,,dup-of:corpus (short; concept-checked batch 244)
yt-jxXPV00AtTk,short,This Concept Will Transform Your Business,@thefutur,https://www.youtube.com/watch?v=jxXPV00AtTk,2023-06-16,2026-07-14,skipped,3,,dup-of:corpus (short; concept-checked batch 244)
yt-XF5_2_IH9M4,short,The Hard Truth About Achieving 'Excellence',@thefutur,https://www.youtube.com/watch?v=XF5_2_IH9M4,2023-06-08,2026-07-14,skipped,3,,dup-of:yt-SdCzIDmfDAA (nobility-in-humble-craft misquote correction; already promoted to mindset+design-craft)
yt-K4B2now2RmU,short,Master These 3 M's To Make Your First Million,@thefutur,https://www.youtube.com/watch?v=K4B2now2RmU,2023-06-06,2026-07-14,skipped,3,,"dup-of:corpus (the three M's; business.md 40, beliefs, system-prompt)"
yt-d497VRY6qQY,short,The Key To Get More Clarity From Clients,@thefutur,https://www.youtube.com/watch?v=d497VRY6qQY,2023-06-02,2026-07-14,skipped,3,,dup-of:corpus (short; concept-checked batch 245)
yt-MbXj0lk3na0,short,Stay Out Of The Results – Focus On What You Can Control,@thefutur,https://www.youtube.com/watch?v=MbXj0lk3na0,2023-05-27,2026-07-14,skipped,3,,dup-of:corpus (short; concept-checked batch 245)
yt-L7b4qvC1ClQ,short,Entrepreneurs Use Money To Buy Time #shorts,@thefutur,https://www.youtube.com/watch?v=L7b4qvC1ClQ,2023-05-26,2026-07-14,skipped,3,,dup-of:corpus (short; concept-checked batch 245)
yt-A0OEK-rudck,short,It’s Time to Let Go! #shorts,@thefutur,https://www.youtube.com/watch?v=A0OEK-rudck,2023-05-16,2026-07-14,skipped,3,,dup-of:corpus (short; concept-checked batch 245)
yt-p5xyD1RpulI,short,Silver Bullets Don't Exist: The Truth About Entrepreneurship  #shorts,@thefutur,https://www.youtube.com/watch?v=p5xyD1RpulI,2023-05-06,2026-07-14,skipped,3,,dup-of:corpus (short; concept-checked batch 245)
yt-TwPvQRuLsrk,short,BIGGEST MISTAKE Young Designers Make,@thefutur,https://www.youtube.com/watch?v=TwPvQRuLsrk,2023-04-27,2026-07-14,skipped,3,,dup-of:corpus (short; concept-checked batch 245)
yt-BEb4QhEm8pA,short,How To Respond To You're Too Expensive,@thefutur,https://www.youtube.com/watch?v=BEb4QhEm8pA,2023-04-25,2026-07-14,skipped,3,,dup-of:corpus (short; concept-checked batch 245)
yt-067HBQeRBl0,short,Recreating Yourself ♻️,@thefutur,https://www.youtube.com/watch?v=067HBQeRBl0,2023-04-15,2026-07-14,skipped,3,,dup-of:corpus (short; concept-checked batch 245)
yt-3J44BxmzGzM,short,How to learn and master new concepts,@thefutur,https://www.youtube.com/watch?v=3J44BxmzGzM,2023-04-14,2026-07-14,skipped,3,,"dup-of:yt-BJ7nX1t4g9k (Shu-Ha-Ri recut; adds a Picasso illustration, picasso already 17 pages)"
yt-NxWBq1zbWiE,short,Become a Better Speaker #shorts,@thefutur,https://www.youtube.com/watch?v=NxWBq1zbWiE,2023-04-11,2026-07-14,skipped,3,,dup-of:corpus (short; concept-checked batch 245)
yt-i3CdLQj2J9U,short,Let Go of Your EGO! 👋🏽,@thefutur,https://www.youtube.com/watch?v=i3CdLQj2J9U,2023-04-10,2026-07-14,skipped,3,,dup-of:corpus (short; concept-checked batch 245)
yt-MB_IlJzfeho,short,Don't Make a Point Without a Story,@thefutur,https://www.youtube.com/watch?v=MB_IlJzfeho,2023-04-08,2026-07-14,skipped,3,,dup-of:yt-FuXJln-UtNQ (Les Brown point/story rule; present but UNPROMOTED - flagged for synthesis)
yt-DYmunLEEV3k,short,Small Changes Lead to Big Results in Business and Life #shorts #entrepreneurship,@thefutur,https://www.youtube.com/watch?v=DYmunLEEV3k,2023-04-06,2026-07-14,skipped,3,,dup-of:corpus (short; concept-checked batch 245)
yt-2XP9X_ICBaA,short,Taking Risk in Your Business 👨🏻‍💼 #shorts #business #clients,@thefutur,https://www.youtube.com/watch?v=2XP9X_ICBaA,2023-04-04,2026-07-14,skipped,3,,dup-of:corpus (short; concept-checked batch 245)
yt-nTiDOHVH1oo,short,How to Get the Sale 💸,@thefutur,https://www.youtube.com/watch?v=nTiDOHVH1oo,2023-04-01,2026-07-14,skipped,3,,dup-of:corpus (short; concept-checked batch 245)
yt-Io2Mm7jiuAo,short,How to Go Viral on Social 🚀,@thefutur,https://www.youtube.com/watch?v=Io2Mm7jiuAo,2023-03-31,2026-07-14,skipped,3,,dup-of:corpus (short; concept-checked batch 245)
yt-2I8gCMCP5FU,short,How to Learn Effectively 🧠,@thefutur,https://www.youtube.com/watch?v=2I8gCMCP5FU,2023-03-29,2026-07-14,skipped,3,,dup-of:corpus (short; concept-checked batch 245)
yt-o7w9RGxthPI,short,Stick To The Script 📝,@thefutur,https://www.youtube.com/watch?v=o7w9RGxthPI,2023-03-28,2026-07-14,skipped,3,,dup-of:corpus (short; concept-checked batch 245)
yt-6JueumeIzvU,short,Finding Your Purpose,@thefutur,https://www.youtube.com/watch?v=6JueumeIzvU,2023-03-27,2026-07-14,skipped,3,,dup-of:corpus (short; concept-checked batch 245)
yt-D9Ny9SUxkOA,short,Earn Trust,@thefutur,https://www.youtube.com/watch?v=D9Ny9SUxkOA,2023-03-25,2026-07-14,skipped,3,,dup-of:corpus (short; concept-checked batch 245)
yt-TdYDMILqSUo,short,Take Notes,@thefutur,https://www.youtube.com/watch?v=TdYDMILqSUo,2023-03-24,2026-07-14,skipped,3,,dup-of:corpus (short; concept-checked batch 245)
yt-W3Kh-Yb4-o4,short,Why a Queue Creates Demand,@thefutur,https://www.youtube.com/watch?v=W3Kh-Yb4-o4,2023-03-23,2026-07-14,skipped,3,,dup-of:corpus (short; concept-checked batch 245)
yt-Hml_iVpjwJc,short,What Will You Hire People To Do?,@thefutur,https://www.youtube.com/watch?v=Hml_iVpjwJc,2023-03-22,2026-07-14,skipped,3,,dup-of:corpus (short; concept-checked batch 245)
yt-3bK-iWWtZBs,short,Find the Right Person,@thefutur,https://www.youtube.com/watch?v=3bK-iWWtZBs,2023-03-15,2026-07-14,skipped,3,,dup-of:corpus (qualify for the decision-maker; sales-clients 4320 + 1561)
yt-rUBG-wA6N7w,short,"Build Rapport, Don't Persuade",@thefutur,https://www.youtube.com/watch?v=rUBG-wA6N7w,2023-03-14,2026-07-14,skipped,3,,dup-of:corpus (short; concept-checked batch 246)
yt-G1aSl_gcNZQ,short,"Small Problems, Small Budgets",@thefutur,https://www.youtube.com/watch?v=G1aSl_gcNZQ,2023-03-13,2026-07-14,skipped,3,,dup-of:corpus (short; concept-checked batch 246)
yt-uXGhbxZ-dyM,short,What Makes a Business Transaction Work?,@thefutur,https://www.youtube.com/watch?v=uXGhbxZ-dyM,2023-03-11,2026-07-14,skipped,3,,dup-of:corpus (short; concept-checked batch 246)
yt-gnkeiGxELcM,short,How To Charge More,@thefutur,https://www.youtube.com/watch?v=gnkeiGxELcM,2023-03-11,2026-07-14,skipped,3,,dup-of:corpus (short; concept-checked batch 246)
yt-06uyb8Ho-Do,short,Build Gates,@thefutur,https://www.youtube.com/watch?v=06uyb8Ho-Do,2023-03-08,2026-07-14,skipped,3,,dup-of:corpus (short; concept-checked batch 246)
yt-R5KCfzmohvw,short,Learn to Speak the Language of Business,@thefutur,https://www.youtube.com/watch?v=R5KCfzmohvw,2023-03-07,2026-07-14,skipped,3,,dup-of:corpus (short; concept-checked batch 246)
yt-Q4P3838-iDE,short,Buy Time,@thefutur,https://www.youtube.com/watch?v=Q4P3838-iDE,2023-03-07,2026-07-14,skipped,3,,dup-of:corpus (short; concept-checked batch 246)
yt-FEdYSHtVroQ,short,How To Be Confident On A Sales Call,@thefutur,https://www.youtube.com/watch?v=FEdYSHtVroQ,2023-03-01,2026-07-14,skipped,3,,dup-of:corpus (short; concept-checked batch 246)
yt-M2PV6A0rr1o,short,Why Clients Want Experts,@thefutur,https://www.youtube.com/watch?v=M2PV6A0rr1o,2023-02-28,2026-07-14,skipped,3,,dup-of:corpus (short; concept-checked batch 246)
yt-iR5_705C6QY,short,"What is Your Reason, Beyond Money?",@thefutur,https://www.youtube.com/watch?v=iR5_705C6QY,2023-02-21,2026-07-14,skipped,3,,dup-of:corpus (short; concept-checked batch 246)
yt-xJiU4WzgSuo,short,Find Your Reason for Being,@thefutur,https://www.youtube.com/watch?v=xJiU4WzgSuo,2023-02-21,2026-07-14,skipped,3,,dup-of:corpus (short; concept-checked batch 246)
yt-TfCeHwpuUy8,short,Europe Workshop Tour w/Chris Do,@thefutur,https://www.youtube.com/watch?v=TfCeHwpuUy8,2023-02-19,2026-07-14,skipped,3,,promo (Europe workshop tour announcement; no teaching content)
yt-ZLQqgqzCm8M,short,Why Rihanna Didn't Get Paid For the Super Bowl 💰❌,@thefutur,https://www.youtube.com/watch?v=ZLQqgqzCm8M,2023-02-13,2026-07-14,skipped,3,,dup-of:corpus (short; concept-checked batch 246)
yt-Vper-TLiRzY,short,What Is The Website Creation Process?,@thefutur,https://www.youtube.com/watch?v=Vper-TLiRzY,2023-02-11,2026-07-14,skipped,3,,dup-of:corpus (short; concept-checked batch 246)
yt--aATaSLfVvI,short,Biz 101: How To Run A Meeting,@thefutur,https://www.youtube.com/watch?v=-aATaSLfVvI,2023-02-10,2026-07-14,skipped,3,,dup-of:corpus (short; concept-checked batch 246)
yt-Q7CL69AphR8,short,How to Get More Clients and Grow Your Business,@thefutur,https://www.youtube.com/watch?v=Q7CL69AphR8,2023-02-01,2026-07-14,skipped,3,,dup-of:corpus (short; concept-checked batch 246)
yt--GRcBGcan9I,short,Sell Money,@thefutur,https://www.youtube.com/watch?v=-GRcBGcan9I,2023-01-31,2026-07-14,skipped,3,,dup-of:corpus (short; concept-checked batch 246)
yt-GuL6jbXe5oY,short,Why You're Not Getting YouTube Views,@thefutur,https://www.youtube.com/watch?v=GuL6jbXe5oY,2023-01-26,2026-07-14,skipped,3,,dup-of:corpus (short; concept-checked batch 246)
yt-BglGy_C6XRU,short,How to Make Solid Content,@thefutur,https://www.youtube.com/watch?v=BglGy_C6XRU,2023-01-23,2026-07-14,skipped,3,,dup-of:corpus (short; concept-checked batch 246)
yt-qrpxw4f8enM,short,Should You  💰 Hire Creators 📷 ?,@thefutur,https://www.youtube.com/watch?v=qrpxw4f8enM,2023-01-21,2026-07-14,skipped,3,,dup-of:corpus (short; concept-checked batch 246)
yt-po2mplw728I,short,How To Grow An Audience and Build Expertise,@thefutur,https://www.youtube.com/watch?v=po2mplw728I,2023-01-19,2026-07-14,skipped,3,,dup-of:corpus (short; concept-checked batch 246)
yt-mKh1t4Hb1ps,short,Why Explaining Your Prices Undermines Your Leverage with Clients,@thefutur,https://www.youtube.com/watch?v=mKh1t4Hb1ps,2023-01-13,2026-07-14,skipped,3,,dup-of:corpus (short; concept-checked batch 246)
yt-NEsW-u6Pm9w,short,Find Your Smallest Viable Audience by Splitting the Market,@thefutur,https://www.youtube.com/watch?v=NEsW-u6Pm9w,2023-01-13,2026-07-14,skipped,3,,dup-of:corpus (smallest viable audience / Seth Godin market-splitting; content-strategy + beliefs)
yt-VYBxVEqQAv0,short,How To Handle Any Client Objection Fast!,@thefutur,https://www.youtube.com/watch?v=VYBxVEqQAv0,2023-01-12,2026-07-14,skipped,3,,dup-of:corpus (short; concept-checked batch 246)
yt-c32NcVxI9Qg,short,3 Components of Life,@thefutur,https://www.youtube.com/watch?v=c32NcVxI9Qg,2023-01-11,2026-07-14,skipped,3,,"dup-of:corpus (PSS People/Self/Spirit; mindset 2765 + voice + beliefs + system-prompt, from 2021-10-19)"
yt-byFdqxOAfwE,short,Futur x Studio Innate Tee-Shirt Merch Collaboration,@thefutur,https://www.youtube.com/watch?v=byFdqxOAfwE,2022-12-15,2026-07-14,skipped,3,,dup-of:corpus (short; concept-checked batch 247)
yt-UBUsG-TCsvQ,short,The Futur is Coming To Europe 2023,@thefutur,https://www.youtube.com/watch?v=UBUsG-TCsvQ,2022-12-01,2026-07-14,skipped,3,,promo (Europe workshop tour announcement; dup of yt-TfCeHwpuUy8)
yt-KDH_QkhCKiU,short,Simplifying What You Do Is Key To Success,@thefutur,https://www.youtube.com/watch?v=KDH_QkhCKiU,2022-11-30,2026-07-14,skipped,3,,dup-of:corpus (short; concept-checked batch 247)
yt-Lr5JaN6detM,short,Realize your TRUE POTENTIAL in life,@thefutur,https://www.youtube.com/watch?v=Lr5JaN6detM,2022-11-28,2026-07-14,skipped,3,,dup-of:corpus (short; concept-checked batch 247)
yt-VNc8-5qlDsM,short,Short Term Reward Is Killing Your Business,@thefutur,https://www.youtube.com/watch?v=VNc8-5qlDsM,2022-11-21,2026-07-14,L2,3,mindset;business,short; hyperbolic discounting (delay sense) named as the mechanism under long-term thinking; L3-candidate
yt-eZF_P-YDlH4,short,Stop Hiding And Market Yourself,@thefutur,https://www.youtube.com/watch?v=eZF_P-YDlH4,2022-11-14,2026-07-14,skipped,3,,dup-of:corpus (short; concept-checked batch 247)
yt-WZi788gdQWc,short,What You Put Out Is What You Attract,@thefutur,https://www.youtube.com/watch?v=WZi788gdQWc,2022-10-31,2026-07-14,skipped,3,,dup-of:corpus (short; concept-checked batch 247)
yt-cINNZJee7as,short,You Have No Business Without Sales and Marketing,@thefutur,https://www.youtube.com/watch?v=cINNZJee7as,2022-10-26,2026-07-14,skipped,3,,dup-of:corpus (short; concept-checked batch 247)
yt-Bd4aSgt01rs,short,You Are NOT For Every Client,@thefutur,https://www.youtube.com/watch?v=Bd4aSgt01rs,2022-10-24,2026-07-14,skipped,3,,dup-of:corpus (short; concept-checked batch 247)
yt-S98s1Gd53y4,short,Why Charging By The Hour Doesn't Make Sense,@thefutur,https://www.youtube.com/watch?v=S98s1Gd53y4,2022-10-21,2026-07-14,skipped,3,,dup-of:corpus (short; concept-checked batch 247)
yt-rRCK5_M2om8,short,How Telling A Story Helps People Understand,@thefutur,https://www.youtube.com/watch?v=rRCK5_M2om8,2022-10-17,2026-07-14,skipped,3,,dup-of:corpus (short; concept-checked batch 247)
yt-Iuvx4o3HeKg,short,Sell The Transformation You Create For Others,@thefutur,https://www.youtube.com/watch?v=Iuvx4o3HeKg,2022-10-14,2026-07-14,skipped,3,,dup-of:corpus (short; concept-checked batch 247)
yt-4L7pKG8ubUM,short,Use This Sales Technique To Win More Clients,@thefutur,https://www.youtube.com/watch?v=4L7pKG8ubUM,2022-10-12,2026-07-14,skipped,3,,dup-of:corpus (short; concept-checked batch 247)
yt-jPZxhWOAW4w,short,Charge Higher Prices By Doing THIS,@thefutur,https://www.youtube.com/watch?v=jPZxhWOAW4w,2022-10-05,2026-07-14,skipped,3,,dup-of:corpus (short; concept-checked batch 247)
yt-5aDDUE5tYl0,short,UX and Business,@thefutur,https://www.youtube.com/watch?v=5aDDUE5tYl0,2022-09-12,2026-07-14,skipped,3,,dup-of:corpus (short; concept-checked batch 247)
yt-R2HgFPUlJ_k,short,UX As It Relates To Psychology,@thefutur,https://www.youtube.com/watch?v=R2HgFPUlJ_k,2022-09-11,2026-07-14,skipped,3,,dup-of:corpus (short; concept-checked batch 247)
yt-KYb0e1O6r58,short,UX Instructor Vincent Brathwaite,@thefutur,https://www.youtube.com/watch?v=KYb0e1O6r58,2022-09-10,2026-07-14,skipped,3,,dup-of:corpus (short; concept-checked batch 247)
yt-kk7y72B7IiE,short,How To Make Money Doing What You Love (Ikigai),@thefutur,https://www.youtube.com/watch?v=kk7y72B7IiE,2022-08-31,2026-07-14,skipped,3,,dup-of:corpus (short; concept-checked batch 247)
yt-IsES_8mjfwY,short,The Psychology Of Raising Your Prices,@thefutur,https://www.youtube.com/watch?v=IsES_8mjfwY,2022-08-29,2026-07-14,skipped,3,,dup-of:corpus (short; concept-checked batch 247)
yt-PlL506tsn1I,short,What Clients ACTUALLY Want From You,@thefutur,https://www.youtube.com/watch?v=PlL506tsn1I,2022-08-24,2026-07-14,skipped,3,,dup-of:corpus (short; concept-checked batch 247)
yt-3PDBbG-Yx4U,short,Talk About Budget Early w/ Clients,@thefutur,https://www.youtube.com/watch?v=3PDBbG-Yx4U,2022-08-23,2026-07-14,skipped,3,,dup-of:corpus (short; concept-checked batch 247)
yt-Ys79-78mw6M,short,Sales Roleplay— you're too expensive,@thefutur,https://www.youtube.com/watch?v=Ys79-78mw6M,2022-08-19,2026-07-14,skipped,3,,dup-of:corpus (short; concept-checked batch 247)
yt-i2d3dmbSlF0,short,The True Metric of Success,@thefutur,https://www.youtube.com/watch?v=i2d3dmbSlF0,2022-08-17,2026-07-14,skipped,3,,dup-of:corpus (short; concept-checked batch 247)
yt-yt8H1Wn1RAg,short,How to Find Your Market,@thefutur,https://www.youtube.com/watch?v=yt8H1Wn1RAg,2022-08-15,2026-07-14,skipped,3,,dup-of:corpus (short; concept-checked batch 247)
yt-vMPIQIeDG7w,short,The Importance of Being First In the Mind of the Customer,@thefutur,https://www.youtube.com/watch?v=vMPIQIeDG7w,2022-08-12,2026-07-14,skipped,3,,dup-of:corpus (short; concept-checked batch 248)
yt-VuYK8XkgTvg,short,Upload Your IG Carousels as Linkedin Documents to get more reach,@thefutur,https://www.youtube.com/watch?v=VuYK8XkgTvg,2022-08-10,2026-07-14,skipped,3,,dup-of:corpus (short; concept-checked batch 248)
yt-oPHIpNFSWeY,short,More Visual Real Estate,@thefutur,https://www.youtube.com/watch?v=oPHIpNFSWeY,2022-08-09,2026-07-14,skipped,3,,dup-of:corpus (short; concept-checked batch 248)
yt-B9MSCK-MX-g,short,How To Set Goals,@thefutur,https://www.youtube.com/watch?v=B9MSCK-MX-g,2022-08-08,2026-07-14,skipped,3,,dup-of:corpus (short; concept-checked batch 248)
yt-dl6i2My29Fw,short,What To Study To Get More Views On YouTube,@thefutur,https://www.youtube.com/watch?v=dl6i2My29Fw,2022-08-05,2026-07-14,skipped,3,,dup-of:corpus (short; concept-checked batch 248)
yt-7QHm-Yr_tg4,short,Being Vulnerable Is A Strength,@thefutur,https://www.youtube.com/watch?v=7QHm-Yr_tg4,2022-08-03,2026-07-14,skipped,3,,dup-of:corpus (short; concept-checked batch 248)
yt-hANpWMC5chs,short,The Market Is Bigger Than Your Target,@thefutur,https://www.youtube.com/watch?v=hANpWMC5chs,2022-08-01,2026-07-14,skipped,3,,dup-of:corpus (short; concept-checked batch 248)
yt-KZwrsuEAP5Q,short,Being Spotlighted By An Influencer…,@thefutur,https://www.youtube.com/watch?v=KZwrsuEAP5Q,2022-07-29,2026-07-14,skipped,3,,dup-of:corpus (short; concept-checked batch 248)
yt-4oXw1OQFIXw,short,Get Followers By Doing Guest Posts,@thefutur,https://www.youtube.com/watch?v=4oXw1OQFIXw,2022-07-27,2026-07-14,skipped,3,,dup-of:corpus (short; concept-checked batch 248)
yt-VnIra3xS3H8,short,How To Build A Deeper Relationship With a Client,@thefutur,https://www.youtube.com/watch?v=VnIra3xS3H8,2022-07-26,2026-07-14,skipped,3,,dup-of:corpus (short; concept-checked batch 248)
yt-LYMFHaKRpck,short,How To Stay Consistent In Creating Content,@thefutur,https://www.youtube.com/watch?v=LYMFHaKRpck,2022-07-25,2026-07-14,skipped,3,,dup-of:corpus (short; concept-checked batch 248)
yt-PdTPeRGGjtw,short,How To Create Content That Gets Views,@thefutur,https://www.youtube.com/watch?v=PdTPeRGGjtw,2022-07-22,2026-07-14,skipped,3,,dup-of:corpus (short; concept-checked batch 248)
yt-IayqXDMSDzw,short,Build Client Relationships Quickly,@thefutur,https://www.youtube.com/watch?v=IayqXDMSDzw,2022-07-21,2026-07-14,skipped,3,,dup-of:corpus (short; concept-checked batch 248)
yt-RsCEq_7xzqU,short,5 Tips For More Content Engagement,@thefutur,https://www.youtube.com/watch?v=RsCEq_7xzqU,2022-07-21,2026-07-14,skipped,3,,dup-of:corpus (short; concept-checked batch 248)
yt-sC9OUSwb6H8,short,Algorithms Explained,@thefutur,https://www.youtube.com/watch?v=sC9OUSwb6H8,2022-07-20,2026-07-14,skipped,3,,dup-of:corpus (short; concept-checked batch 248)
yt-CbTezrNKPZo,short,Why Social Proof Is So Persuasive,@thefutur,https://www.youtube.com/watch?v=CbTezrNKPZo,2022-07-18,2026-07-14,skipped,3,,dup-of:corpus (short; concept-checked batch 248)
yt-ysvoerUjAZY,short,2 Hacks To Increase Comments On Your Post,@thefutur,https://www.youtube.com/watch?v=ysvoerUjAZY,2022-07-15,2026-07-14,skipped,3,,dup-of:corpus (short; concept-checked batch 248)
yt-VSWfG6rirSo,short,How To Create Content That Gets Sales,@thefutur,https://www.youtube.com/watch?v=VSWfG6rirSo,2022-07-14,2026-07-14,skipped,3,,dup-of:corpus (short; concept-checked batch 248)
yt-_W2p7qD0OtY,short,3 Hacks For Viral Content,@thefutur,https://www.youtube.com/watch?v=_W2p7qD0OtY,2022-07-13,2026-07-14,skipped,3,,dup-of:corpus (short; concept-checked batch 248)
yt-xIHMfsqvlyE,short,The Power Of Being Your Full Self,@thefutur,https://www.youtube.com/watch?v=xIHMfsqvlyE,2022-07-12,2026-07-14,skipped,3,,dup-of:corpus (short; concept-checked batch 248)
yt-pyPhCFInKoM,short,Why Your Competitors Are Always Ahead Of You,@thefutur,https://www.youtube.com/watch?v=pyPhCFInKoM,2022-07-11,2026-07-14,skipped,3,,dup-of:corpus (short; concept-checked batch 248)
yt-w6wW3-awA2Y,short,Why You Don't Like Doing Creative Work Anymore,@thefutur,https://www.youtube.com/watch?v=w6wW3-awA2Y,2022-07-08,2026-07-14,skipped,3,,dup-of:corpus (short; concept-checked batch 248)
yt-AEi92BMrDzY,short,How To Inspire Clients To Want To Work With You,@thefutur,https://www.youtube.com/watch?v=AEi92BMrDzY,2022-07-07,2026-07-14,skipped,3,,dup-of:corpus (short; concept-checked batch 248)
yt-eNLL3TyRgeE,short,How To Secure The Job With Big Companies,@thefutur,https://www.youtube.com/watch?v=eNLL3TyRgeE,2022-07-06,2026-07-14,skipped,3,,dup-of:corpus (short; concept-checked batch 248)
yt-FTfVHwegSeM,short,4 Priorities To Win With Every Client,@thefutur,https://www.youtube.com/watch?v=FTfVHwegSeM,2022-07-05,2026-07-14,L2,3,sales-clients;business,"short; Blair Enns four-priority ladder as a unit (win-without-pitching/derail/inside-track/walk-away); framework Enns, Chris relays; L3-candidate"
yt-_Bgu2bsLAoE,short,1 Key Factor For Scaling Your Business,@thefutur,https://www.youtube.com/watch?v=_Bgu2bsLAoE,2022-07-04,2026-07-14,skipped,3,,dup-of:corpus (culture doctrine; business.md 9 hire/fire on values)
yt-QXpfcVmHHU4,short,Secret Biz Hack To Beat Your Comp,@thefutur,https://www.youtube.com/watch?v=QXpfcVmHHU4,2022-06-30,2026-07-14,skipped,3,,dup-of:corpus (out-teach 8 pages; audience ladder in content-strategy 2004)
yt-U328wWKwhw0,short,Rookie Business Mistakes,@thefutur,https://www.youtube.com/watch?v=U328wWKwhw0,2022-06-29,2026-07-14,skipped,3,,"dup-of:corpus (long-term plans are a fantasy; business.md 1239, dated 2019-09-17 with a tension note)"
yt-eY_WVjwt8UM,short,Defining Story Moments,@thefutur,https://www.youtube.com/watch?v=eY_WVjwt8UM,2022-06-28,2026-07-14,skipped,3,,dup-of:corpus (short; concept-checked batch 249)
yt-xuN3gZluAyY,short,The Answer To How Do I Get More Leads?,@thefutur,https://www.youtube.com/watch?v=xuN3gZluAyY,2022-06-27,2026-07-14,skipped,3,,dup-of:corpus (short; concept-checked batch 249)
yt-ap54UqlvYMI,short,Why Clients Aren't Buying From You,@thefutur,https://www.youtube.com/watch?v=ap54UqlvYMI,2022-06-24,2026-07-14,skipped,3,,dup-of:corpus (short; concept-checked batch 249)
yt-uwluFTZXbak,short,Your Weaknesses Are Where The Magic Is,@thefutur,https://www.youtube.com/watch?v=uwluFTZXbak,2022-06-22,2026-07-14,skipped,3,,dup-of:corpus (short; concept-checked batch 249)
yt-dHGYtQSTcPA,short,Have a Core Skill as your foundation,@thefutur,https://www.youtube.com/watch?v=dHGYtQSTcPA,2022-06-20,2026-07-14,skipped,3,,dup-of:corpus (short; concept-checked batch 249)
yt-Hl2QJJwq9RM,short,3 Benefits Of Specializing In Your Niche,@thefutur,https://www.youtube.com/watch?v=Hl2QJJwq9RM,2022-06-20,2026-07-14,skipped,3,,dup-of:corpus (short; concept-checked batch 249)
yt-DUyfG9Hlj1M,short,Simplify Your Positioning,@thefutur,https://www.youtube.com/watch?v=DUyfG9Hlj1M,2022-06-17,2026-07-14,skipped,3,,dup-of:corpus (short; concept-checked batch 249)
yt-GaNkWUKu2Ns,short,#1 Reason Why Most Entrepreneurs Fail,@thefutur,https://www.youtube.com/watch?v=GaNkWUKu2Ns,2022-06-17,2026-07-14,skipped,3,,dup-of:corpus (short; concept-checked batch 249)
yt-dA1zDEzDU5U,short,Spend All Your Down Time Marketing Your Business,@thefutur,https://www.youtube.com/watch?v=dA1zDEzDU5U,2022-06-16,2026-07-14,skipped,3,,dup-of:corpus (short; concept-checked batch 249)
yt-L3zUbQ4PRGA,short,#1 Thing Young Creatives Need To Get Better Clients,@thefutur,https://www.youtube.com/watch?v=L3zUbQ4PRGA,2022-06-14,2026-07-14,skipped,3,,dup-of:corpus (short; concept-checked batch 249)
yt-zVdZm3aS2nM,short,What It Will Actually Take To Build Your Dream Business,@thefutur,https://www.youtube.com/watch?v=zVdZm3aS2nM,2022-06-13,2026-07-14,skipped,3,,dup-of:corpus (short; concept-checked batch 249)
yt-3VMqo9uIZUA,short,How To Convince Buyers That Your Work Is Worth More,@thefutur,https://www.youtube.com/watch?v=3VMqo9uIZUA,2022-06-13,2026-07-14,skipped,3,,dup-of:corpus (short; concept-checked batch 249)
yt-LHXDlo-ZnC4,short,Why You Feel You Aren't Profiting From Your Business,@thefutur,https://www.youtube.com/watch?v=LHXDlo-ZnC4,2022-06-10,2026-07-14,skipped,3,,dup-of:corpus (short; concept-checked batch 249)
yt-At9DwhqLTbg,short,"Yes, No, Maybe…is Misleading",@thefutur,https://www.youtube.com/watch?v=At9DwhqLTbg,2022-06-09,2026-07-14,skipped,3,,dup-of:corpus (short; concept-checked batch 249)
yt-dkPYA6ddQns,short,How To Duplicate Yourself Inside Your Business,@thefutur,https://www.youtube.com/watch?v=dkPYA6ddQns,2022-06-09,2026-07-14,skipped,3,,dup-of:corpus (short; concept-checked batch 249)
yt-_rOcYUnzNuE,short,"It’s Not Too Late, You Just Have To Get Started",@thefutur,https://www.youtube.com/watch?v=_rOcYUnzNuE,2022-06-08,2026-07-14,skipped,3,,dup-of:corpus (short; concept-checked batch 249)
yt-4bguYsCtY88,short,Stop Using Cookie-Cutter Questions—Brand Strategy,@thefutur,https://www.youtube.com/watch?v=4bguYsCtY88,2022-06-07,2026-07-14,skipped,3,,dup-of:corpus (short; concept-checked batch 249)
yt-wR14dYGRNus,short,Your Success Equals Your Decisions,@thefutur,https://www.youtube.com/watch?v=wR14dYGRNus,2022-06-06,2026-07-14,skipped,3,,dup-of:corpus (short; concept-checked batch 249)
yt-_E3JxH7OsZo,short,How To Get Brand Name Clients,@thefutur,https://www.youtube.com/watch?v=_E3JxH7OsZo,2022-06-06,2026-07-14,skipped,3,,dup-of:corpus (short; concept-checked batch 249)
yt-LonD_PbMoWM,short,How Successful People Keep Winning,@thefutur,https://www.youtube.com/watch?v=LonD_PbMoWM,2022-06-03,2026-07-14,skipped,3,,dup-of:corpus (short; concept-checked batch 249)
yt-WllfSTFYDKg,short,Should I Post On My Company Or Personal Page?,@thefutur,https://www.youtube.com/watch?v=WllfSTFYDKg,2022-06-03,2026-07-14,skipped,3,,dup-of:corpus (short; concept-checked batch 249)
yt-ZGwRiwj2_XY,short,Stretch Your Creative Muscles,@thefutur,https://www.youtube.com/watch?v=ZGwRiwj2_XY,2022-06-02,2026-07-14,skipped,3,,dup-of:corpus (short; concept-checked batch 249)
yt-g6s55kP6s8M,short,Don't Compromise Your Life,@thefutur,https://www.youtube.com/watch?v=g6s55kP6s8M,2022-06-02,2026-07-14,skipped,3,,dup-of:corpus (short; concept-checked batch 250)
yt-FPhhPxdXYNY,short,Be The First To Raise An Objection,@thefutur,https://www.youtube.com/watch?v=FPhhPxdXYNY,2022-06-01,2026-07-14,skipped,3,,dup-of:corpus (short; concept-checked batch 250)
yt-d0CDcecTo8s,short,Stop Coming Across As An Amateur In Sales,@thefutur,https://www.youtube.com/watch?v=d0CDcecTo8s,2022-06-01,2026-07-14,skipped,3,,dup-of:corpus (short; concept-checked batch 250)
yt-ghszxunUxj8,short,Your Definition Of Sales Is Wrong,@thefutur,https://www.youtube.com/watch?v=ghszxunUxj8,2022-05-31,2026-07-14,skipped,3,,dup-of:corpus (short; concept-checked batch 250)
yt-07AhJfKt3kw,short,Ask 3 Questions To Find the Real Problem,@thefutur,https://www.youtube.com/watch?v=07AhJfKt3kw,2022-05-31,2026-07-14,skipped,3,,dup-of:corpus (short; concept-checked batch 250)
yt-GUjZaqQDC4E,short,Don't Give Your Time To Every Client That Calls,@thefutur,https://www.youtube.com/watch?v=GUjZaqQDC4E,2022-05-30,2026-07-14,skipped,3,,dup-of:corpus (short; concept-checked batch 250)
yt-3FCDrskZct4,short,Avoid Working With Self Diagnosed Clients,@thefutur,https://www.youtube.com/watch?v=3FCDrskZct4,2022-05-30,2026-07-14,skipped,3,,dup-of:corpus (short; concept-checked batch 250)
yt-BDZ2Qw2FQoA,short,Reframing Problems Into Opportunities,@thefutur,https://www.youtube.com/watch?v=BDZ2Qw2FQoA,2022-05-27,2026-07-14,skipped,3,,dup-of:corpus (short; concept-checked batch 250)
yt-GENfnPWNSXg,short,Why You're Scared To Commit To Your Dreams,@thefutur,https://www.youtube.com/watch?v=GENfnPWNSXg,2022-05-27,2026-07-14,skipped,3,,dup-of:corpus (short; concept-checked batch 250)
yt-nhvb6Lp0pgg,short,Being Busy is Ruining Your Life,@thefutur,https://www.youtube.com/watch?v=nhvb6Lp0pgg,2022-05-26,2026-07-14,skipped,3,,dup-of:corpus (short; concept-checked batch 250)
yt-hs5F-ATWyww,short,Play The Forever Game,@thefutur,https://www.youtube.com/watch?v=hs5F-ATWyww,2022-05-26,2026-07-14,skipped,3,,dup-of:corpus (short; concept-checked batch 250)
yt-vXSp0Ly9JbM,short,This Is Essential For Closing Any Client,@thefutur,https://www.youtube.com/watch?v=vXSp0Ly9JbM,2022-05-25,2026-07-14,skipped,3,,dup-of:corpus (short; concept-checked batch 250)
yt-zoLll0KeMZs,short,How To Actually Be An Expert,@thefutur,https://www.youtube.com/watch?v=zoLll0KeMZs,2022-05-25,2026-07-14,skipped,3,,dup-of:corpus (short; concept-checked batch 250)
yt-C38pck37NP0,short,Your Client's Problem Isn't Always 'THE' Problem,@thefutur,https://www.youtube.com/watch?v=C38pck37NP0,2022-05-24,2026-07-14,skipped,3,,dup-of:corpus (short; concept-checked batch 250)
yt-zyu1mxRnXLQ,short,Building Expertise Is Not An Overnight Thing,@thefutur,https://www.youtube.com/watch?v=zyu1mxRnXLQ,2022-05-24,2026-07-14,skipped,3,,dup-of:corpus (short; concept-checked batch 250)
yt-_uaOluEN228,short,Stop Giving Away Your Thinking For Free,@thefutur,https://www.youtube.com/watch?v=_uaOluEN228,2022-05-23,2026-07-14,skipped,3,,"dup-of:corpus (don't work before payment; free work 33, paid-to-think 17, deposit 23, design-as-byproduct in topics)"
yt-6CgBo80pSWU,short,How To Get Any Client To Agree To Your Price,@thefutur,https://www.youtube.com/watch?v=6CgBo80pSWU,2022-05-23,2026-07-14,skipped,3,,dup-of:corpus (short; concept-checked batch 250)
yt-dD8El0shyks,short,Naming Your Own Price Is Making You Lose Money,@thefutur,https://www.youtube.com/watch?v=dD8El0shyks,2022-05-20,2026-07-14,skipped,3,,dup-of:corpus (short; concept-checked batch 250)
yt-pSVs5cjaLTo,short,Better Together,@thefutur,https://www.youtube.com/watch?v=pSVs5cjaLTo,2022-05-20,2026-07-14,skipped,3,,no-content (music-only clip; caption track is 'forever [Music]')
yt-fWfJfQQ62As,short,4 Steps To Find Your Niche,@thefutur,https://www.youtube.com/watch?v=fWfJfQQ62As,2022-05-19,2026-07-14,skipped,3,,dup-of:corpus (short; concept-checked batch 250)
yt-YmDa3vyMYaA,short,"Work Hard, Play Harder",@thefutur,https://www.youtube.com/watch?v=YmDa3vyMYaA,NA,2026-07-14,L1,3,,no-captions (no subtitles available)
yt-Fj1zkl679KM,short,How Freelance Creatives Can Make More $$$,@thefutur,https://www.youtube.com/watch?v=Fj1zkl679KM,2022-05-18,2026-07-14,skipped,3,,dup-of:corpus (short; concept-checked batch 250)
yt-Rve35SVxzhY,short,The Only Way To Build Your Own Expertise,@thefutur,https://www.youtube.com/watch?v=Rve35SVxzhY,2022-05-18,2026-07-14,skipped,3,,dup-of:corpus (short; concept-checked batch 250)
yt-AUZ6ZB4Io-E,short,My Message To All The 'Experts' Out There,@thefutur,https://www.youtube.com/watch?v=AUZ6ZB4Io-E,2022-05-17,2026-07-14,skipped,3,,dup-of:corpus (short; concept-checked batch 250)
yt-mQSNZeLHvzg,short,The Key To Success ESPECIALLY If You're Young,@thefutur,https://www.youtube.com/watch?v=mQSNZeLHvzg,2022-05-17,2026-07-14,skipped,3,,dup-of:corpus (short; concept-checked batch 250)
yt-VeYKcj1D4o8,short,Always Use This Technique When Discussing Price,@thefutur,https://www.youtube.com/watch?v=VeYKcj1D4o8,2022-05-16,2026-07-14,skipped,3,,dup-of:corpus (short; concept-checked batch 251)
yt-vXRQNheI8co,short,The Only Time To Discount Your Prices,@thefutur,https://www.youtube.com/watch?v=vXRQNheI8co,2022-05-16,2026-07-14,skipped,3,,dup-of:corpus (short; concept-checked batch 251)
yt-EtyhvGYfUAw,short,Magic Phrase To Avoid Nightmare Clients,@thefutur,https://www.youtube.com/watch?v=EtyhvGYfUAw,2022-05-13,2026-07-14,skipped,3,,dup-of:corpus (short; concept-checked batch 251)
yt-e-KJkU-czTs,short,How To Attract More Leads,@thefutur,https://www.youtube.com/watch?v=e-KJkU-czTs,2022-05-13,2026-07-14,skipped,3,,dup-of:corpus (short; concept-checked batch 251)
yt-wMbYjU_r8hU,short,How To Win Life-Long Clients,@thefutur,https://www.youtube.com/watch?v=wMbYjU_r8hU,2022-05-12,2026-07-14,skipped,3,,dup-of:corpus (short; concept-checked batch 251)
yt-4Co-5TT6tqI,short,How To Write A Mission Statement,@thefutur,https://www.youtube.com/watch?v=4Co-5TT6tqI,2022-05-11,2026-07-14,skipped,3,,dup-of:corpus (short; concept-checked batch 251)
yt-Xsq-9HHGE0w,short,The Ultimate Sales Hack,@thefutur,https://www.youtube.com/watch?v=Xsq-9HHGE0w,2022-05-11,2026-07-14,skipped,3,,dup-of:corpus (short; concept-checked batch 251)
yt-Giu0rTyrvmw,short,How To Be A Good Manager,@thefutur,https://www.youtube.com/watch?v=Giu0rTyrvmw,2022-05-10,2026-07-14,skipped,3,,dup-of:corpus (cost of delay / dangers of delay; pricing + sales-clients + voice + system-prompt)
yt-vm7A_nSZ4Mw,short,Dealing With Complaining Customers,@thefutur,https://www.youtube.com/watch?v=vm7A_nSZ4Mw,2022-05-10,2026-07-14,skipped,3,,dup-of:corpus (short; concept-checked batch 251)
yt-kZ76SRT5UMk,short,Where The Majority Of Sales Come From,@thefutur,https://www.youtube.com/watch?v=kZ76SRT5UMk,2022-05-09,2026-07-14,skipped,3,,dup-of:corpus (short; concept-checked batch 251)
yt-XjvUXErOpIU,short,How To Not Micro Manage,@thefutur,https://www.youtube.com/watch?v=XjvUXErOpIU,2022-05-09,2026-07-14,skipped,3,,dup-of:corpus (short; concept-checked batch 251)
yt-tQlmD99E28k,short,Experts Don’t Have All The Answers,@thefutur,https://www.youtube.com/watch?v=tQlmD99E28k,2022-05-06,2026-07-14,skipped,3,,dup-of:corpus (short; concept-checked batch 251)
yt-W4B322pJBF0,short,Use A Good Story To Get Clients To Buy,@thefutur,https://www.youtube.com/watch?v=W4B322pJBF0,2022-05-06,2026-07-14,skipped,3,,dup-of:corpus (short; concept-checked batch 251)
yt-Q3Vw0fEKLzk,short,Worst Type Of Client To Do Business With,@thefutur,https://www.youtube.com/watch?v=Q3Vw0fEKLzk,2022-05-05,2026-07-14,skipped,3,,dup-of:corpus (short; concept-checked batch 251)
yt-zPS804lnBtM,short,Book Yourself First To Get Clients?,@thefutur,https://www.youtube.com/watch?v=zPS804lnBtM,2022-05-05,2026-07-14,skipped,3,,dup-of:corpus (short; concept-checked batch 251)
yt-XBIbI0AuPyg,short,Worst Sales Mistake Business Owners Make,@thefutur,https://www.youtube.com/watch?v=XBIbI0AuPyg,2022-05-04,2026-07-14,skipped,3,,dup-of:corpus (short; concept-checked batch 251)
yt-N9Ap7SzE-b0,short,Treat Time As A Currency,@thefutur,https://www.youtube.com/watch?v=N9Ap7SzE-b0,2022-05-04,2026-07-14,skipped,3,,dup-of:corpus (short; concept-checked batch 251)
yt-Si8b7Wixdvk,short,Most Effective Way To Manage Your Time (Framework),@thefutur,https://www.youtube.com/watch?v=Si8b7Wixdvk,2022-05-03,2026-07-14,skipped,3,,dup-of:corpus (short; concept-checked batch 251)
yt-9Kujy9lOp6Y,short,Don't Major In The Minors,@thefutur,https://www.youtube.com/watch?v=9Kujy9lOp6Y,2022-05-03,2026-07-14,skipped,3,,dup-of:corpus (short; concept-checked batch 251)
yt-BOZByhZOYJ4,short,Get High Paying Clients,@thefutur,https://www.youtube.com/watch?v=BOZByhZOYJ4,2022-05-02,2026-07-14,skipped,3,,dup-of:corpus (short; concept-checked batch 251)
yt-5NvUvIuouBY,short,How To Get Started On YouTube,@thefutur,https://www.youtube.com/watch?v=5NvUvIuouBY,2022-05-02,2026-07-14,skipped,3,,guest-only (Charlie Marie on her own YouTube start; Chris does not speak in the clip)
yt-72NdzMQeCYI,short,Put Your Oxygen Mask On First,@thefutur,https://www.youtube.com/watch?v=72NdzMQeCYI,2022-04-29,2026-07-14,skipped,3,,dup-of:corpus (short; concept-checked batch 251)
yt-lHxycBR9xc8,short,How To Price For Value,@thefutur,https://www.youtube.com/watch?v=lHxycBR9xc8,2022-04-29,2026-07-14,skipped,3,,dup-of:corpus (short; concept-checked batch 251)
yt-P67_1gxaflA,short,Wisdom is Experience + Reflection,@thefutur,https://www.youtube.com/watch?v=P67_1gxaflA,2022-04-28,2026-07-14,skipped,3,,dup-of:corpus (short; concept-checked batch 251)
yt-8RfJ6h_pQ-0,short,Low Budget Client (Roleplay),@thefutur,https://www.youtube.com/watch?v=8RfJ6h_pQ-0,2022-04-28,2026-07-14,skipped,3,,dup-of:corpus (short; concept-checked batch 251)
yt-jB_BWNZ0_c8,short,How To Have Infinite Leads,@thefutur,https://www.youtube.com/watch?v=jB_BWNZ0_c8,2022-04-27,2026-07-14,skipped,3,,dup-of:corpus (short; concept-checked batch 252)
yt-otCaH7uT5Us,short,Does The Client Desire a Solution Right Now?,@thefutur,https://www.youtube.com/watch?v=otCaH7uT5Us,2022-04-27,2026-07-14,skipped,3,,dup-of:corpus (short; concept-checked batch 252)
yt-Ynjhj1pz6s8,short,How To Sell Just Your Thinking,@thefutur,https://www.youtube.com/watch?v=Ynjhj1pz6s8,2022-04-26,2026-07-14,skipped,3,,dup-of:corpus (short; concept-checked batch 252)
yt--KfTCoS19iM,short,Should I Niche Down?,@thefutur,https://www.youtube.com/watch?v=-KfTCoS19iM,2022-04-26,2026-07-14,skipped,3,,dup-of:corpus (short; concept-checked batch 252)
yt-Z4ge8n408r8,short,Who Should I Hire First?,@thefutur,https://www.youtube.com/watch?v=Z4ge8n408r8,2022-04-25,2026-07-14,skipped,3,,dup-of:corpus (short; concept-checked batch 252)
yt-dptBWFmo-iE,short,Everyone Is Not As Happy As They Appear on Social,@thefutur,https://www.youtube.com/watch?v=dptBWFmo-iE,2022-04-25,2026-07-14,skipped,3,,dup-of:corpus (short; concept-checked batch 252)
yt-1oBgbRnQAQ4,short,Instagram Hashtag Strategy 2022,@thefutur,https://www.youtube.com/watch?v=1oBgbRnQAQ4,2022-04-21,2026-07-14,skipped,3,,dup-of:corpus (short; concept-checked batch 252)
yt-DNpyP-YIE-U,short,Done Is Better Than Perfect,@thefutur,https://www.youtube.com/watch?v=DNpyP-YIE-U,2022-04-20,2026-07-14,skipped,3,,guest-primary (Jake Fellman profile; already covered on 5 pages)
yt-kYjhayBDJC0,short,5 Steps To Start Creating Content,@thefutur,https://www.youtube.com/watch?v=kYjhayBDJC0,2022-04-20,2026-07-14,skipped,3,,dup-of:corpus (short; concept-checked batch 252)
yt-i-GHTS18YQ4,short,Your Ability to Say No is Proportionate To Price,@thefutur,https://www.youtube.com/watch?v=i-GHTS18YQ4,2022-04-19,2026-07-14,skipped,3,,dup-of:corpus (short; concept-checked batch 252)
yt-ZXMNAsGZnvY,short,Niche vs. Mass Media,@thefutur,https://www.youtube.com/watch?v=ZXMNAsGZnvY,2022-04-18,2026-07-14,skipped,3,,dup-of:corpus (short; concept-checked batch 252)
yt-PDaDyWJnVk0,short,3 Questions To Unlock Your Superpower,@thefutur,https://www.youtube.com/watch?v=PDaDyWJnVk0,2022-04-18,2026-07-14,skipped,3,,dup-of:corpus (short; concept-checked batch 252)
yt-Di-USE281-Y,short,Stack What Works Into One Post,@thefutur,https://www.youtube.com/watch?v=Di-USE281-Y,2022-04-15,2026-07-14,skipped,3,,dup-of:corpus (short; concept-checked batch 252)
yt-Anx4zuJWEFo,short,Passion is the Genesis of Genius,@thefutur,https://www.youtube.com/watch?v=Anx4zuJWEFo,2022-04-15,2026-07-14,skipped,3,,dup-of:corpus (short; concept-checked batch 252)
yt-Y2-tx2v9Ojw,short,Tips To Grow On Social Media,@thefutur,https://www.youtube.com/watch?v=Y2-tx2v9Ojw,2022-04-14,2026-07-14,skipped,3,,dup-of:corpus (short; concept-checked batch 252)
yt-TslRqJ6e8FY,short,'You're Too Expensive' (Sales Objection),@thefutur,https://www.youtube.com/watch?v=TslRqJ6e8FY,2022-04-13,2026-07-14,skipped,3,,dup-of:corpus (short; concept-checked batch 252)
yt-CyHEDKKcIMk,short,1000 True Fans,@thefutur,https://www.youtube.com/watch?v=CyHEDKKcIMk,2022-04-13,2026-07-14,skipped,3,,dup-of:corpus (short; concept-checked batch 252)
yt-z2GhKNgpcxM,short,How to Get Paid to Think,@thefutur,https://www.youtube.com/watch?v=z2GhKNgpcxM,2022-04-12,2026-07-14,skipped,3,,dup-of:corpus (short; concept-checked batch 252)
yt-7B5JXFFEJ7U,short,Work Life Balance Is A Scam,@thefutur,https://www.youtube.com/watch?v=7B5JXFFEJ7U,2022-04-12,2026-07-14,skipped,3,,dup-of:corpus (short; concept-checked batch 252)
yt-b71evCdR3xA,short,Get Future Work Instead of Money?!!,@thefutur,https://www.youtube.com/watch?v=b71evCdR3xA,2022-04-11,2026-07-14,skipped,3,,dup-of:corpus (short; concept-checked batch 252)
yt-FH0U-D05MrI,short,Content Marketing vs. Direct Sales,@thefutur,https://www.youtube.com/watch?v=FH0U-D05MrI,2022-04-11,2026-07-14,skipped,3,,dup-of:corpus (short; concept-checked batch 252)
yt-Bi5tRuXyteY,short,Are You Really a Brand Strategist?,@thefutur,https://www.youtube.com/watch?v=Bi5tRuXyteY,2022-04-08,2026-07-14,skipped,3,,dup-of:corpus (short; concept-checked batch 252)
yt-SViT4JosuaU,short,What Role Do You Play In Your Business?,@thefutur,https://www.youtube.com/watch?v=SViT4JosuaU,2022-04-08,2026-07-14,skipped,3,,dup-of:corpus (short; concept-checked batch 252)
yt-34Eeq5RWSc0,short,Overcome Your Fear of Public Speaking,@thefutur,https://www.youtube.com/watch?v=34Eeq5RWSc0,2022-04-07,2026-07-14,skipped,3,,dup-of:yt-DWBZRZRkEGk (invert the lens / stage fright; already in persona/system-prompt)
yt-IDlU1gryZxU,short,Should You Quit Your Job?,@thefutur,https://www.youtube.com/watch?v=IDlU1gryZxU,2022-04-06,2026-07-14,skipped,3,,dup-of:corpus (short; concept-checked batch 252)
yt-yTNW1nktSME,short,Reprogram Your Mind,@thefutur,https://www.youtube.com/watch?v=yTNW1nktSME,2022-04-06,2026-07-14,skipped,3,,dup-of:corpus (short; concept-checked batch 253)
yt-1ILv8CspwlI,short,'I Can Get It Cheaper Elsewhere' (Sales Script),@thefutur,https://www.youtube.com/watch?v=1ILv8CspwlI,2022-04-05,2026-07-14,skipped,3,,dup-of:corpus (short; concept-checked batch 253)
yt-RY45y0645tg,short,How To Become Great At Sales,@thefutur,https://www.youtube.com/watch?v=RY45y0645tg,2022-04-05,2026-07-14,skipped,3,,dup-of:corpus (short; concept-checked batch 253)
yt-1uOI0O9VEoc,short,Being 'Unique' Is A Myth,@thefutur,https://www.youtube.com/watch?v=1uOI0O9VEoc,2022-04-04,2026-07-14,skipped,3,,dup-of:corpus (short; concept-checked batch 253)
yt-sI1vLQX0eL8,short,Give Away All Your Secrets,@thefutur,https://www.youtube.com/watch?v=sI1vLQX0eL8,2022-04-04,2026-07-14,skipped,3,,dup-of:corpus (short; concept-checked batch 253)
yt-weiQZmrR304,short,Some Stress Is Good,@thefutur,https://www.youtube.com/watch?v=weiQZmrR304,2022-04-01,2026-07-14,skipped,3,,dup-of:corpus (short; concept-checked batch 253)
yt-l2TS45sUqqI,short,Don’t Rush To Sell When Your Client Isn’t Ready,@thefutur,https://www.youtube.com/watch?v=l2TS45sUqqI,2022-04-01,2026-07-14,skipped,3,,dup-of:corpus (short; concept-checked batch 253)
yt-jtpSwU7p8no,short,How To Side Hustle Without Burnout,@thefutur,https://www.youtube.com/watch?v=jtpSwU7p8no,2022-03-31,2026-07-14,skipped,3,,dup-of:corpus (short; concept-checked batch 253)
yt-UzBouBYiL-I,short,The Only 20 Seconds You Need,@thefutur,https://www.youtube.com/watch?v=UzBouBYiL-I,2022-03-31,2026-07-14,skipped,3,,dup-of:corpus (short; concept-checked batch 253)
yt-HEYVxe3tlw0,short,Why Most Entrepreneurs Don’t Succeed,@thefutur,https://www.youtube.com/watch?v=HEYVxe3tlw0,2022-03-30,2026-07-14,skipped,3,,dup-of:corpus (short; concept-checked batch 253)
yt-o0jFqm83sUU,short,Don’t Waste Time With Every Client,@thefutur,https://www.youtube.com/watch?v=o0jFqm83sUU,2022-03-30,2026-07-14,skipped,3,,dup-of:corpus (short; concept-checked batch 253)
yt-b9l6IQ80iXw,short,It’s Your Fault You’re Stuck,@thefutur,https://www.youtube.com/watch?v=b9l6IQ80iXw,2022-03-29,2026-07-14,skipped,3,,dup-of:corpus (short; concept-checked batch 253)
yt-adgYKoiINBQ,short,Success Doesn't Happen Overnight,@thefutur,https://www.youtube.com/watch?v=adgYKoiINBQ,2022-03-29,2026-07-14,skipped,3,,dup-of:corpus (short; concept-checked batch 253)
yt-t14YRpwj9Ck,short,The Best Business Advice I've Gotten,@thefutur,https://www.youtube.com/watch?v=t14YRpwj9Ck,2022-03-28,2026-07-14,skipped,3,,dup-of:corpus (short; concept-checked batch 253)
yt-RYAzX778Jl0,short,You’re More Than Your Work,@thefutur,https://www.youtube.com/watch?v=RYAzX778Jl0,2022-03-28,2026-07-14,skipped,3,,dup-of:corpus (short; concept-checked batch 253)
yt-4KYevDPwWIo,short,Are You Solving A Real Business Problem?,@thefutur,https://www.youtube.com/watch?v=4KYevDPwWIo,2022-03-25,2026-07-14,skipped,3,,dup-of:corpus (short; concept-checked batch 253)
yt-0JKpURxct2M,short,Do Less But Better,@thefutur,https://www.youtube.com/watch?v=0JKpURxct2M,2022-03-25,2026-07-14,skipped,3,,dup-of:corpus (short; concept-checked batch 253)
yt-mCUZirgZ9Hw,short,Be A Servant Leader,@thefutur,https://www.youtube.com/watch?v=mCUZirgZ9Hw,2022-03-24,2026-07-14,skipped,3,,dup-of:corpus (short; concept-checked batch 253)
yt-OEvnoCjqpik,short,Learn By Teaching,@thefutur,https://www.youtube.com/watch?v=OEvnoCjqpik,2022-03-24,2026-07-14,skipped,3,,dup-of:corpus (short; concept-checked batch 253)
yt-_uc9eO_44KY,short,How Not To Start a Livestream,@thefutur,https://www.youtube.com/watch?v=_uc9eO_44KY,2022-03-23,2026-07-14,skipped,3,,dup-of:corpus (short; concept-checked batch 253)
yt-zxwJHIhJqyQ,short,Don't Be Salesy To Get Clients,@thefutur,https://www.youtube.com/watch?v=zxwJHIhJqyQ,2022-03-23,2026-07-14,skipped,3,,dup-of:corpus (short; concept-checked batch 253)
yt-7CBYvAvIpnE,short,Why I Don't Have Old Friends,@thefutur,https://www.youtube.com/watch?v=7CBYvAvIpnE,2022-03-22,2026-07-14,skipped,3,,dup-of:corpus (short; concept-checked batch 253)
yt-h9bJ42JYA0M,short,Why Clients Aren’t Seeking You Out,@thefutur,https://www.youtube.com/watch?v=h9bJ42JYA0M,2022-03-22,2026-07-14,skipped,3,,dup-of:corpus (short; concept-checked batch 253)
yt--kllLiNJjPc,short,Have A Method To Your Madness,@thefutur,https://www.youtube.com/watch?v=-kllLiNJjPc,2022-03-21,2026-07-14,skipped,3,,"dup-of:yt-5a488th9fkM (ditch-digging -> codified methodology; little variability in process implies little variability in outcome, 2021-04-20)"
yt-SaAZziK1KNQ,short,Brand Strategy Is Like Dating,@thefutur,https://www.youtube.com/watch?v=SaAZziK1KNQ,NA,2026-07-14,L1,3,,no-captions (no subtitles available)
yt-wfcP1FtWtng,short,The Secret Weapon To Staying On Track,@thefutur,https://www.youtube.com/watch?v=wfcP1FtWtng,2022-03-18,2026-07-14,skipped,3,,dup-of:corpus (short; concept-checked batch 254)
yt-Qqtxl_D7O7w,short,The Key To Make People to Commit,@thefutur,https://www.youtube.com/watch?v=Qqtxl_D7O7w,2022-03-18,2026-07-14,skipped,3,,dup-of:corpus (short; concept-checked batch 254)
yt-K-dNgEXHPL8,short,How Dreams Can Help You Solve Problems,@thefutur,https://www.youtube.com/watch?v=K-dNgEXHPL8,2022-03-17,2026-07-14,skipped,3,,"guest-only (Nicolina profile; Dutch dream expert, not the subject)"
yt-PdkDODErhG8,short,Run Towards Your Fears,@thefutur,https://www.youtube.com/watch?v=PdkDODErhG8,2022-03-17,2026-07-14,skipped,3,,dup-of:corpus (short; concept-checked batch 254)
yt-4rAG4bhZC08,short,Win With Small Goals,@thefutur,https://www.youtube.com/watch?v=4rAG4bhZC08,2022-03-16,2026-07-14,skipped,3,,dup-of:corpus (short; concept-checked batch 254)
yt-E7J4kPnqfNg,short,How To Ask For Referrals,@thefutur,https://www.youtube.com/watch?v=E7J4kPnqfNg,2022-03-16,2026-07-14,skipped,3,,dup-of:corpus (short; concept-checked batch 254)
yt-pQzlFkF61yg,short,Always Challenge Yourself,@thefutur,https://www.youtube.com/watch?v=pQzlFkF61yg,2022-03-15,2026-07-14,skipped,3,,dup-of:corpus (short; concept-checked batch 254)
yt-vpAMfnBRbJ0,short,Find Your People,@thefutur,https://www.youtube.com/watch?v=vpAMfnBRbJ0,2022-03-15,2026-07-14,skipped,3,,dup-of:corpus (short; concept-checked batch 254)
yt-mTkaz4Idr24,short,Don't Waste Your Client's Time,@thefutur,https://www.youtube.com/watch?v=mTkaz4Idr24,2022-03-14,2026-07-14,skipped,3,,"dup-of:yt-F06ePJZEmK0 (Slade Smiley / Real Housewives meeting anecdote, 2015-09-15)"
yt-w38bOsId5c0,short,Cold Calling To Get Work,@thefutur,https://www.youtube.com/watch?v=w38bOsId5c0,2022-03-14,2026-07-14,skipped,3,,dup-of:corpus (short; concept-checked batch 254)
yt-ksA-xQ1iQWc,short,Help Clients For Free & They Will Buy,@thefutur,https://www.youtube.com/watch?v=ksA-xQ1iQWc,2022-03-11,2026-07-14,skipped,3,,dup-of:corpus (short; concept-checked batch 254)
yt-1znnkx_T-hk,short,Brands Need Personality,@thefutur,https://www.youtube.com/watch?v=1znnkx_T-hk,NA,2026-07-14,L1,3,,no-captions (no subtitles available)
yt-CmKwkBJb4ww,short,Always Be Asking - How Valuable Am I?,@thefutur,https://www.youtube.com/watch?v=CmKwkBJb4ww,2022-03-10,2026-07-14,skipped,3,,dup-of:corpus (short; concept-checked batch 254)
yt-1GvedzBGPmI,short,The Figure That Keeps Your Business Alive,@thefutur,https://www.youtube.com/watch?v=1GvedzBGPmI,2022-03-10,2026-07-14,skipped,3,,dup-of:corpus (short; concept-checked batch 254)
yt-K6YbgWZw28s,short,Culture Comes Before Brand,@thefutur,https://www.youtube.com/watch?v=K6YbgWZw28s,2022-03-09,2026-07-14,skipped,3,,dup-of:corpus (short; concept-checked batch 254)
yt-3xC0SYrKZ_c,short,Your Voice Is What Gets You Work,@thefutur,https://www.youtube.com/watch?v=3xC0SYrKZ_c,2022-03-09,2026-07-14,skipped,3,,dup-of:corpus (short; concept-checked batch 254)
yt-v9qCNIOn0Us,short,How Does Chris Do Prepare for Livestreams?,@thefutur,https://www.youtube.com/watch?v=v9qCNIOn0Us,NA,2026-07-14,L1,3,,no-captions (no subtitles available)
yt-GBNQeLgFjKw,short,Go All In On Your Strengths,@thefutur,https://www.youtube.com/watch?v=GBNQeLgFjKw,2022-03-08,2026-07-14,skipped,3,,dup-of:corpus (short; concept-checked batch 254)
yt-lybtys1FrzI,short,The MVP Tool You Have As A Creative,@thefutur,https://www.youtube.com/watch?v=lybtys1FrzI,2022-03-07,2026-07-14,skipped,3,,dup-of:corpus (short; concept-checked batch 254)
yt-itPaLdBI4AU,short,How To Show Passion In Your Portfolio,@thefutur,https://www.youtube.com/watch?v=itPaLdBI4AU,NA,2026-07-14,L1,3,,no-captions (no subtitles available)
yt-ADVFtsQGse8,short,Start with Failure,@thefutur,https://www.youtube.com/watch?v=ADVFtsQGse8,2022-03-04,2026-07-14,skipped,3,,dup-of:corpus (short; concept-checked batch 254)
yt-UpLkTW7LzKI,short,Tips to Grow Your Business,@thefutur,https://www.youtube.com/watch?v=UpLkTW7LzKI,2022-03-03,2026-07-14,skipped,3,,dup-of:corpus (short; concept-checked batch 254)
yt-sYIbLV84GtE,short,Handle Complaints Swiftly And You'll Build Loyalty,@thefutur,https://www.youtube.com/watch?v=sYIbLV84GtE,2022-03-02,2026-07-14,skipped,3,,dup-of:corpus (short; concept-checked batch 254)
yt-nlksq4g5P_8,short,Success Begins Here,@thefutur,https://www.youtube.com/watch?v=nlksq4g5P_8,2022-03-02,2026-07-14,skipped,3,,dup-of:corpus (short; concept-checked batch 254)
yt-bzP4hK5YOfA,short,How To Make Better Decisions,@thefutur,https://www.youtube.com/watch?v=bzP4hK5YOfA,2022-03-01,2026-07-14,skipped,3,,dup-of:corpus (short; concept-checked batch 254)
yt-S6lU99oFZt0,short,Be Confident In Your Rate,@thefutur,https://www.youtube.com/watch?v=S6lU99oFZt0,2022-03-01,2026-07-14,skipped,3,,dup-of:corpus (short; concept-checked batch 255)
yt--lAZfh2Ur20,short,Take Control Of The Negotiation,@thefutur,https://www.youtube.com/watch?v=-lAZfh2Ur20,2022-02-28,2026-07-14,skipped,3,,dup-of:corpus (law of contrast / anchor first; anchoring doctrine held across pricing+sales-clients)
yt-MR0JJp3Dd3M,short,How Introverts Can Get Leads,@thefutur,https://www.youtube.com/watch?v=MR0JJp3Dd3M,2022-02-28,2026-07-14,skipped,3,,dup-of:corpus (short; concept-checked batch 255)
yt-hAaD_u2U2l8,short,How To Sell Strategy,@thefutur,https://www.youtube.com/watch?v=hAaD_u2U2l8,2022-02-25,2026-07-14,skipped,3,,dup-of:corpus (short; concept-checked batch 255)
yt-N8Iqgwr7loE,short,Every Conversation You Have Will Help You With Clients,@thefutur,https://www.youtube.com/watch?v=N8Iqgwr7loE,NA,2026-07-14,L1,3,,no-captions (no subtitles available)
yt-oZmVBrN15tM,short,The 8 Things To Grow Your Business,@thefutur,https://www.youtube.com/watch?v=oZmVBrN15tM,2022-02-24,2026-07-14,skipped,3,,dup-of:corpus (short; concept-checked batch 255)
yt-d2q_Y6tiJ8c,short,Start Before You’re Ready — with Hoodzpah,@thefutur,https://www.youtube.com/watch?v=d2q_Y6tiJ8c,2022-02-24,2026-07-14,skipped,3,,guest-only (Jennifer + Amy Hood / Hoodzpah profile)
yt-3e9EbIrgXVg,short,How To Hire The Best Employees,@thefutur,https://www.youtube.com/watch?v=3e9EbIrgXVg,2022-02-23,2026-07-14,skipped,3,,dup-of:corpus (short; concept-checked batch 255)
yt-lwkxI-EzHhs,short,When Do You Fire A Client?,@thefutur,https://www.youtube.com/watch?v=lwkxI-EzHhs,2022-02-23,2026-07-14,skipped,3,,dup-of:corpus (short; concept-checked batch 255)
yt-1zNfpEMHVkw,short,How To Run A Business,@thefutur,https://www.youtube.com/watch?v=1zNfpEMHVkw,2022-02-22,2026-07-14,skipped,3,,dup-of:corpus (short; concept-checked batch 255)
yt-2rP7UoIRa88,short,4 Interview Tips That You NEED To Do – Part 1,@thefutur,https://www.youtube.com/watch?v=2rP7UoIRa88,2022-02-22,2026-07-14,skipped,3,,dup-of:corpus (short; concept-checked batch 255)
yt-YrfB9uNoMEU,short,Dealing With Pricing Objections,@thefutur,https://www.youtube.com/watch?v=YrfB9uNoMEU,2022-02-21,2026-07-14,skipped,3,,dup-of:corpus (short; concept-checked batch 255)
yt-2yd-zkWuEIk,short,3 Things To Do When Having Trouble Making The Sale,@thefutur,https://www.youtube.com/watch?v=2yd-zkWuEIk,2022-02-21,2026-07-14,skipped,3,,dup-of:corpus (short; concept-checked batch 255)
yt-Hsipbw-N2nY,short,What Is A Stylescape?,@thefutur,https://www.youtube.com/watch?v=Hsipbw-N2nY,2022-02-18,2026-07-14,skipped,3,,dup-of:corpus (short; concept-checked batch 255)
yt-0genxRgb5ZY,short,This Is When You'll Burn Out ⏰,@thefutur,https://www.youtube.com/watch?v=0genxRgb5ZY,2022-02-18,2026-07-14,skipped,3,,dup-of:corpus (short; concept-checked batch 255)
yt-KZAZcyvxLHk,short,How To Calculate Your Production Cost,@thefutur,https://www.youtube.com/watch?v=KZAZcyvxLHk,2022-02-17,2026-07-14,skipped,3,,dup-of:corpus (short; concept-checked batch 255)
yt-RdBhRH4ChTs,short,Work Life Balance Is Wrong,@thefutur,https://www.youtube.com/watch?v=RdBhRH4ChTs,2022-02-17,2026-07-14,skipped,3,,dup-of:corpus (short; concept-checked batch 255)
yt-ekkJwRm1YtA,short,"When Your Risk Goes Up, Your Profit Goes Up",@thefutur,https://www.youtube.com/watch?v=ekkJwRm1YtA,2022-02-16,2026-07-14,skipped,3,,dup-of:corpus (short; concept-checked batch 255)
yt-n18wQwjpt4k,short,LaFarge – Fonts You NEED To Know,@thefutur,https://www.youtube.com/watch?v=n18wQwjpt4k,2022-02-16,2026-07-14,skipped,3,,"attribution-uncertain (Fonts You NEED To Know produced series; editorial script register, no self-identification - not persona data)"
yt-DkpN_v7oCUQ,short,Pivot From Price To Value,@thefutur,https://www.youtube.com/watch?v=DkpN_v7oCUQ,2022-02-15,2026-07-14,skipped,3,,dup-of:corpus (short; concept-checked batch 255)
yt-_pX6UyDtFF8,short,You Don't Have To Struggle With Your Business Anymore,@thefutur,https://www.youtube.com/watch?v=_pX6UyDtFF8,2022-02-15,2026-07-14,skipped,3,,dup-of:corpus (short; concept-checked batch 255)
yt-2_O7Zx-MlPs,short,Don't Sell What You've Already Sold,@thefutur,https://www.youtube.com/watch?v=2_O7Zx-MlPs,2022-02-14,2026-07-14,skipped,3,,dup-of:corpus (short; concept-checked batch 255)
yt-zOEREF_zLYU,short,3 Things To Do Now,@thefutur,https://www.youtube.com/watch?v=zOEREF_zLYU,2022-02-14,2026-07-14,skipped,3,,dup-of:corpus (short; concept-checked batch 255)
yt-1SxbmbssIPo,short,You Can't Afford Me,@thefutur,https://www.youtube.com/watch?v=1SxbmbssIPo,2022-02-11,2026-07-14,skipped,3,,dup-of:corpus (short; concept-checked batch 255)
yt-NGslaYPZoPA,short,Let Me Tell You A Personal Story...,@thefutur,https://www.youtube.com/watch?v=NGslaYPZoPA,2022-02-11,2026-07-14,skipped,3,,dup-of:corpus (short; concept-checked batch 255)
yt-uo_e3ltZ8WU,short,NFTs: The Future Or All Hype?,@thefutur,https://www.youtube.com/watch?v=uo_e3ltZ8WU,2022-02-10,2026-07-14,skipped,3,,guest-only (Rich Cardona profile)
yt-loFLMcZ-ojs,short,Too Many Options Is Killing Your Sales,@thefutur,https://www.youtube.com/watch?v=loFLMcZ-ojs,2022-02-09,2026-07-14,skipped,3,,dup-of:corpus (short; concept-checked batch 256)
yt-k2ZzldiIj2k,short,You Are Not An Order Taker,@thefutur,https://www.youtube.com/watch?v=k2ZzldiIj2k,2022-02-09,2026-07-14,skipped,3,,dup-of:corpus (short; concept-checked batch 256)
yt-sZjCNXvYaqo,short,Conquer Your Perfectionist,@thefutur,https://www.youtube.com/watch?v=sZjCNXvYaqo,2022-02-08,2026-07-14,skipped,3,,dup-of:corpus (short; concept-checked batch 256)
yt-vDEXZfdYn_Q,short,ALWAYS Provide 3 Price Options,@thefutur,https://www.youtube.com/watch?v=vDEXZfdYn_Q,2022-02-08,2026-07-14,skipped,3,,dup-of:corpus (short; concept-checked batch 256)
yt-9BNirKR1D3A,short,Don't Resent Your Clients,@thefutur,https://www.youtube.com/watch?v=9BNirKR1D3A,2022-02-08,2026-07-14,skipped,3,,dup-of:corpus (short; concept-checked batch 256)
yt-PtBnnWRKJ8c,short,3 Reasons You're Not Getting Hired,@thefutur,https://www.youtube.com/watch?v=PtBnnWRKJ8c,2022-02-07,2026-07-14,skipped,3,,dup-of:corpus (short; concept-checked batch 256)
yt-qtmpJi-4taw,short,Archivo – Fonts You NEED To Know,@thefutur,https://www.youtube.com/watch?v=qtmpJi-4taw,2022-02-07,2026-07-14,skipped,3,,"attribution-uncertain (Fonts You NEED To Know series, same opening formula as yt-n18wQwjpt4k; see wiki/gaps.md typeface gap)"
yt-1aaCdZC-sus,short,"Focus On Objectives, Not Aesthetics",@thefutur,https://www.youtube.com/watch?v=1aaCdZC-sus,2022-02-04,2026-07-14,skipped,3,,dup-of:corpus (short; concept-checked batch 256)
yt-KrBcXVfcjEs,short,How To Manage Your Time,@thefutur,https://www.youtube.com/watch?v=KrBcXVfcjEs,2022-02-04,2026-07-14,skipped,3,,dup-of:corpus (short; concept-checked batch 256)
yt-dmh9hzjVmvg,short,Moving From An Introvert To An Extrovert,@thefutur,https://www.youtube.com/watch?v=dmh9hzjVmvg,2022-02-03,2026-07-14,skipped,3,,dup-of:corpus (short; concept-checked batch 256)
yt-dun9_6buMrs,short,To Anyone Feeling Stuck Right Now,@thefutur,https://www.youtube.com/watch?v=dun9_6buMrs,2022-02-03,2026-07-14,skipped,3,,dup-of:corpus (short; concept-checked batch 256)
yt-PuHUq-w_L0o,short,Tell Your Story To Build An Audience,@thefutur,https://www.youtube.com/watch?v=PuHUq-w_L0o,2022-02-02,2026-07-14,skipped,3,,dup-of:corpus (short; concept-checked batch 256)
yt-nzuE1qdc9Vg,short,Stop Caring About What People Think of You,@thefutur,https://www.youtube.com/watch?v=nzuE1qdc9Vg,2022-02-02,2026-07-14,skipped,3,,dup-of:corpus (short; concept-checked batch 256)
yt-ymJMMCSsPZY,short,Avoid These Clients!!!,@thefutur,https://www.youtube.com/watch?v=ymJMMCSsPZY,2022-02-01,2026-07-14,skipped,3,,dup-of:corpus (short; concept-checked batch 256)
yt-I1uw_cgRX2I,short,Are You Too Old For Social Media?,@thefutur,https://www.youtube.com/watch?v=I1uw_cgRX2I,2022-02-01,2026-07-14,skipped,3,,dup-of:corpus (short; concept-checked batch 256)
yt-mKz1E5VFH3Y,short,Make The Minimum Viable Product,@thefutur,https://www.youtube.com/watch?v=mKz1E5VFH3Y,2022-01-31,2026-07-14,skipped,3,,dup-of:corpus (short; concept-checked batch 256)
yt-g19j9hhI_i8,short,Is Finding Your “Style” A Creative Trap?,@thefutur,https://www.youtube.com/watch?v=g19j9hhI_i8,2022-01-31,2026-07-14,skipped,3,,guest-only (Aaron Duffy profile)
yt-h5g7SAMM4kw,short,Getting To Yes,@thefutur,https://www.youtube.com/watch?v=h5g7SAMM4kw,2022-01-28,2026-07-14,skipped,3,,dup-of:corpus (short; concept-checked batch 256)
yt-bCIuimPrjm0,short,The Power Of 3,@thefutur,https://www.youtube.com/watch?v=bCIuimPrjm0,2022-01-28,2026-07-14,skipped,3,,"dup-of:yt-X_tUOfHpoyM (first advertising job won with three or four curated pieces, 2017-04-22)"
yt-u6dUjtEYSgY,short,Branding Isn't What You Think,@thefutur,https://www.youtube.com/watch?v=u6dUjtEYSgY,2022-01-27,2026-07-14,skipped,3,,dup-of:corpus (short; concept-checked batch 256)
yt-SXRzYaNu0XU,short,How To Avoid Overworking Yourself For One Client,@thefutur,https://www.youtube.com/watch?v=SXRzYaNu0XU,2022-01-27,2026-07-14,skipped,3,,dup-of:corpus (short; concept-checked batch 256)
yt-fuo1Pt5FeCM,short,Speak Business To The Client - Roleplay,@thefutur,https://www.youtube.com/watch?v=fuo1Pt5FeCM,2022-01-26,2026-07-14,skipped,3,,dup-of:corpus (short; concept-checked batch 256)
yt-aSMvDbcwlk0,short,How To Attract Overseas Clients,@thefutur,https://www.youtube.com/watch?v=aSMvDbcwlk0,NA,2026-07-14,L1,3,,no-captions (no subtitles available)
yt-jgmDFIgZLcc,short,Making The Pivot To Strategy,@thefutur,https://www.youtube.com/watch?v=jgmDFIgZLcc,2022-01-25,2026-07-14,skipped,3,,dup-of:corpus (short; concept-checked batch 256)
yt-Su3KTdOhgro,short,Newsreader – Fonts You NEED To Know,@thefutur,https://www.youtube.com/watch?v=Su3KTdOhgro,2022-01-25,2026-07-14,skipped,3,,"attribution-uncertain (Fonts You NEED To Know, THIRD instance of the same opening formula; see wiki/gaps.md)"
yt-nEeBPeFRtdM,short,1 Simple Step To Close A Sales Deal,@thefutur,https://www.youtube.com/watch?v=nEeBPeFRtdM,2022-01-24,2026-07-14,skipped,3,,dup-of:corpus (short; concept-checked batch 257)
yt-G66s3dqiTd8,short,Be In Service Of The Client,@thefutur,https://www.youtube.com/watch?v=G66s3dqiTd8,2022-01-24,2026-07-14,skipped,3,,dup-of:corpus (short; concept-checked batch 257)
yt-vEFVAQbADAg,short,Don’t Use A Script To Sell,@thefutur,https://www.youtube.com/watch?v=vEFVAQbADAg,2022-01-21,2026-07-14,skipped,3,,dup-of:corpus (short; concept-checked batch 257)
yt-JPJ_vBd8Jxo,short,An Alternative To Selling Services,@thefutur,https://www.youtube.com/watch?v=JPJ_vBd8Jxo,2022-01-21,2026-07-14,skipped,3,,dup-of:corpus (short; concept-checked batch 257)
yt-RYLuexJcYoE,short,How To Set Client Expectations,@thefutur,https://www.youtube.com/watch?v=RYLuexJcYoE,NA,2026-07-14,L1,3,,no-captions (no subtitles available)
yt-khTDZOympw4,short,Why Creatives Need A Salesperson,@thefutur,https://www.youtube.com/watch?v=khTDZOympw4,2022-01-20,2026-07-14,skipped,3,,dup-of:corpus (short; concept-checked batch 257)
yt-2tgiSz-1Fic,short,Price Is Not ALWAYS The Problem When Buying,@thefutur,https://www.youtube.com/watch?v=2tgiSz-1Fic,2022-01-19,2026-07-14,skipped,3,,dup-of:corpus (short; concept-checked batch 257)
yt-Txn6KAX18HQ,short,Talk About Money Early,@thefutur,https://www.youtube.com/watch?v=Txn6KAX18HQ,2022-01-19,2026-07-14,skipped,3,,dup-of:corpus (short; concept-checked batch 257)
yt-Iugm8rfShEA,short,Include A Contingency Fee For When Things Go Wrong,@thefutur,https://www.youtube.com/watch?v=Iugm8rfShEA,NA,2026-07-14,L1,3,,no-captions (no subtitles available)
yt-Cu1PRjJ_BUc,short,Charge More If You Want Better Clients,@thefutur,https://www.youtube.com/watch?v=Cu1PRjJ_BUc,2022-01-18,2026-07-14,skipped,3,,dup-of:corpus (short; concept-checked batch 257)
yt-ONVQrNoAxxU,short,Why Big Companies Value Design Differently,@thefutur,https://www.youtube.com/watch?v=ONVQrNoAxxU,2022-01-17,2026-07-14,skipped,3,,dup-of:corpus (short; concept-checked batch 257)
yt-lYxqYnte50w,short,How To Negotiate A Lowball Offer (In Under 30secs),@thefutur,https://www.youtube.com/watch?v=lYxqYnte50w,2022-01-17,2026-07-14,skipped,3,,"dup-of:corpus (anchor-high clarification; fall-in-love 18, anchor-high 6)"
yt-sblhSiup4bw,short,Diagnosing Helps You Price Projects,@thefutur,https://www.youtube.com/watch?v=sblhSiup4bw,2022-01-14,2026-07-14,skipped,3,,"dup-of:yt-TEg5xGw4Q3U (scope-variation funnel + ROM bid + sea-level/Everest, 2021-08-28, verbatim)"
yt-jXF5EvnCArE,short,Everett – Fonts You NEED To Know,@thefutur,https://www.youtube.com/watch?v=jXF5EvnCArE,2022-01-14,2026-07-14,skipped,3,,dup-of:corpus (short; concept-checked batch 257)
yt-SNfeQ_eyLzw,short,Don't Go Past The Sale,@thefutur,https://www.youtube.com/watch?v=SNfeQ_eyLzw,NA,2026-07-14,L1,3,,no-captions (no subtitles available)
yt-0WAkTwfozns,short,The MOST UNDERRATED Sales Technique,@thefutur,https://www.youtube.com/watch?v=0WAkTwfozns,2022-01-13,2026-07-14,skipped,3,,dup-of:corpus (short; concept-checked batch 257)
yt-t2J7m9O-Ahk,short,You Don't Need A Partner,@thefutur,https://www.youtube.com/watch?v=t2J7m9O-Ahk,2022-01-12,2026-07-14,skipped,3,,dup-of:corpus (short; concept-checked batch 257)
yt-QgduC49U1BI,short,"Sometimes, Walk Away From A Sale",@thefutur,https://www.youtube.com/watch?v=QgduC49U1BI,NA,2026-07-14,L1,3,,no-captions (no subtitles available)
yt-My5wm3mnV_Y,short,This MINDSET SHIFT Will TRANSFORM Your Selling,@thefutur,https://www.youtube.com/watch?v=My5wm3mnV_Y,2022-01-11,2026-07-14,skipped,3,,dup-of:corpus (short; concept-checked batch 257)
yt-MSkPPYveHLU,short,Ask Why Three Times,@thefutur,https://www.youtube.com/watch?v=MSkPPYveHLU,NA,2026-07-14,L1,3,,no-captions (no subtitles available)
yt-beo7E3Qxn6k,short,When Clients Use Excuses…,@thefutur,https://www.youtube.com/watch?v=beo7E3Qxn6k,2022-01-10,2026-07-14,skipped,3,,dup-of:corpus (short; concept-checked batch 257)
yt-Lg6jrmWSkvo,short,What Clients Don’t Say Can Kill The Deal,@thefutur,https://www.youtube.com/watch?v=Lg6jrmWSkvo,2022-01-07,2026-07-14,skipped,3,,dup-of:corpus (short; concept-checked batch 257)
yt-fDnojUB4pKM,short,Clients Say 'Let's Do It' But Never Show Up,@thefutur,https://www.youtube.com/watch?v=fDnojUB4pKM,2022-01-07,2026-07-14,skipped,3,,dup-of:corpus (short; concept-checked batch 257)
yt-ip4nPCPDY1g,short,How To Answer 'You're Too Expensive',@thefutur,https://www.youtube.com/watch?v=ip4nPCPDY1g,2022-01-06,2026-07-14,skipped,3,,dup-of:corpus (short; concept-checked batch 257)
yt-bR0xj20FLYo,short,The #1 SALES TECHNIQUE For Creative Entrepreneurs,@thefutur,https://www.youtube.com/watch?v=bR0xj20FLYo,NA,2026-07-14,L1,3,,no-captions (no subtitles available)
yt-DKchFWpqTcc,short,Beginners Miss This,@thefutur,https://www.youtube.com/watch?v=DKchFWpqTcc,2022-01-05,2026-07-14,skipped,3,,dup-of:corpus (short; concept-checked batch 258)
yt-cEpW8aSVkSQ,short,How one email generated millions,@thefutur,https://www.youtube.com/watch?v=cEpW8aSVkSQ,NA,2026-07-14,L1,3,,no-captions (no subtitles available)
yt-k5986Jv3aok,short,Referrals Are Keeping You From Charging More,@thefutur,https://www.youtube.com/watch?v=k5986Jv3aok,2022-01-04,2026-07-14,skipped,3,,dup-of:corpus (short; concept-checked batch 258)
yt-VZI6BvoTJo0,short,Solve What Is Important To Your Client,@thefutur,https://www.youtube.com/watch?v=VZI6BvoTJo0,2022-01-04,2026-07-14,skipped,3,,dup-of:corpus (short; concept-checked batch 258)
yt-10IROn9nyuE,short,The Client Isn't Always Right But Deserves To Be Heard,@thefutur,https://www.youtube.com/watch?v=10IROn9nyuE,2022-01-03,2026-07-14,skipped,3,,dup-of:corpus (short; concept-checked batch 258)
yt-6RhISvnjsqY,short,How To OUTSOURCE Your Work And Make A PROFIT,@thefutur,https://www.youtube.com/watch?v=6RhISvnjsqY,NA,2026-07-14,L1,3,,no-captions (no subtitles available)
yt-tBBMqUt04iI,short,Charge As Much As You Can,@thefutur,https://www.youtube.com/watch?v=tBBMqUt04iI,2021-12-31,2026-07-14,skipped,3,,dup-of:corpus (short; concept-checked batch 258)
yt-iL2MMUBK3JM,short,How to ADVERTISE your business FOR FREE,@thefutur,https://www.youtube.com/watch?v=iL2MMUBK3JM,2021-12-31,2026-07-14,skipped,3,,dup-of:corpus (short; concept-checked batch 258)
yt-RAXJcQrfPG0,short,Taking Control Of The Money Conversation,@thefutur,https://www.youtube.com/watch?v=RAXJcQrfPG0,2021-12-30,2026-07-14,skipped,3,,"dup-of:yt--lAZfh2Ur20 batch-255 twin; law of contrast / anchor first, doctrine held in pricing"
yt-H__jJA4zZfY,short,Le Jeune – Fonts You NEED To Know,@thefutur,https://www.youtube.com/watch?v=H__jJA4zZfY,2021-12-30,2026-07-14,skipped,3,,"attribution-uncertain (Fonts You NEED To Know, FOURTH instance of the same opening formula; see wiki/gaps.md)"
yt-yw1vO1O5wXk,short,Memorizing Scripts Vs Human Conversation in Sales,@thefutur,https://www.youtube.com/watch?v=yw1vO1O5wXk,2021-12-29,2026-07-14,skipped,3,,dup-of:corpus (short; concept-checked batch 258)
yt-Fxwula_PJh0,short,Don't negotiate AGAINST YOURSELF in sales,@thefutur,https://www.youtube.com/watch?v=Fxwula_PJh0,NA,2026-07-14,L1,3,,no-captions (no subtitles available)
yt-NKmEKC3R4DU,short,Give More Value Than What You Charge,@thefutur,https://www.youtube.com/watch?v=NKmEKC3R4DU,2021-12-28,2026-07-14,skipped,3,,dup-of:corpus (short; concept-checked batch 258)
yt-k1wY3S8GgQY,short,When 'No' Means 'Know',@thefutur,https://www.youtube.com/watch?v=k1wY3S8GgQY,2021-12-28,2026-07-14,skipped,3,,dup-of:corpus (short; concept-checked batch 258)
yt-Y-QrbJog6Pw,short,Mirror Back A Client Objection,@thefutur,https://www.youtube.com/watch?v=Y-QrbJog6Pw,2021-12-27,2026-07-14,skipped,3,,dup-of:corpus (short; concept-checked batch 258)
yt-Uiyn55RpuD0,short,Branding In 1-Minute,@thefutur,https://www.youtube.com/watch?v=Uiyn55RpuD0,NA,2026-07-14,L1,3,,no-captions (no subtitles available)
yt-uUR0lFMDb-s,short,Grow your CREATIVE Business (Framework),@thefutur,https://www.youtube.com/watch?v=uUR0lFMDb-s,NA,2026-07-14,L1,3,,no-captions (no subtitles available)
yt-r9muKhuOybI,short,AVOID THIS MISTAKE when selling your services,@thefutur,https://www.youtube.com/watch?v=r9muKhuOybI,2021-12-24,2026-07-14,skipped,3,,dup-of:corpus (short; concept-checked batch 258)
yt-l8l-T4mZcA4,short,"Why you're NOT SELLING $1,000,000 Logos",@thefutur,https://www.youtube.com/watch?v=l8l-T4mZcA4,NA,2026-07-14,L1,3,,no-captions (no subtitles available)
yt-0vUKiTmIO6Q,short,Get Paid In Exposure?!,@thefutur,https://www.youtube.com/watch?v=0vUKiTmIO6Q,2021-12-23,2026-07-14,skipped,3,,dup-of:corpus (short; concept-checked batch 258)
yt-bwwatYss83M,short,Don't Send Proposals To Cold Leads,@thefutur,https://www.youtube.com/watch?v=bwwatYss83M,NA,2026-07-14,L1,3,,no-captions (no subtitles available)
yt-Q7Q9bV_FaqA,short,People Seek Social Status,@thefutur,https://www.youtube.com/watch?v=Q7Q9bV_FaqA,NA,2026-07-14,L1,3,,no-captions (no subtitles available)
yt-hIN3cC_1eS4,short,When You Don't Have The Experience Required - Roleplay,@thefutur,https://www.youtube.com/watch?v=hIN3cC_1eS4,2021-12-21,2026-07-14,skipped,3,,dup-of:corpus (short; concept-checked batch 258)
yt-FqLw8Dij2IQ,short,Delight Your Customers By Doing This,@thefutur,https://www.youtube.com/watch?v=FqLw8Dij2IQ,NA,2026-07-14,L1,3,,no-captions (no subtitles available)
yt-8FSQUHtiV20,short,Client Wants It Cheaper - Roleplay,@thefutur,https://www.youtube.com/watch?v=8FSQUHtiV20,2021-12-20,2026-07-14,skipped,3,,dup-of:corpus (short; concept-checked batch 259)
yt-Ug85WXarKgo,short,Don't LOSE MONEY On A Project,@thefutur,https://www.youtube.com/watch?v=Ug85WXarKgo,NA,2026-07-14,L1,3,,no-captions (no subtitles available)
yt-HsocrkcgjUU,short,THIS Is The Phrase That Pays,@thefutur,https://www.youtube.com/watch?v=HsocrkcgjUU,2021-12-17,2026-07-14,skipped,3,,dup-of:corpus (short; concept-checked batch 259)
yt-CzJjLrhBTnw,short,Don't Get Ghosted By Clients,@thefutur,https://www.youtube.com/watch?v=CzJjLrhBTnw,NA,2026-07-14,L1,3,,no-captions (no subtitles available)
yt-NbjSf1C5mlQ,short,Not All Clients Are Right For You,@thefutur,https://www.youtube.com/watch?v=NbjSf1C5mlQ,NA,2026-07-14,L1,3,,no-captions (no subtitles available)
yt-JikI7J7HLg8,short,How To Manage Stress,@thefutur,https://www.youtube.com/watch?v=JikI7J7HLg8,2021-12-16,2026-07-14,skipped,3,,dup-of:corpus (short; concept-checked batch 259)
yt-jFs6SZ66_A8,short,The Polite Battle For Control,@thefutur,https://www.youtube.com/watch?v=jFs6SZ66_A8,2021-12-15,2026-07-14,skipped,3,,dup-of:corpus (short; concept-checked batch 259)
yt-RIYXIbHwlXc,short,Say NO To A Client w/ Confidence,@thefutur,https://www.youtube.com/watch?v=RIYXIbHwlXc,2021-12-14,2026-07-14,L2,3,mindset;pricing;business,short; self-reported $3.25/hr at 16-17 + $68k first big cheque; desensitized-to-numbers as the walk-away precondition; L3-candidate
yt-TBkgmFh5USM,short,Beliefs Determine Results,@thefutur,https://www.youtube.com/watch?v=TBkgmFh5USM,NA,2026-07-14,L1,3,,no-captions (no subtitles available)
yt-VR9WhC1kTj4,short,How to get MORE MONEY & CLIENTS,@thefutur,https://www.youtube.com/watch?v=VR9WhC1kTj4,2021-12-10,2026-07-14,skipped,3,,dup-of:corpus (short; concept-checked batch 259)
yt-8U-ftSc7zeY,short,Neue Haas Grotesk – The Best Helvetica?,@thefutur,https://www.youtube.com/watch?v=8U-ftSc7zeY,2021-12-09,2026-07-14,skipped,3,,"attribution-uncertain (Fonts You NEED To Know, FIFTH instance; see wiki/gaps.md)"
yt-4hwdjZsenY8,short,How to handle DIFFICULT CLIENTS (Script),@thefutur,https://www.youtube.com/watch?v=4hwdjZsenY8,2021-12-08,2026-07-14,skipped,3,,dup-of:corpus (short; concept-checked batch 259)
yt-OAljpzQCZmA,short,Give Constructive Feedback Without Judgement,@thefutur,https://www.youtube.com/watch?v=OAljpzQCZmA,2021-12-07,2026-07-14,skipped,3,,dup-of:corpus (short; concept-checked batch 259)
yt-KZUm_77mJKg,short,The Customer is NOT Always Right,@thefutur,https://www.youtube.com/watch?v=KZUm_77mJKg,2021-12-06,2026-07-14,skipped,3,,dup-of:corpus (short; concept-checked batch 259)
yt-_RgBOVQQeUo,short,DON'T Underestimate What You Know,@thefutur,https://www.youtube.com/watch?v=_RgBOVQQeUo,NA,2026-07-14,L1,3,,no-captions (no subtitles available)
yt-IgS1rG619FQ,short,How To Avoid Client Delays,@thefutur,https://www.youtube.com/watch?v=IgS1rG619FQ,2021-12-02,2026-07-14,skipped,3,,dup-of:corpus (short; concept-checked batch 259)
yt-IKLJitUIm6E,short,Marketing & Customer Service Is The Game,@thefutur,https://www.youtube.com/watch?v=IKLJitUIm6E,2021-12-01,2026-07-14,skipped,3,,dup-of:corpus (short; concept-checked batch 259)
yt-LqTnELYeGb8,short,What Makes You Unhappy?,@thefutur,https://www.youtube.com/watch?v=LqTnELYeGb8,2021-11-30,2026-07-14,skipped,3,,dup-of:corpus (short; concept-checked batch 259)
yt-U341_keNhWc,short,How To STOP GUESSING Your Price,@thefutur,https://www.youtube.com/watch?v=U341_keNhWc,2021-11-29,2026-07-14,skipped,3,,dup-of:corpus (short; concept-checked batch 259)
yt-k9mBD086idg,short,How To AVOID Client Revision Hell,@thefutur,https://www.youtube.com/watch?v=k9mBD086idg,2021-11-26,2026-07-14,skipped,3,,dup-of:corpus (short; concept-checked batch 259)
yt-rg3PaJKjCSk,short,Don't Ask The Client What They Can Afford,@thefutur,https://www.youtube.com/watch?v=rg3PaJKjCSk,2021-11-25,2026-07-14,skipped,3,,dup-of:corpus (short; concept-checked batch 259)
yt-9h1wIXOYvRY,short,Why Your Clients Are NOT PAYING You More,@thefutur,https://www.youtube.com/watch?v=9h1wIXOYvRY,2021-11-24,2026-07-14,skipped,3,,dup-of:corpus (short; concept-checked batch 259)
yt-ECW3j4hoclQ,short,The REAL COST Of Being Right,@thefutur,https://www.youtube.com/watch?v=ECW3j4hoclQ,2021-11-23,2026-07-14,skipped,3,,"dup-of:corpus (get-the-job-done vs be-right; mindset 2063 + 2444, dated 2019-07-29; family refs generic, no names)"
yt-ZyXA9ZhE9e8,short,Why Some Can Charge More Than You,@thefutur,https://www.youtube.com/watch?v=ZyXA9ZhE9e8,NA,2026-07-14,L1,3,,no-captions (no subtitles available)
yt-XlfaPZQEp0M,short,Do This When Client Pushes Back,@thefutur,https://www.youtube.com/watch?v=XlfaPZQEp0M,2021-11-19,2026-07-14,skipped,3,,dup-of:corpus (short; concept-checked batch 259)
yt-0g7XguqoHx4,short,Getting Past 'It's Too Expensive',@thefutur,https://www.youtube.com/watch?v=0g7XguqoHx4,2021-11-18,2026-07-14,skipped,3,,dup-of:corpus (short; concept-checked batch 260)
yt-YYGfApY1alk,short,4 Types Of Clients,@thefutur,https://www.youtube.com/watch?v=YYGfApY1alk,2021-11-17,2026-07-14,L2,3,sales-clients;business,short; four-type client triage taxonomy (Fisher/Square Pegger/Cost Conscious/Perfect Client) with behavioural tells; L3-candidate
yt-IOuCxZ3FMlQ,short,Clients Say 'No' - Roleplay,@thefutur,https://www.youtube.com/watch?v=IOuCxZ3FMlQ,NA,2026-07-14,L1,3,,no-captions (no subtitles available)
yt-xLQsdScpcyU,short,How To Close A New Client,@thefutur,https://www.youtube.com/watch?v=xLQsdScpcyU,2021-11-15,2026-07-14,skipped,3,,dup-of:corpus (short; concept-checked batch 260)
yt-9JKSJFdQxFk,short,How To Stop Doing The Work,@thefutur,https://www.youtube.com/watch?v=9JKSJFdQxFk,NA,2026-07-14,L1,3,,no-captions (no subtitles available)
yt--XVKjtNhjQo,short,When A Client Adds Something For Free – Roleplay,@thefutur,https://www.youtube.com/watch?v=-XVKjtNhjQo,2021-11-11,2026-07-14,skipped,3,,dup-of:corpus (short; concept-checked batch 260)
yt-gmytSZmuU-c,short,What Pain Point Are You Solving?,@thefutur,https://www.youtube.com/watch?v=gmytSZmuU-c,2021-11-10,2026-07-14,skipped,3,,dup-of:corpus (short; concept-checked batch 260)
yt-vZ9Z6qT3bdk,short,Charge More To Give Better Customer Service,@thefutur,https://www.youtube.com/watch?v=vZ9Z6qT3bdk,2021-11-09,2026-07-14,skipped,3,,dup-of:corpus (short; concept-checked batch 260)
yt-4kmCk5dJY8g,short,Talk About Price First If 'You're Too Expensive',@thefutur,https://www.youtube.com/watch?v=4kmCk5dJY8g,2021-11-08,2026-07-14,skipped,3,,dup-of:corpus (short; concept-checked batch 260)
yt-U45ptnRwhdQ,short,"Hot, Warm, Cold Leads & How To Talk To Each",@thefutur,https://www.youtube.com/watch?v=U45ptnRwhdQ,2021-11-05,2026-07-14,skipped,3,,dup-of:corpus (short; concept-checked batch 260)
yt-Nmj788nwr0Q,short,Here's What A Good Sales Person Does,@thefutur,https://www.youtube.com/watch?v=Nmj788nwr0Q,2021-11-05,2026-07-14,skipped,3,,dup-of:corpus (short; concept-checked batch 260)
yt-D5nn6dz1EaY,short,Stop Making Logos If It Doesn't Solve A Problem,@thefutur,https://www.youtube.com/watch?v=D5nn6dz1EaY,2021-11-04,2026-07-14,skipped,3,,dup-of:corpus (short; concept-checked batch 260)
yt-G-w3HV8AhoI,short,Your Value Isn't Worth The Same To Everyone,@thefutur,https://www.youtube.com/watch?v=G-w3HV8AhoI,2021-11-04,2026-07-14,skipped,3,,dup-of:corpus (short; concept-checked batch 260)
yt-MMd6Hg3KWOo,short,Your Internal Dialogue Is Keeping You From Charging More,@thefutur,https://www.youtube.com/watch?v=MMd6Hg3KWOo,2021-11-03,2026-07-14,skipped,3,,dup-of:corpus (short; concept-checked batch 260)
yt-5pAYWQq0_5M,short,Making Imperfect Decisions Is Better Than No Decision,@thefutur,https://www.youtube.com/watch?v=5pAYWQq0_5M,2021-11-03,2026-07-14,skipped,3,,dup-of:corpus (short; concept-checked batch 260)
yt-PufjSrAABWQ,short,3 Things Every Business Needs,@thefutur,https://www.youtube.com/watch?v=PufjSrAABWQ,2021-11-02,2026-07-14,skipped,3,,dup-of:corpus (short; concept-checked batch 260)
yt-S3SfgOGx5As,short,Success Leaves Clues,@thefutur,https://www.youtube.com/watch?v=S3SfgOGx5As,2021-11-02,2026-07-14,skipped,3,,no-content (caption track is the single word 'other')
yt-CM9PdK-wzZI,short,Why Your Side Hustle Is Failing,@thefutur,https://www.youtube.com/watch?v=CM9PdK-wzZI,2021-11-01,2026-07-14,skipped,3,,dup-of:corpus (short; concept-checked batch 260)
yt-XG3ABNqUZlo,short,Uncertainty Is The Key To Design Thinking,@thefutur,https://www.youtube.com/watch?v=XG3ABNqUZlo,2021-11-01,2026-07-14,skipped,3,,dup-of:corpus (short; concept-checked batch 260)
yt-LGlRWtcxyfA,short,Ask This Question,@thefutur,https://www.youtube.com/watch?v=LGlRWtcxyfA,2021-10-29,2026-07-14,skipped,3,,dup-of:corpus (short; concept-checked batch 260)
yt-cbzSdCGoAcY,short,Brand Strategy Starts With Goals,@thefutur,https://www.youtube.com/watch?v=cbzSdCGoAcY,NA,2026-07-14,L1,3,,no-captions (no subtitles available)
yt-Y4L_pEmKTac,short,You're Already Qualified For The Job,@thefutur,https://www.youtube.com/watch?v=Y4L_pEmKTac,NA,2026-07-14,L1,3,,no-captions (no subtitles available)
yt-InI3_2FJ_Q8,short,Design Thinking Helps Teams Solve Problems,@thefutur,https://www.youtube.com/watch?v=InI3_2FJ_Q8,2021-10-28,2026-07-14,skipped,3,,dup-of:corpus (short; concept-checked batch 260)
yt-uDaZZt91MVo,short,Defining Tone & Voice Of A Brand,@thefutur,https://www.youtube.com/watch?v=uDaZZt91MVo,NA,2026-07-14,L1,3,,no-captions (no subtitles available)
yt-Bo85bFLPUXE,short,6 Rules For Pricing Your Work,@thefutur,https://www.youtube.com/watch?v=Bo85bFLPUXE,NA,2026-07-14,L1,3,,no-captions (no subtitles available)
yt-pv3D5pHbYEg,short,What Is Brand Strategy?,@thefutur,https://www.youtube.com/watch?v=pv3D5pHbYEg,2021-10-26,2026-07-14,skipped,3,,dup-of:corpus (short; concept-checked batch 261)
yt-7kT6pCrgOh0,short,No Excuses! Just Start Making Stuff!,@thefutur,https://www.youtube.com/watch?v=7kT6pCrgOh0,2021-10-26,2026-07-14,skipped,3,,dup-of:corpus (short; concept-checked batch 261)
yt-qauwhBs-zSA,short,The BEST Clients To Have – Treat Them Well,@thefutur,https://www.youtube.com/watch?v=qauwhBs-zSA,2021-10-25,2026-07-14,skipped,3,,dup-of:corpus (short; concept-checked batch 261)
yt-Gxe5nqiDFuo,short,How Design Thinking Decreased Bird Poop On Monument 💩,@thefutur,https://www.youtube.com/watch?v=Gxe5nqiDFuo,2021-10-25,2026-07-14,skipped,3,,dup-of:corpus (short; concept-checked batch 261)
yt-VzplDlnMPQU,short,Why Strategy Is Worth More Than A Logo,@thefutur,https://www.youtube.com/watch?v=VzplDlnMPQU,2021-10-22,2026-07-14,skipped,3,,dup-of:corpus (short; concept-checked batch 261)
yt-wSow2WHgv6g,short,"After You Give Value, Connect With People",@thefutur,https://www.youtube.com/watch?v=wSow2WHgv6g,2021-10-21,2026-07-14,skipped,3,,dup-of:corpus (short; concept-checked batch 261)
yt-1pTGifmBBIw,short,Don't Stop Trying – Keep Playing,@thefutur,https://www.youtube.com/watch?v=1pTGifmBBIw,2021-10-21,2026-07-14,skipped,3,,dup-of:corpus (short; concept-checked batch 261)
yt-ZPZpvBCwxBc,short,"Your Portfolio Doesn't Matter, Work On Your Reputation",@thefutur,https://www.youtube.com/watch?v=ZPZpvBCwxBc,2021-10-20,2026-07-14,skipped,3,,dup-of:corpus (short; concept-checked batch 261)
yt-EE_7XUQV-V4,short,How To Determine The Clients Budget,@thefutur,https://www.youtube.com/watch?v=EE_7XUQV-V4,2021-10-20,2026-07-14,skipped,3,,dup-of:corpus (short; concept-checked batch 261)
yt-Y1IjfU-CnX8,short,What Is The Fair Market Value For Your Work?,@thefutur,https://www.youtube.com/watch?v=Y1IjfU-CnX8,2021-10-19,2026-07-14,skipped,3,,dup-of:corpus (short; concept-checked batch 261)
yt-E_ZiHgj8ZhA,short,How To Know If Your Price Is Right,@thefutur,https://www.youtube.com/watch?v=E_ZiHgj8ZhA,2021-10-19,2026-07-14,skipped,3,,dup-of:corpus (short; concept-checked batch 261)
yt-ghyQeq1Ww5E,short,"Whoever Fails The Most, Wins",@thefutur,https://www.youtube.com/watch?v=ghyQeq1Ww5E,2021-10-18,2026-07-14,skipped,3,,dup-of:corpus (short; concept-checked batch 261)
yt-bevAYp3Kufk,short,Using Urgency To Book Jobs,@thefutur,https://www.youtube.com/watch?v=bevAYp3Kufk,2021-10-18,2026-07-14,skipped,3,,"attribution-uncertain (first-person hustle story; conversational interview register, speaker addresses a travel partner - not established as the subject; manufactured-scarcity concept already held on 10 pages)"
yt-r6tyuUCsmf8,short,Start With Why,@thefutur,https://www.youtube.com/watch?v=r6tyuUCsmf8,2021-10-15,2026-07-14,skipped,3,,dup-of:corpus (short; concept-checked batch 261)
yt-EZlGg6sAb8w,short,"Your Work Is A Service, Not Art",@thefutur,https://www.youtube.com/watch?v=EZlGg6sAb8w,2021-10-15,2026-07-14,skipped,3,,dup-of:corpus (short; concept-checked batch 261)
yt-6cxfGWB7J3A,short,Opportunity Cost Of Doing The Work Yourself,@thefutur,https://www.youtube.com/watch?v=6cxfGWB7J3A,2021-10-14,2026-07-14,skipped,3,,dup-of:corpus (short; concept-checked batch 261)
yt-SMGJwJek2Jw,short,Three Pricing Variables,@thefutur,https://www.youtube.com/watch?v=SMGJwJek2Jw,2021-10-14,2026-07-14,skipped,3,,dup-of:corpus (short; concept-checked batch 261)
yt-mUDRlEfVaYk,short,Hire People Smarter Than You,@thefutur,https://www.youtube.com/watch?v=mUDRlEfVaYk,2021-10-13,2026-07-14,skipped,3,,dup-of:corpus (short; concept-checked batch 261)
yt-OsM9JDBit_M,short,Saying No To A $$ Million Job,@thefutur,https://www.youtube.com/watch?v=OsM9JDBit_M,2021-10-13,2026-07-14,skipped,3,,dup-of:corpus (short; concept-checked batch 261)
yt-Jusu0ujIyZM,short,Are Designers Going To Be Out Of Work?!!,@thefutur,https://www.youtube.com/watch?v=Jusu0ujIyZM,2021-10-12,2026-07-14,skipped,3,,dup-of:corpus (short; concept-checked batch 261)
yt-aoju9P12TFM,short,Who Should Say The Price First?!!,@thefutur,https://www.youtube.com/watch?v=aoju9P12TFM,2021-10-12,2026-07-14,skipped,3,,dup-of:corpus (short; concept-checked batch 261)
yt-i0AU0SHmINA,short,How To Get Work You're Not Qualified For,@thefutur,https://www.youtube.com/watch?v=i0AU0SHmINA,2021-10-11,2026-07-14,skipped,3,,dup-of:corpus (short; concept-checked batch 261)
yt-oLdHapeLK5Q,short,How I Spend My Time,@thefutur,https://www.youtube.com/watch?v=oLdHapeLK5Q,2021-10-11,2026-07-14,skipped,3,,dup-of:corpus (short; concept-checked batch 261)
yt-KJk0F3dp8gg,short,Ask Better Questions To Get Better Clients,@thefutur,https://www.youtube.com/watch?v=KJk0F3dp8gg,NA,2026-07-14,L1,3,,no-captions (no subtitles available)
yt-iCEoo86axLc,short,You Can’t Iterate Your Way To Innovation,@thefutur,https://www.youtube.com/watch?v=iCEoo86axLc,2021-10-08,2026-07-14,skipped,3,,dup-of:corpus (short; concept-checked batch 261)
yt-fvZI3MxHnoQ,short,Give Away What You Know— Law of Reciprocity,@thefutur,https://www.youtube.com/watch?v=fvZI3MxHnoQ,2021-10-07,2026-07-14,skipped,3,,dup-of:corpus (short; concept-checked batch 262)
yt-p9yvbCfuUB0,short,Do Your Goals and Actions Line Up? Hold Yourself Accountable,@thefutur,https://www.youtube.com/watch?v=p9yvbCfuUB0,2021-10-07,2026-07-14,skipped,3,,dup-of:corpus (short; concept-checked batch 262)
yt-TDCN8-qhPeI,short,Take Control Of Your Life,@thefutur,https://www.youtube.com/watch?v=TDCN8-qhPeI,2021-10-06,2026-07-14,skipped,3,,dup-of:corpus (short; concept-checked batch 262)
yt-ouW85ERINQE,short,The WORST Clients Have,@thefutur,https://www.youtube.com/watch?v=ouW85ERINQE,2021-10-06,2026-07-14,skipped,3,,dup-of:corpus (short; concept-checked batch 262)
yt-J9Grb6_rXes,short,How To Get Over Imposter Syndrome,@thefutur,https://www.youtube.com/watch?v=J9Grb6_rXes,2021-10-05,2026-07-14,skipped,3,,dup-of:corpus (short; concept-checked batch 262)
yt-HZpTfltB-TQ,short,Be A Business Owner NOT An Artist,@thefutur,https://www.youtube.com/watch?v=HZpTfltB-TQ,2021-10-05,2026-07-14,skipped,3,,dup-of:corpus (short; concept-checked batch 262)
yt-NfTd8L_HYHk,short,Trust Gets You More Work,@thefutur,https://www.youtube.com/watch?v=NfTd8L_HYHk,2021-10-04,2026-07-14,skipped,3,,dup-of:corpus (Trojan Storage / Brett facade story; trojan-storage held on 11 pages)
yt-Gp5nUtww9rk,short,One Helpful Tip For Introverts,@thefutur,https://www.youtube.com/watch?v=Gp5nUtww9rk,2021-10-04,2026-07-14,skipped,3,,dup-of:corpus (short; concept-checked batch 262)
yt-YwqQCyc99lU,short,What Do Successful Business People Do?,@thefutur,https://www.youtube.com/watch?v=YwqQCyc99lU,2021-10-01,2026-07-14,skipped,3,,dup-of:corpus (short; concept-checked batch 262)
yt-y-vYt6qEt8k,short,Time Is Money—Spend it Wisely,@thefutur,https://www.youtube.com/watch?v=y-vYt6qEt8k,2021-10-01,2026-07-14,skipped,3,,dup-of:corpus (short; concept-checked batch 262)
yt-SN_sPggpbPc,short,How To Have A Different Relationship With *Failure*,@thefutur,https://www.youtube.com/watch?v=SN_sPggpbPc,2021-09-30,2026-07-14,skipped,3,,dup-of:corpus (short; concept-checked batch 262)
yt-IbpNX47JZrE,short,5 Interview Tips You NEED To Know – Part 2,@thefutur,https://www.youtube.com/watch?v=IbpNX47JZrE,2021-09-30,2026-07-14,skipped,3,,dup-of:corpus (short; concept-checked batch 262)
yt-igPpcCfGOO8,short,Purpose = Superpower,@thefutur,https://www.youtube.com/watch?v=igPpcCfGOO8,NA,2026-07-14,L1,3,,no-captions (no subtitles available)
yt-Uwg67zHh8uQ,short,Have A Clear Goal Before Taking A Meeting,@thefutur,https://www.youtube.com/watch?v=Uwg67zHh8uQ,NA,2026-07-14,L1,3,,no-captions (no subtitles available)
yt-VcsWx8fIqGM,short,Questions To Diagnose Your Clients Problem,@thefutur,https://www.youtube.com/watch?v=VcsWx8fIqGM,2021-09-28,2026-07-14,skipped,3,,dup-of:corpus (short; concept-checked batch 262)
yt-sdoZvQ2piYc,short,Match Your Client's Energy,@thefutur,https://www.youtube.com/watch?v=sdoZvQ2piYc,2021-09-28,2026-07-14,skipped,3,,dup-of:corpus (short; concept-checked batch 262)
yt-5t-1TrJmuoo,short,When To Send A Contract or Proposal,@thefutur,https://www.youtube.com/watch?v=5t-1TrJmuoo,2021-09-27,2026-07-14,skipped,3,,dup-of:corpus (short; concept-checked batch 262)
yt-rWOmOXFeR28,short,The Client Is Telling You Who They Are,@thefutur,https://www.youtube.com/watch?v=rWOmOXFeR28,NA,2026-07-14,L1,3,,no-captions (no subtitles available)
yt-W9PyZJczCtM,short,Why Clients Pay More For Design,@thefutur,https://www.youtube.com/watch?v=W9PyZJczCtM,2021-09-24,2026-07-14,skipped,3,,dup-of:corpus ( vs  watch analogy; 'people who pay more value things more' at beliefs 3249)
yt-z9Z25mjMKgQ,short,Why You Should Send A Proposal,@thefutur,https://www.youtube.com/watch?v=z9Z25mjMKgQ,NA,2026-07-14,L1,3,,no-captions (no subtitles available)
yt-6wzCcE7io1E,short,Do This Before You Hire Any Freelancer,@thefutur,https://www.youtube.com/watch?v=6wzCcE7io1E,NA,2026-07-14,L1,3,,no-captions (no subtitles available)
yt-Up8XGQLWwo0,short,How To Build Trust With Clients,@thefutur,https://www.youtube.com/watch?v=Up8XGQLWwo0,2021-09-23,2026-07-14,skipped,3,,dup-of:corpus (short; concept-checked batch 262)
yt-Fk5F2ij3JwQ,short,How To Ask Better Questions,@thefutur,https://www.youtube.com/watch?v=Fk5F2ij3JwQ,2021-09-22,2026-07-14,skipped,3,,dup-of:corpus (short; concept-checked batch 262)
yt-xU6qY1FBReI,short,What To Ask In An Interview – Roleplay,@thefutur,https://www.youtube.com/watch?v=xU6qY1FBReI,2021-09-22,2026-07-14,skipped,3,,dup-of:corpus (short; concept-checked batch 262)
yt-_h6IN5iGZbA,short,Selling Services vs. Solving Problems,@thefutur,https://www.youtube.com/watch?v=_h6IN5iGZbA,2021-09-21,2026-07-14,skipped,3,,dup-of:corpus (short; concept-checked batch 262)
yt-U4tlknJiN48,short,Be More To Charge More,@thefutur,https://www.youtube.com/watch?v=U4tlknJiN48,2021-09-21,2026-07-14,skipped,3,,dup-of:corpus (short; concept-checked batch 263)
yt-h_0nVWiJ2GI,short,Don't Say This On A Call With A New Client,@thefutur,https://www.youtube.com/watch?v=h_0nVWiJ2GI,2021-09-20,2026-07-14,skipped,3,,dup-of:corpus (short; concept-checked batch 263)
yt-PP5UzVHBqSw,short,How To Pitch And Win,@thefutur,https://www.youtube.com/watch?v=PP5UzVHBqSw,2021-09-20,2026-07-14,skipped,3,,dup-of:corpus (short; concept-checked batch 263)
yt-kBkNj7aHSu4,short,Is School Worth The Price?,@thefutur,https://www.youtube.com/watch?v=kBkNj7aHSu4,2021-09-17,2026-07-14,L2,3,business;mindset;content-strategy,short; information-as-commodity vs education-as-outcome-plus-obligation; neutral subtraction test; L3-candidate
yt-RS1EyM-ia20,short,Why Progress Is One Of The Four Pillars Of Happiness,@thefutur,https://www.youtube.com/watch?v=RS1EyM-ia20,2021-09-17,2026-07-14,skipped,3,,dup-of:corpus (short; concept-checked batch 263)
yt-UKj9SF3Typg,short,Show Up For Your Clients By Showing Up For Yourself,@thefutur,https://www.youtube.com/watch?v=UKj9SF3Typg,2021-09-16,2026-07-14,skipped,3,,dup-of:corpus (short; concept-checked batch 263)
yt-IfkziPmKK_8,short,Include This With Your Design For Clients,@thefutur,https://www.youtube.com/watch?v=IfkziPmKK_8,2021-09-16,2026-07-14,skipped,3,,dup-of:corpus (short; concept-checked batch 263)
yt-9tHW2b_M5_w,short,Client Wants To Dictate How To Do Your Job—Role-play,@thefutur,https://www.youtube.com/watch?v=9tHW2b_M5_w,2021-09-15,2026-07-14,skipped,3,,dup-of:corpus (short; concept-checked batch 263)
yt-ubwbhlEb87I,short,Use This Tip To Get Hired As A Freelancer,@thefutur,https://www.youtube.com/watch?v=ubwbhlEb87I,2021-09-15,2026-07-14,skipped,3,,dup-of:corpus (short; concept-checked batch 263)
yt-uCrrHhOu8So,short,When Client Say 'You're Not An Expert',@thefutur,https://www.youtube.com/watch?v=uCrrHhOu8So,2021-09-14,2026-07-14,skipped,3,,dup-of:corpus (short; concept-checked batch 263)
yt-oS04zkyHGYw,short,Things To Do Before Presenting Your Logo To Clients,@thefutur,https://www.youtube.com/watch?v=oS04zkyHGYw,2021-09-14,2026-07-14,skipped,3,,dup-of:corpus (short; concept-checked batch 263)
yt-Mtk_MIH2LEw,short,Repurposing Content For Social Media,@thefutur,https://www.youtube.com/watch?v=Mtk_MIH2LEw,2021-09-13,2026-07-14,skipped,3,,dup-of:corpus (short; concept-checked batch 263)
yt-ewhdonLymDk,short,When A Client Tells You To Do Something Ask Them These Questions,@thefutur,https://www.youtube.com/watch?v=ewhdonLymDk,2021-09-13,2026-07-14,skipped,3,,dup-of:corpus (short; concept-checked batch 263)
yt-D5pYmNYO3Mg,short,Getting Stuck In The Vicious Business Cycle,@thefutur,https://www.youtube.com/watch?v=D5pYmNYO3Mg,2021-09-10,2026-07-14,skipped,3,,dup-of:corpus (short; concept-checked batch 263)
yt-WynkmKwDY0s,short,'You're Too Expensive'—How To Respond,@thefutur,https://www.youtube.com/watch?v=WynkmKwDY0s,2021-09-10,2026-07-14,skipped,3,,dup-of:corpus (short; concept-checked batch 263)
yt-fSJND8AJxgU,short,How To Get Work?,@thefutur,https://www.youtube.com/watch?v=fSJND8AJxgU,2021-09-09,2026-07-14,skipped,3,,dup-of:corpus (short; concept-checked batch 263)
yt-7pzoad4cxEY,short,Be You. Forget The Haters,@thefutur,https://www.youtube.com/watch?v=7pzoad4cxEY,2021-09-09,2026-07-14,skipped,3,,dup-of:corpus (short; concept-checked batch 263)
yt-rIeIN2cYkuc,short,Responding to Client Objections,@thefutur,https://www.youtube.com/watch?v=rIeIN2cYkuc,2021-09-08,2026-07-14,skipped,3,,dup-of:corpus (short; concept-checked batch 263)
yt-RvFTHr_NE88,short,How Do I Move Up In My Job?,@thefutur,https://www.youtube.com/watch?v=RvFTHr_NE88,2021-09-08,2026-07-14,skipped,3,,dup-of:corpus (short; concept-checked batch 263)
yt-NeS9EKVEoJE,short,How Much To Charge When Starting Out,@thefutur,https://www.youtube.com/watch?v=NeS9EKVEoJE,2021-09-07,2026-07-14,skipped,3,,dup-of:corpus (short; concept-checked batch 263)
yt-WByX3epCgMs,short,How To Raise Your Rate,@thefutur,https://www.youtube.com/watch?v=WByX3epCgMs,2021-09-07,2026-07-14,skipped,3,,dup-of:corpus (short; concept-checked batch 263)
yt-71516E5wVYw,short,How To Find Higher Paying Clients,@thefutur,https://www.youtube.com/watch?v=71516E5wVYw,2021-09-06,2026-07-14,skipped,3,,dup-of:corpus (short; concept-checked batch 263)
yt-hk-Kp1HuDNg,short,How To Get A Design Job,@thefutur,https://www.youtube.com/watch?v=hk-Kp1HuDNg,2021-09-03,2026-07-14,skipped,3,,dup-of:corpus (short; concept-checked batch 263)
yt-6u4oOw5nluA,short,Don't Send A Proposal Until You Agree On Price,@thefutur,https://www.youtube.com/watch?v=6u4oOw5nluA,2021-09-03,2026-07-14,skipped,3,,dup-of:corpus (short; concept-checked batch 263)
yt-ksyq2t6jWuE,short,Get Better Ideas 🤔,@thefutur,https://www.youtube.com/watch?v=ksyq2t6jWuE,2021-09-02,2026-07-14,skipped,3,,dup-of:corpus (short; concept-checked batch 263)
yt-f1iUCa_S7pw,short,Ask These Questions After Your Logo Presentation,@thefutur,https://www.youtube.com/watch?v=f1iUCa_S7pw,2021-09-02,2026-07-14,skipped,3,,dup-of:corpus (short; concept-checked batch 264)
yt-1kbNA6kMPtA,short,Branding vs. Marketing,@thefutur,https://www.youtube.com/watch?v=1kbNA6kMPtA,2021-09-01,2026-07-14,skipped,3,,dup-of:corpus (short; concept-checked batch 264)
yt-zI2nMr3lthI,short,How To Be Original,@thefutur,https://www.youtube.com/watch?v=zI2nMr3lthI,2021-09-01,2026-07-14,skipped,3,,dup-of:corpus (short; concept-checked batch 264)
yt-uCgEFDFO9wE,short,Why Some Designers Are More Valuable,@thefutur,https://www.youtube.com/watch?v=uCgEFDFO9wE,2021-08-31,2026-07-14,skipped,3,,dup-of:corpus (short; concept-checked batch 264)
yt-qGrXzjCiars,short,Advice To My Younger Self – Believe in your self worth,@thefutur,https://www.youtube.com/watch?v=qGrXzjCiars,2021-08-31,2026-07-14,skipped,3,,dup-of:corpus (short; concept-checked batch 264)
yt--VBhcZqB9TE,short,Easy Way To Make Better Instagram Posts,@thefutur,https://www.youtube.com/watch?v=-VBhcZqB9TE,2021-08-30,2026-07-14,skipped,3,,dup-of:corpus (short; concept-checked batch 264)
yt-SAXIo5BfDYg,short,5 Tips On How To Present Your Next Logo,@thefutur,https://www.youtube.com/watch?v=SAXIo5BfDYg,2021-08-30,2026-07-14,skipped,3,,dup-of:corpus (short; concept-checked batch 264)
yt-PKPDYWiV73k,short,I Can Get Someone Else To Do This—Role-play,@thefutur,https://www.youtube.com/watch?v=PKPDYWiV73k,2021-08-27,2026-07-14,skipped,3,,dup-of:corpus (short; concept-checked batch 264)
yt-PgoP7kHF6Nc,short,3 Portfolio Tips To Get A Job,@thefutur,https://www.youtube.com/watch?v=PgoP7kHF6Nc,2021-08-27,2026-07-14,skipped,3,,dup-of:corpus (short; concept-checked batch 264)
yt-FwtKW2cScbU,short,Stories Sell & Increase Value,@thefutur,https://www.youtube.com/watch?v=FwtKW2cScbU,2021-08-26,2026-07-14,skipped,3,,dup-of:corpus (short; concept-checked batch 264)
yt-HChncHu2V5w,short,How To Defend Your Price Role-Play,@thefutur,https://www.youtube.com/watch?v=HChncHu2V5w,2021-08-26,2026-07-14,skipped,3,,dup-of:corpus (short; concept-checked batch 264)
yt-d5vgvX8HqEg,short,How Will Clients Find You?,@thefutur,https://www.youtube.com/watch?v=d5vgvX8HqEg,2021-08-25,2026-07-14,skipped,3,,dup-of:corpus (short; concept-checked batch 264)
yt-iqo5QiGifbM,short,When Clients Say They Just Need A Logo,@thefutur,https://www.youtube.com/watch?v=iqo5QiGifbM,2021-08-24,2026-07-14,skipped,3,,dup-of:corpus (short; concept-checked batch 264)
yt-t4k6fStb2ek,short,How To Qualify Your Leads,@thefutur,https://www.youtube.com/watch?v=t4k6fStb2ek,2021-08-23,2026-07-14,skipped,3,,dup-of:corpus (short; concept-checked batch 264)
yt-sWEbtgaW5BY,short,Five Monkey Ladder Story—Learned Behavior,@thefutur,https://www.youtube.com/watch?v=sWEbtgaW5BY,2021-08-20,2026-07-14,skipped,3,,"dup-of:yt-W9r5NbxxTW0 (five-monkey ladder parable, 2016-10-11)"
yt-HLPkEqBQjyA,short,Clients Who Want More But Don't Want To Pay,@thefutur,https://www.youtube.com/watch?v=HLPkEqBQjyA,2021-08-19,2026-07-14,skipped,3,,dup-of:corpus (short; concept-checked batch 264)
yt-61Q1JGC2ibQ,short,❌ How To Know If A Lead Is NOT Qualified ❌,@thefutur,https://www.youtube.com/watch?v=61Q1JGC2ibQ,2021-08-19,2026-07-14,skipped,3,,dup-of:corpus (short; concept-checked batch 264)
yt-SC5ew8mT7oc,short,Send This To Someone Looking For A Price,@thefutur,https://www.youtube.com/watch?v=SC5ew8mT7oc,2021-08-17,2026-07-14,skipped,3,,dup-of:corpus (short; concept-checked batch 264)
yt-UfG4KHt8-5o,short,'We Can't Pay Your Rate BUT We Promise More Work' 🤥,@thefutur,https://www.youtube.com/watch?v=UfG4KHt8-5o,2021-08-16,2026-07-14,skipped,3,,dup-of:corpus (short; concept-checked batch 264)
yt-k3n-Jrrxl2w,short,Selfish Vs. Generous Design,@thefutur,https://www.youtube.com/watch?v=k3n-Jrrxl2w,2021-08-15,2026-07-14,skipped,3,,dup-of:corpus (short; concept-checked batch 264)
yt-_wN3j00VJYU,short,When Should You Use A Contract?,@thefutur,https://www.youtube.com/watch?v=_wN3j00VJYU,2021-08-13,2026-07-14,skipped,3,,dup-of:corpus (short; concept-checked batch 264)
yt-rCJXn50bbJA,short,How To Pivot To A New Service Offering With Clients,@thefutur,https://www.youtube.com/watch?v=rCJXn50bbJA,2021-08-12,2026-07-14,skipped,3,,dup-of:corpus (short; concept-checked batch 264)
yt-bq-cYZmAf7w,short,When A Client Low Balls Beginners,@thefutur,https://www.youtube.com/watch?v=bq-cYZmAf7w,2021-08-11,2026-07-14,skipped,3,,dup-of:corpus (short; concept-checked batch 264)
yt-g4PGdOX7adA,short,Do You Need A Degree To Be A Designer?,@thefutur,https://www.youtube.com/watch?v=g4PGdOX7adA,2021-08-10,2026-07-14,skipped,3,,dup-of:corpus (short; concept-checked batch 264)
yt-BVJgvzFc1AQ,short,Don't Deliver A Logo Without A Style Guide,@thefutur,https://www.youtube.com/watch?v=BVJgvzFc1AQ,2021-08-10,2026-07-14,skipped,3,,dup-of:corpus (short; concept-checked batch 264)
yt-tdUyfhZ18eM,short,Keep Asking Questions To Find Out What Clients Want & Value,@thefutur,https://www.youtube.com/watch?v=tdUyfhZ18eM,2021-08-09,2026-07-14,skipped,3,,dup-of:corpus (short; concept-checked batch 265)
yt-MvdwtUSO1BU,short,How Should You Name Your Business? 🤔,@thefutur,https://www.youtube.com/watch?v=MvdwtUSO1BU,2021-08-06,2026-07-14,skipped,3,,dup-of:corpus (short; concept-checked batch 265)
yt-FWCLhO06X-o,short,Your Social Media Isn't Your Portfolio,@thefutur,https://www.youtube.com/watch?v=FWCLhO06X-o,2021-08-05,2026-07-14,skipped,3,,dup-of:corpus (short; concept-checked batch 265)
yt-Zwvwxh5yuEk,short,When The Client Tells You What They Want,@thefutur,https://www.youtube.com/watch?v=Zwvwxh5yuEk,2021-08-04,2026-07-14,skipped,3,,dup-of:corpus (short; concept-checked batch 265)
yt-wtaEipyrsfE,short,Mentor Vs. Heroes (Which is Better?),@thefutur,https://www.youtube.com/watch?v=wtaEipyrsfE,2021-08-03,2026-07-14,skipped,3,,"dup-of:corpus (heroes vs mentors; mindset 36, dated 2019-10-24)"
yt-G1Hbt_NeXE0,short,When Should You Quit?,@thefutur,https://www.youtube.com/watch?v=G1Hbt_NeXE0,2021-08-02,2026-07-14,skipped,3,,dup-of:corpus (short; concept-checked batch 265)
yt-wnSGmDHh9rA,short,2X Your Income As A Solopreneur,@thefutur,https://www.youtube.com/watch?v=wnSGmDHh9rA,2021-08-01,2026-07-14,skipped,3,,dup-of:corpus (short; concept-checked batch 265)
yt-2ed1tbRIues,short,Help Your Client See A Beautiful And Safe Future With You,@thefutur,https://www.youtube.com/watch?v=2ed1tbRIues,2021-07-30,2026-07-14,skipped,3,,dup-of:corpus (short; concept-checked batch 265)
yt-cx4gKIZP0hU,short,Writer's Block Is A MYTH!,@thefutur,https://www.youtube.com/watch?v=cx4gKIZP0hU,2021-07-29,2026-07-14,skipped,3,,"dup-of:yt-VRdFjL_uNoo AND guest material - the writer's-block-is-a-myth argument is SETH GODIN's, already fenced on the 2019-01-06 page"
yt-SqcLMjsMpu0,short,What Is A Brand Strategy Discovery Session?,@thefutur,https://www.youtube.com/watch?v=SqcLMjsMpu0,2021-07-28,2026-07-14,skipped,3,,dup-of:corpus (short; concept-checked batch 265)
yt-ol9PjI-nz2E,short,Say No With A Smile,@thefutur,https://www.youtube.com/watch?v=ol9PjI-nz2E,NA,2026-07-14,L1,3,,no-captions (no subtitles available)
yt-wnJeYa9G6VI,short,"Whoever Fails The Most, Wins – Seth Godin",@thefutur,https://www.youtube.com/watch?v=wnJeYa9G6VI,2021-07-26,2026-07-14,skipped,3,,dup-of:corpus (short; concept-checked batch 265)
yt-EO7ZFyyryeI,short,What Failure Can Teach You,@thefutur,https://www.youtube.com/watch?v=EO7ZFyyryeI,2021-07-23,2026-07-14,skipped,3,,dup-of:corpus (short; concept-checked batch 265)
yt-vV1RVt2_2uw,short,Perfectionism Is Procrastination In Disguise,@thefutur,https://www.youtube.com/watch?v=vV1RVt2_2uw,2021-07-22,2026-07-14,skipped,3,,dup-of:corpus (short; concept-checked batch 265)
yt-UW2gNjTo4dM,short,How To Sell Yourself Without Experience – Confidence,@thefutur,https://www.youtube.com/watch?v=UW2gNjTo4dM,2021-07-21,2026-07-14,skipped,3,,dup-of:corpus (short; concept-checked batch 265)
yt-uF_Ejc1CNfs,short,The Difference Between Art and Work,@thefutur,https://www.youtube.com/watch?v=uF_Ejc1CNfs,2021-07-20,2026-07-14,skipped,3,,dup-of:corpus (short; concept-checked batch 265)
yt-Z1FmagWUTdQ,short,Everyone Has A Plan Until They're Punched In The Face,@thefutur,https://www.youtube.com/watch?v=Z1FmagWUTdQ,2021-07-19,2026-07-14,skipped,3,,dup-of:corpus (short; concept-checked batch 265)
yt-GfY6j6BiQ5w,short,Focus On Profit Margin Not Size of the Job If You Want To Make Money,@thefutur,https://www.youtube.com/watch?v=GfY6j6BiQ5w,2021-07-18,2026-07-14,skipped,3,,dup-of:corpus (short; concept-checked batch 265)
yt-FFW5AhFRcMg,short,4 Common Business Mistakes Entrepreneurs Make 🚫,@thefutur,https://www.youtube.com/watch?v=FFW5AhFRcMg,2021-07-15,2026-07-14,skipped,3,,dup-of:corpus (short; concept-checked batch 265)
yt-G6lGgQUcH_E,short,Quick Tips To Get More Followers On Instagram,@thefutur,https://www.youtube.com/watch?v=G6lGgQUcH_E,NA,2026-07-14,L1,3,,no-captions (no subtitles available)
yt-sdtRV_WAt6Y,short,"The Three D's— Dollars, Decision Maker, Deadline",@thefutur,https://www.youtube.com/watch?v=sdtRV_WAt6Y,2021-07-13,2026-07-14,skipped,3,,dup-of:corpus (short; concept-checked batch 265)
yt-UCUqwjtxdqg,short,Be Clear With Price & Terms To Close Clients,@thefutur,https://www.youtube.com/watch?v=UCUqwjtxdqg,2021-07-12,2026-07-14,skipped,3,,dup-of:corpus (short; concept-checked batch 265)
yt-Cts3yvg0Sbg,short,Passive Income For Designers - Part 3,@thefutur,https://www.youtube.com/watch?v=Cts3yvg0Sbg,2021-07-09,2026-07-14,skipped,3,,dup-of:corpus (short; concept-checked batch 265)
yt-m3ppT7SYZ0Q,short,Passive Income For Designers - Part 2,@thefutur,https://www.youtube.com/watch?v=m3ppT7SYZ0Q,2021-07-08,2026-07-14,skipped,3,,dup-of:corpus (short; concept-checked batch 265)
yt-eS2cDB5gZ3g,short,Passive Income For Designers - Part 1,@thefutur,https://www.youtube.com/watch?v=eS2cDB5gZ3g,2021-07-07,2026-07-14,skipped,3,,dup-of:corpus (short; concept-checked batch 265)
yt-uJKsJ2UM_sA,short,Can You Charge Too Much?,@thefutur,https://www.youtube.com/watch?v=uJKsJ2UM_sA,2021-07-06,2026-07-14,skipped,3,,dup-of:corpus (short; concept-checked batch 266)
yt-yOObFZtyWF0,short,"Passionate People Play, While Others Work",@thefutur,https://www.youtube.com/watch?v=yOObFZtyWF0,2021-07-05,2026-07-14,skipped,3,,dup-of:corpus (short; concept-checked batch 266)
yt-48J6KEP1aZ4,short,Solve Your Problems By Being Your Own Client,@thefutur,https://www.youtube.com/watch?v=48J6KEP1aZ4,2021-07-02,2026-07-14,skipped,3,,dup-of:corpus (short; concept-checked batch 266)
yt-2Ir3mlFuQvs,short,How Much Should You Charge For A Project?,@thefutur,https://www.youtube.com/watch?v=2Ir3mlFuQvs,2021-07-01,2026-07-14,skipped,3,,dup-of:corpus (short; concept-checked batch 266)
yt-mt-us_zNeHg,short,Start With A Clear Goal,@thefutur,https://www.youtube.com/watch?v=mt-us_zNeHg,2021-06-30,2026-07-14,skipped,3,,dup-of:corpus (short; concept-checked batch 266)
yt-MSQHQWZWFhs,short,"Find A Job, Or Have The Job Find You",@thefutur,https://www.youtube.com/watch?v=MSQHQWZWFhs,2021-06-29,2026-07-14,skipped,3,,dup-of:corpus (short; concept-checked batch 266)
yt-6W2wwnQvGYw,short,When Clients Try EVERYTHING To Low Ball You,@thefutur,https://www.youtube.com/watch?v=6W2wwnQvGYw,2021-06-28,2026-07-14,skipped,3,,dup-of:corpus (short; concept-checked batch 266)
yt-tRFeT4xWjgg,short,Transform Yourself By Helping Others,@thefutur,https://www.youtube.com/watch?v=tRFeT4xWjgg,2021-06-25,2026-07-14,skipped,3,,dup-of:corpus (short; concept-checked batch 266)
yt-BqaalLCAs_Y,short,Don't Die Living Someone Else's Dream,@thefutur,https://www.youtube.com/watch?v=BqaalLCAs_Y,2021-06-24,2026-07-14,skipped,3,,dup-of:corpus (short; concept-checked batch 266)
yt-xBq0HELAvzE,short,How To Stand Out In A Crowded World,@thefutur,https://www.youtube.com/watch?v=xBq0HELAvzE,2021-06-23,2026-07-14,skipped,3,,dup-of:corpus (short; concept-checked batch 266)
yt-ZF7PRSDco-Q,short,One Tip To Run A Successful Creative Career,@thefutur,https://www.youtube.com/watch?v=ZF7PRSDco-Q,2021-06-22,2026-07-14,skipped,3,,dup-of:corpus (short; concept-checked batch 266)
yt-uhJqVqPNjgM,short,How To Grow On Instagram,@thefutur,https://www.youtube.com/watch?v=uhJqVqPNjgM,2021-06-21,2026-07-14,skipped,3,,dup-of:corpus (short; concept-checked batch 266)
yt-sLGquCF_VUo,short,Double Your Rate With Each NEW Client,@thefutur,https://www.youtube.com/watch?v=sLGquCF_VUo,2021-06-18,2026-07-14,skipped,3,,dup-of:corpus (short; concept-checked batch 266)
yt-qJl0dmH5Bzs,short,Should You Do Free Work?,@thefutur,https://www.youtube.com/watch?v=qJl0dmH5Bzs,2021-06-17,2026-07-14,skipped,3,,dup-of:corpus (short; concept-checked batch 266)
yt-y1SiA_LfrBQ,short,How To Tell Engaging Stories,@thefutur,https://www.youtube.com/watch?v=y1SiA_LfrBQ,2021-06-16,2026-07-14,skipped,3,,dup-of:corpus (short; concept-checked batch 266)
yt-_cffuFO14gg,short,What Is Branding? From The Brand Gap,@thefutur,https://www.youtube.com/watch?v=_cffuFO14gg,NA,2026-07-14,L1,3,,no-captions (no subtitles available)
yt-F6PtHzTRET4,short,Don't Start The Proposal Before Doing THIS,@thefutur,https://www.youtube.com/watch?v=F6PtHzTRET4,2021-06-14,2026-07-14,skipped,3,,dup-of:corpus (short; concept-checked batch 266)
yt-xMoqXKnNMMw,short,How To Build A Powerful Brand,@thefutur,https://www.youtube.com/watch?v=xMoqXKnNMMw,2021-06-11,2026-07-14,skipped,3,,dup-of:corpus (short; concept-checked batch 266)
yt-Ps8bukFPZ5U,short,Making Decisions as a Business Owner,@thefutur,https://www.youtube.com/watch?v=Ps8bukFPZ5U,2021-06-10,2026-07-14,skipped,3,,dup-of:corpus (short; concept-checked batch 266)
yt-XVJz5W3Tl1Q,short,How To Sell To Make People Buy,@thefutur,https://www.youtube.com/watch?v=XVJz5W3Tl1Q,2021-06-09,2026-07-14,skipped,3,,dup-of:corpus (short; concept-checked batch 266)
yt-ZtbsJKeyXl4,short,What To Post On Instagram?,@thefutur,https://www.youtube.com/watch?v=ZtbsJKeyXl4,2021-06-08,2026-07-14,skipped,3,,dup-of:corpus (short; concept-checked batch 266)
yt-3LcJa3pes2c,short,What Is A Rebrand?,@thefutur,https://www.youtube.com/watch?v=3LcJa3pes2c,NA,2026-07-14,L1,3,,no-captions (no subtitles available)
yt-Itf8o1GnS5A,short,How Entrepreneurs Can Add More Time In Their Day,@thefutur,https://www.youtube.com/watch?v=Itf8o1GnS5A,2021-06-04,2026-07-14,skipped,3,,dup-of:corpus (short; concept-checked batch 266)
yt-9Civ3iDhySY,short,The Work Should Not Be About You,@thefutur,https://www.youtube.com/watch?v=9Civ3iDhySY,2021-06-03,2026-07-14,skipped,3,,dup-of:corpus (short; concept-checked batch 266)
yt-6Osxex5bnmY,short,The One Book All Creatives Need To Read,@thefutur,https://www.youtube.com/watch?v=6Osxex5bnmY,2021-06-02,2026-07-14,skipped,3,,dup-of:corpus (short; concept-checked batch 266)
yt-1Rg8XsPYOjI,short,When To Hand Off Work To Others,@thefutur,https://www.youtube.com/watch?v=1Rg8XsPYOjI,2021-06-01,2026-07-14,skipped,3,,dup-of:corpus (short; concept-checked batch 267)
yt-_4sOY2KNWHw,short,What Is The Logo Design Process?,@thefutur,https://www.youtube.com/watch?v=_4sOY2KNWHw,2021-05-31,2026-07-14,skipped,3,,dup-of:corpus (short; concept-checked batch 267)
yt-4LbPfXoxecU,short,When A Client Has $$$ But Doesn't Want To Pay,@thefutur,https://www.youtube.com/watch?v=4LbPfXoxecU,NA,2026-07-14,L1,3,,no-captions (no subtitles available)
yt-k8dFdZfGm_4,short,Don't Be An Askhole— Seek Answers Not Confirmation,@thefutur,https://www.youtube.com/watch?v=k8dFdZfGm_4,2021-05-27,2026-07-14,skipped,3,,dup-of:corpus (short; concept-checked batch 267)
yt-WaU_3PhKuv8,short,Stop Giving Money Power Over You,@thefutur,https://www.youtube.com/watch?v=WaU_3PhKuv8,2021-05-26,2026-07-14,skipped,3,,dup-of:corpus (short; concept-checked batch 267)
yt-WMcv1vLatzE,short,The Rule For Specializing Or Generalizing,@thefutur,https://www.youtube.com/watch?v=WMcv1vLatzE,2021-05-25,2026-07-14,skipped,3,,dup-of:corpus (short; concept-checked batch 267)
yt-RiIBcGxVbXE,short,Bring Up Money Quickly To Low Budget Clients,@thefutur,https://www.youtube.com/watch?v=RiIBcGxVbXE,2021-05-24,2026-07-14,skipped,3,,dup-of:corpus (build-a-better-gate metaphor for early-money qualification; bring-up-money 4 + qualify 9 in topics/persona)
yt-OuH2U26fdj0,short,Can you measure the value of good branding? Brand Ladder Explained by Marty Neumeier,@thefutur,https://www.youtube.com/watch?v=OuH2U26fdj0,2021-05-22,2026-07-14,skipped,3,,dup-of:corpus (short; concept-checked batch 267)
yt-XJ-f8IXJ2dI,short,What Is A Creative Brief?,@thefutur,https://www.youtube.com/watch?v=XJ-f8IXJ2dI,2021-05-21,2026-07-14,skipped,3,,dup-of:corpus (short; concept-checked batch 267)
yt-iwMQeDLqriM,short,3 Things Brands Do To Build Trust,@thefutur,https://www.youtube.com/watch?v=iwMQeDLqriM,2021-05-20,2026-07-14,skipped,3,,dup-of:corpus (short; concept-checked batch 267)
yt-Kc1UwDwmJ9c,short,What Is Branding?,@thefutur,https://www.youtube.com/watch?v=Kc1UwDwmJ9c,2021-05-19,2026-07-14,skipped,3,,dup-of:corpus (short; concept-checked batch 267)
yt-Plvq6PWXkKs,short,How To Reframe When Bad Things Happen To You,@thefutur,https://www.youtube.com/watch?v=Plvq6PWXkKs,2021-05-18,2026-07-14,skipped,3,,dup-of:corpus (short; concept-checked batch 267)
yt-VlzUwD9l2MM,short,Branding Tips From A Design Legend (Brian Collins),@thefutur,https://www.youtube.com/watch?v=VlzUwD9l2MM,2021-05-17,2026-07-14,skipped,3,,dup-of:corpus (short; concept-checked batch 267)
yt-mJTa2KlADuQ,short,How Value Is Created—Entrepreneur Mindset,@thefutur,https://www.youtube.com/watch?v=mJTa2KlADuQ,2021-05-14,2026-07-14,skipped,3,,dup-of:corpus (short; concept-checked batch 267)
yt-Vw8jO-nOnRs,short,Don't Have More Than 10 Clients,@thefutur,https://www.youtube.com/watch?v=Vw8jO-nOnRs,2021-05-13,2026-07-14,skipped,3,,dup-of:corpus (short; concept-checked batch 267)
yt-T-wCABjYJnk,short,How To Ask Your Boss For A Raise And Get It,@thefutur,https://www.youtube.com/watch?v=T-wCABjYJnk,2021-05-12,2026-07-14,skipped,3,,dup-of:corpus (short; concept-checked batch 267)
yt-3W_nyrFhyOw,short,When The Client Is Fishing For A Price (Being Evasive & Indecisive),@thefutur,https://www.youtube.com/watch?v=3W_nyrFhyOw,2021-05-11,2026-07-14,skipped,3,,dup-of:corpus (short; concept-checked batch 267)
yt-cMQwtDhcI60,short,When The Client Has A Low Budget,@thefutur,https://www.youtube.com/watch?v=cMQwtDhcI60,2021-05-10,2026-07-14,skipped,3,,dup-of:corpus (short; concept-checked batch 267)
yt-0HNXpB2mfqE,short,When The Client Adds Something Last Minute,@thefutur,https://www.youtube.com/watch?v=0HNXpB2mfqE,2021-05-07,2026-07-14,skipped,3,,dup-of:corpus (short; concept-checked batch 267)
yt-T2esNiPYRlg,short,Losing His Job Was The Best Thing To Happen To Him w/ Pat Flynn ep. 132,@thefutur,https://www.youtube.com/watch?v=T2esNiPYRlg,2021-05-05,2026-07-14,skipped,3,,guest-only (Pat Flynn profile)
yt-yMTOxNFtzYQ,short,Artist Transforms Setback To Triumphh,@thefutur,https://www.youtube.com/watch?v=yMTOxNFtzYQ,2021-05-03,2026-07-14,skipped,3,,dup-of:corpus (short; concept-checked batch 267)
yt-UZjYPcAe8xQ,short,You Won’t Believe How Much We Charge For A Logo,@thefutur,https://www.youtube.com/watch?v=UZjYPcAe8xQ,2021-04-30,2026-07-14,skipped,3,,dup-of:corpus (short; concept-checked batch 267)
yt-WE1bZFJMf34,short,When The Client Finds Someone 'Cheaper',@thefutur,https://www.youtube.com/watch?v=WE1bZFJMf34,2021-04-28,2026-07-14,skipped,3,,dup-of:corpus (short; concept-checked batch 267)
yt-6elPItWR6wQ,short,Build A Brand From Scratch,@thefutur,https://www.youtube.com/watch?v=6elPItWR6wQ,2021-04-26,2026-07-14,skipped,3,,dup-of:corpus (short; concept-checked batch 267)
yt-TTjNWcQ_eGE,short,The Difference Between An Amateur And A Pro,@thefutur,https://www.youtube.com/watch?v=TTjNWcQ_eGE,2021-04-23,2026-07-14,skipped,3,,dup-of:corpus (short; concept-checked batch 267)
yt-C6IxevS4zwc,short,When Clients Don't Want To Pay What You're Worth Do This Instead,@thefutur,https://www.youtube.com/watch?v=C6IxevS4zwc,2021-04-21,2026-07-14,skipped,3,,dup-of:corpus (short; concept-checked batch 268)
yt-3Gkke_9WU10,short,Do This Before You Start Making Content,@thefutur,https://www.youtube.com/watch?v=3Gkke_9WU10,2021-04-19,2026-07-14,skipped,3,,dup-of:corpus (short; concept-checked batch 268)
yt-AlPgkyZv954,short,When A Project Isn’t Worth The Money,@thefutur,https://www.youtube.com/watch?v=AlPgkyZv954,2021-04-16,2026-07-14,skipped,3,,dup-of:corpus (short; concept-checked batch 268)
yt-e-rGsLyu5LA,short,A Brand Isn't What You Think It Is...,@thefutur,https://www.youtube.com/watch?v=e-rGsLyu5LA,2021-04-14,2026-07-14,skipped,3,,dup-of:corpus (short; concept-checked batch 268)
yt-3gLlWp-nIko,short,"Life Doesn't Happen To You, It Happens For You",@thefutur,https://www.youtube.com/watch?v=3gLlWp-nIko,2021-04-09,2026-07-14,skipped,3,,dup-of:corpus (short; concept-checked batch 268)
yt-kmmQVZrymrQ,short,How To Find Your Purpose – Ikigai,@thefutur,https://www.youtube.com/watch?v=kmmQVZrymrQ,2021-04-07,2026-07-14,skipped,3,,dup-of:corpus (short; concept-checked batch 268)
yt-cMWT5yGrAF8,short,Stop Selling And Start HELPING,@thefutur,https://www.youtube.com/watch?v=cMWT5yGrAF8,2021-04-05,2026-07-14,skipped,3,,dup-of:corpus (short; concept-checked batch 268)
yt-aLjnvTX1uB8,short,Rebrand What You Do – Exercise,@thefutur,https://www.youtube.com/watch?v=aLjnvTX1uB8,2021-04-02,2026-07-14,skipped,3,,dup-of:corpus (short; concept-checked batch 268)
yt-jbfMQIwZ8EY,short,Tips To Charge More From Clients,@thefutur,https://www.youtube.com/watch?v=jbfMQIwZ8EY,2021-03-31,2026-07-14,skipped,3,,dup-of:corpus (short; concept-checked batch 268)
yt-TxeEzZvVGUc,short,Why Charging By The Hour Doesn't Make Sense,@thefutur,https://www.youtube.com/watch?v=TxeEzZvVGUc,2021-03-29,2026-07-14,skipped,3,,dup-of:corpus (short; concept-checked batch 268)
yt--joIfKmSpMQ,stream,The Skill You Need To Win Clients That No One Talks About (but should),@thefutur,https://www.youtube.com/watch?v=-joIfKmSpMQ,NA,2026-07-14,L0-discovered,3,,views=0
yt-guh2hdetWGg,stream,Speak Like a Pro w/ Yasir Khan,@thefutur,https://www.youtube.com/watch?v=guh2hdetWGg,NA,2026-07-14,L0-discovered,3,,views=0
yt-Zo_SxRuUGjQ,stream,How To Stand Out In A Noisy World: UnBland Yourself Book Launch,@thefutur,https://www.youtube.com/watch?v=Zo_SxRuUGjQ,NA,2026-07-14,L0-discovered,3,,views=0
yt-jomVDSzhKEo,stream,Personal branding and the meaning of life: Chris Do & @Jodie_Cook,@thefutur,https://www.youtube.com/watch?v=jomVDSzhKEo,NA,2026-07-14,L0-discovered,3,,views=0
yt-miIjR2paiKo,stream,Fix This If You Want Better Clients (Business Q&A),@thefutur,https://www.youtube.com/watch?v=miIjR2paiKo,NA,2026-07-14,L0-discovered,3,,views=0
yt-hTgORO7jf2k,stream,How to Create an Offer Clients Say Yes to Fast,@thefutur,https://www.youtube.com/watch?v=hTgORO7jf2k,NA,2026-07-14,L0-discovered,3,,views=0
yt-RA2qEWrY9w0,stream,Common Content Mistakes for Reels & Shorts (live),@thefutur,https://www.youtube.com/watch?v=RA2qEWrY9w0,NA,2026-07-14,L0-discovered,3,,views=0
yt-Ju4Hz6tZUXg,stream,Personal vs Corporate Branding. Live Adobe MAX 2024 Miami,@thefutur,https://www.youtube.com/watch?v=Ju4Hz6tZUXg,NA,2026-07-14,L0-discovered,3,,views=0
yt-mm-22NkdZBs,stream,Unlocking Creative Potential 90 min Deep Dive w/ Chris Do,@thefutur,https://www.youtube.com/watch?v=mm-22NkdZBs,NA,2026-07-14,L0-discovered,3,,views=0
yt-6lmRMkzXGhk,stream,Authenticity & Thought Leadership in the Age of AI,@thefutur,https://www.youtube.com/watch?v=6lmRMkzXGhk,NA,2026-07-14,L0-discovered,3,,views=0
yt-nRh7i30sKPw,stream,Looking Into The Future,@thefutur,https://www.youtube.com/watch?v=nRh7i30sKPw,NA,2026-07-14,L0-discovered,3,,views=0
yt-p-46_W4G9hU,stream,Business Bootcamp Graduation 2/22,@thefutur,https://www.youtube.com/watch?v=p-46_W4G9hU,NA,2026-07-14,L0-discovered,3,,views=0
yt-cQrw7pu_jqQ,stream,How To Get Subscribers On YouTube 2022,@thefutur,https://www.youtube.com/watch?v=cQrw7pu_jqQ,NA,2026-07-14,L0-discovered,3,,views=0
yt-NvQ0QlESCOE,stream,Authenticity & Vulnerability w/Laura Beauparlant,@thefutur,https://www.youtube.com/watch?v=NvQ0QlESCOE,NA,2026-07-14,L0-discovered,3,,views=0
yt-puQJ9skmXYc,stream,How To Find & Get Dream Clients w/ AJ Cassata,@thefutur,https://www.youtube.com/watch?v=puQJ9skmXYc,NA,2026-07-14,L0-discovered,3,,views=0
yt-jyRHLFLzPto,stream,How To Build Community w/Tom Ross,@thefutur,https://www.youtube.com/watch?v=jyRHLFLzPto,NA,2026-07-14,L0-discovered,3,,views=0
yt-1OVPyH3K4G0,stream,How To Grow Your Video Business – Whiteboard Session 2022,@thefutur,https://www.youtube.com/watch?v=1OVPyH3K4G0,NA,2026-07-14,L0-discovered,3,,views=0
yt-elFwomX1mqA,stream,YouTube Live AMA (Get Help With Your Business) w/Chris Do,@thefutur,https://www.youtube.com/watch?v=elFwomX1mqA,NA,2026-07-14,L0-discovered,3,,views=0
yt-xthIAooOw6Y,stream,How to Make Passive Income with Animation w/Apostolos Roussas,@thefutur,https://www.youtube.com/watch?v=xthIAooOw6Y,NA,2026-07-14,L0-discovered,3,,views=0
yt-kaKpnHyvKo0,stream,What It's Like Being A Pro Portrait Photographer w/Jill Greenberg,@thefutur,https://www.youtube.com/watch?v=kaKpnHyvKo0,NA,2026-07-14,L0-discovered,3,,views=0
yt-vB5fGn1UEcI,stream,Three Key Sales Skills & Techniques To Get Better Clients w/Matt Essam,@thefutur,https://www.youtube.com/watch?v=vB5fGn1UEcI,NA,2026-07-14,L0-discovered,3,,views=0
yt-I_SswL6QSUI,stream,1 Million YouTube Subscribers (Community Celebration),@thefutur,https://www.youtube.com/watch?v=I_SswL6QSUI,NA,2026-07-14,L0-discovered,3,,views=0
yt-BAzs3amtEFA,stream,How To Find Your Niche & Turn Passion Into Profit — Ikigai Workshop,@thefutur,https://www.youtube.com/watch?v=BAzs3amtEFA,NA,2026-07-14,L0-discovered,3,,views=0
yt-X0UgoXNLGzs,stream,7 Mistakes To AVOID When Starting Your Agency w/Tim Brown,@thefutur,https://www.youtube.com/watch?v=X0UgoXNLGzs,NA,2026-07-14,L0-discovered,3,,views=0
yt-QwuSKGGBZGA,stream,Are Your Dreams Big Enough? The Power of Visualization After Hours Deep Conversation,@thefutur,https://www.youtube.com/watch?v=QwuSKGGBZGA,NA,2026-07-14,L0-discovered,3,,views=0
yt-LVSKW3my7mc,stream,Should You Hire Others? One thing rich people do that poor people don’t –Whiteboard Session,@thefutur,https://www.youtube.com/watch?v=LVSKW3my7mc,NA,2026-07-14,L0-discovered,3,,views=0
yt-rAcdX5jRRgQ,stream,Scaling Up: How To Run A Successful Creative Agency & Go From Freelance to Entrepreneur,@thefutur,https://www.youtube.com/watch?v=rAcdX5jRRgQ,NA,2026-07-14,L0-discovered,3,,views=0
yt-ahCrRMPT4n0,stream,Broke But Not Broken w/ Vincent Brathwaite,@thefutur,https://www.youtube.com/watch?v=ahCrRMPT4n0,NA,2026-07-14,L0-discovered,3,,views=0
yt-QdCYN9OBM_U,stream,Get Your Dream Job in 2020 w/ Petrula Vrontikis,@thefutur,https://www.youtube.com/watch?v=QdCYN9OBM_U,NA,2026-07-14,L0-discovered,3,,views=0
yt-DqudGFOK75g,stream,TikTok For Business,@thefutur,https://www.youtube.com/watch?v=DqudGFOK75g,NA,2026-07-14,L0-discovered,3,,views=0
yt-iyy672QdGSk,stream,Education 2020: How Colleges & Universities Are Adapting,@thefutur,https://www.youtube.com/watch?v=iyy672QdGSk,NA,2026-07-14,L0-discovered,3,,views=0
yt-lcs8zengUxU,stream,How To Get Clients You Want To Work With (Role-play),@thefutur,https://www.youtube.com/watch?v=lcs8zengUxU,NA,2026-07-14,L0-discovered,3,,views=0
yt-Cysz2DEHM_g,stream,8 ESSENTIAL Things To Run A Successful Business w/Marcus Whitney,@thefutur,https://www.youtube.com/watch?v=Cysz2DEHM_g,NA,2026-07-14,L0-discovered,3,,views=0
yt-3Xv8G8KZMhY,stream,Answering Questions About My Book From The Pro Group,@thefutur,https://www.youtube.com/watch?v=3Xv8G8KZMhY,NA,2026-07-14,L0-discovered,3,,views=0
yt-foRQblmVruQ,stream,What's Next In Branding w/Brett Brown,@thefutur,https://www.youtube.com/watch?v=foRQblmVruQ,NA,2026-07-14,L0-discovered,3,,views=0
yt-xUAwCnLkaGA,stream,How To Grow A Small Creative Agency w/Eli Altman,@thefutur,https://www.youtube.com/watch?v=xUAwCnLkaGA,NA,2026-07-14,L0-discovered,3,,views=0
yt-50XELwbd5uQ,stream,Can Perfectionism Lead To Depression w/Dr. Margaret Robinson Rutherford,@thefutur,https://www.youtube.com/watch?v=50XELwbd5uQ,NA,2026-07-14,L0-discovered,3,,views=0
yt-7EE1bzN35x0,stream,"Growing, Building, & Scaling Businesses w/Beate Chelette",@thefutur,https://www.youtube.com/watch?v=7EE1bzN35x0,NA,2026-07-14,L0-discovered,3,,views=0
yt-MLHD2uDjDxA,stream,Attract Your Dream Clients By Being Authentic,@thefutur,https://www.youtube.com/watch?v=MLHD2uDjDxA,NA,2026-07-14,L0-discovered,3,,views=0
yt-6TiVwJm9-6Y,stream,Holistic Psychology w/Nicole LePera,@thefutur,https://www.youtube.com/watch?v=6TiVwJm9-6Y,NA,2026-07-14,L0-discovered,3,,views=0
yt-a18_7rB6Hbw,stream,The Brand Test By Strategist Fabian Geyrhalter,@thefutur,https://www.youtube.com/watch?v=a18_7rB6Hbw,NA,2026-07-14,L0-discovered,3,,views=0
yt-1JqdZ-WRP6U,stream,Ten Dangerous Ideas with Graphic Design Rebel James Victore,@thefutur,https://www.youtube.com/watch?v=1JqdZ-WRP6U,NA,2026-07-14,L0-discovered,3,,views=0
yt-6I1BH-fQUXc,stream,How To Productize And Systematize Creative Services & Build A 7 Figure Business,@thefutur,https://www.youtube.com/watch?v=6I1BH-fQUXc,NA,2026-07-14,L0-discovered,3,,views=0
yt-3HfzKYp2mK0,stream,8 Things You Can Do To Lower Your Expenses To Survive The Financial Crisis,@thefutur,https://www.youtube.com/watch?v=3HfzKYp2mK0,NA,2026-07-14,L0-discovered,3,,views=0
yt-9FBfO6A1PIw,stream,Business Insights For Creative Firms w/ David C. Baker Livestream,@thefutur,https://www.youtube.com/watch?v=9FBfO6A1PIw,NA,2026-07-14,L0-discovered,3,,views=0
yt-Ejvr-yzCjXw,stream,Brutally Honest Business Advice For Creatives w Emily Cohen,@thefutur,https://www.youtube.com/watch?v=Ejvr-yzCjXw,NA,2026-07-14,L0-discovered,3,,views=0
yt-TeD_nggYHME,stream,Business Advice To Help You Get Through Tough Times—Fireside Chat,@thefutur,https://www.youtube.com/watch?v=TeD_nggYHME,NA,2026-07-14,L0-discovered,3,,views=0
yt-tFvEDk7W1Rg,stream,Understanding The Coronavirus— Infectious Disease Expert Dr. Otto Yang Explains Fact From Fiction,@thefutur,https://www.youtube.com/watch?v=tFvEDk7W1Rg,NA,2026-07-14,L0-discovered,3,,views=0
yt-poy0uynEP7E,stream,How To Cope w/Covid-19 Pandemic Fear and Anxiety,@thefutur,https://www.youtube.com/watch?v=poy0uynEP7E,NA,2026-07-14,L0-discovered,3,,views=0
yt-dQNPikq2xHo,stream,How to Improve Your Sales Process and Increase Business (After Hours),@thefutur,https://www.youtube.com/watch?v=dQNPikq2xHo,NA,2026-07-14,L0-discovered,3,,views=0
yt-hgn7sr4PNrg,stream,A Year Without Work— After Hours w/ Sean McCabe,@thefutur,https://www.youtube.com/watch?v=hgn7sr4PNrg,NA,2026-07-14,L0-discovered,3,,views=0
yt-G9LE0vdC4o0,stream,Instagram Content Strategy Guide— How To Determine What To Post on IG (Whiteboard),@thefutur,https://www.youtube.com/watch?v=G9LE0vdC4o0,NA,2026-07-14,L0-discovered,3,,views=0
yt-QOoRdbPdi0E,stream,The Difference Between Design & Art— How To Find Your Worth,@thefutur,https://www.youtube.com/watch?v=QOoRdbPdi0E,NA,2026-07-14,L0-discovered,3,,views=0
yt-ikaGoi6s6bo,stream,Design Therapy w/ Wesley Anne Little,@thefutur,https://www.youtube.com/watch?v=ikaGoi6s6bo,NA,2026-07-14,L0-discovered,3,,views=0
yt-KnLj_I8yzgg,stream,How To Generate Ideas For Your Business—Whiteboard Session,@thefutur,https://www.youtube.com/watch?v=KnLj_I8yzgg,NA,2026-07-14,L0-discovered,3,,views=0
yt-Wc3duc3s300,stream,How To Run A Successful Motion Design Firm Outside LA/NY,@thefutur,https://www.youtube.com/watch?v=Wc3duc3s300,NA,2026-07-14,L0-discovered,3,,views=0
yt-C7MNa3YlkCM,stream,"Doing, Learning, Listening— Advice To Young Creatives: After Hours w/ Bob Bonniol & Butch Allen",@thefutur,https://www.youtube.com/watch?v=C7MNa3YlkCM,NA,2026-07-14,L0-discovered,3,,views=0
yt-zMuzR_eOpms,stream,How To Do Work You Enjoy Whiteboard Session w/ NY College Students,@thefutur,https://www.youtube.com/watch?v=zMuzR_eOpms,NA,2026-07-14,L0-discovered,3,,views=0
yt-XCOjYwIulTs,stream,Creative Partnerships - dealing with ego and compromise,@thefutur,https://www.youtube.com/watch?v=XCOjYwIulTs,NA,2026-07-14,L0-discovered,3,,views=0
yt-EiRAVtJLv6o,stream,From Freelance To Full-Time In-House Creative Director w/ Elizabeth Carey Smith,@thefutur,https://www.youtube.com/watch?v=EiRAVtJLv6o,NA,2026-07-14,L0-discovered,3,,views=0
yt-W_p0do4DT0U,stream,UX Design w/Ariel Sim,@thefutur,https://www.youtube.com/watch?v=W_p0do4DT0U,NA,2026-07-14,L0-discovered,3,,views=0
yt-dpZfNNYUZEc,stream,What is Branding? A deep dive with Marty Neumeier,@thefutur,https://www.youtube.com/watch?v=dpZfNNYUZEc,NA,2026-07-14,L0-discovered,3,,views=0
yt-mQv4FutBc1A,stream,Freelance To Youtube With Becki And Chris!,@thefutur,https://www.youtube.com/watch?v=mQv4FutBc1A,NA,2026-07-14,L0-discovered,3,,views=0
yt-SzztLX6qv7U,stream,Chris Do Answers Tough Questions From Beeple– Heated Debate,@thefutur,https://www.youtube.com/watch?v=SzztLX6qv7U,NA,2026-07-14,L0-discovered,3,,views=0
yt-aNu000cQZmU,stream,How To Run A Profitable Business & Make Money,@thefutur,https://www.youtube.com/watch?v=aNu000cQZmU,NA,2026-07-14,L0-discovered,3,,views=0
yt-Gxdk27u9UwM,stream,How To Manage Your Time & Get More Done,@thefutur,https://www.youtube.com/watch?v=Gxdk27u9UwM,NA,2026-07-14,L0-discovered,3,,views=0
yt-NT3uiJJ7KWs,stream,Chris Do Is A FRAUD,@thefutur,https://www.youtube.com/watch?v=NT3uiJJ7KWs,NA,2026-07-14,L0-discovered,3,,views=0
yt-UNrd-XtaC28,stream,Never Discount To Get Sales—The Right Way To Trigger Sales,@thefutur,https://www.youtube.com/watch?v=UNrd-XtaC28,NA,2026-07-14,L0-discovered,3,,views=0
yt-G2SqqjRn_c0,stream,What is YOUR Reason for Being? (Ikigai),@thefutur,https://www.youtube.com/watch?v=G2SqqjRn_c0,NA,2026-07-14,L0-discovered,3,,views=0
yt-7snev8P4ENU,stream,Deep Discussion With Creative Professionals,@thefutur,https://www.youtube.com/watch?v=7snev8P4ENU,NA,2026-07-14,L0-discovered,3,,views=0
yt-fncfREB7vhY,stream,3 Most Important Things To Become A Successful Designer—Sagi Haviv,@thefutur,https://www.youtube.com/watch?v=fncfREB7vhY,NA,2026-07-14,L0-discovered,3,,views=0
yt-89bF5Dzh_F4,stream,How To Get 10k Followers On Instagram Per Week,@thefutur,https://www.youtube.com/watch?v=89bF5Dzh_F4,NA,2026-07-14,L0-discovered,3,,views=0
yt-VJ54aG0q4WE,stream,Graphic Design Legend & Pioneer Paula Scher,@thefutur,https://www.youtube.com/watch?v=VJ54aG0q4WE,NA,2026-07-14,L0-discovered,3,,views=0
yt-nZ_9eXcdW0k,stream,Tips for Designers Fresh Out of School - Charli Marie Discusses the Reality,@thefutur,https://www.youtube.com/watch?v=nZ_9eXcdW0k,NA,2026-07-14,L0-discovered,3,,views=0
yt-lSsCwjeMCAc,stream,Give Your Knowledge Away To Make Millions $$$,@thefutur,https://www.youtube.com/watch?v=lSsCwjeMCAc,NA,2026-07-14,L0-discovered,3,,views=0
yt-C7C8VtU8XHs,stream,How Unmesh Dinda PixImperfect Got Millions of Subscribers On YouTube,@thefutur,https://www.youtube.com/watch?v=C7C8VtU8XHs,NA,2026-07-14,L0-discovered,3,,views=0
yt-J9Sm2gKpsCU,stream,The One Goal That Matters In Working With Clients w/ Therapist Wesley Little,@thefutur,https://www.youtube.com/watch?v=J9Sm2gKpsCU,NA,2026-07-14,L0-discovered,3,,views=0
yt-xGCbzrc0p8g,stream,Design From Scratch Ep. 3 Q&A – Where Do We Go From Here?,@thefutur,https://www.youtube.com/watch?v=xGCbzrc0p8g,NA,2026-07-14,L0-discovered,3,,views=0
yt-f0jwd07YIY0,stream,Design From Scratch Ep. 2 Q&A –  We Heard You. Let's Discuss,@thefutur,https://www.youtube.com/watch?v=f0jwd07YIY0,NA,2026-07-14,L0-discovered,3,,views=0
yt-ViVvDLXTNnA,stream,"Design From Scratch Ep. 1 – Q&A, Reactions w/ The Futur Crew",@thefutur,https://www.youtube.com/watch?v=ViVvDLXTNnA,NA,2026-07-14,L0-discovered,3,,views=0
yt-kbdXTRCHQwI,stream,Procreate Artist Gal Shir Paints Live With Us,@thefutur,https://www.youtube.com/watch?v=kbdXTRCHQwI,NA,2026-07-14,L0-discovered,3,,views=0
yt-5-81fZG5yGQ,stream,Making A Living Making Logos,@thefutur,https://www.youtube.com/watch?v=5-81fZG5yGQ,NA,2026-07-14,L0-discovered,3,,views=0
yt-JTi3nJAvzRs,stream,Price Creative Work With Confidence. Win More Bids. Make More Money.,@thefutur,https://www.youtube.com/watch?v=JTi3nJAvzRs,NA,2026-07-14,L0-discovered,3,,views=0
yt-C_ygwKLb94k,stream,How To Use Inbound Content Marketing To Generate Sales Leads,@thefutur,https://www.youtube.com/watch?v=C_ygwKLb94k,NA,2026-07-14,L0-discovered,3,,views=0
yt-UIiPbEdpqhc,stream,Delivering Surprise & Delight—Why Doing More Of What Makes You Happy Is The Secret To Branding,@thefutur,https://www.youtube.com/watch?v=UIiPbEdpqhc,NA,2026-07-14,L0-discovered,3,,views=0
yt-WsHNxOcOJTw,stream,Google’s Best Tips For UX & Web Design 2019,@thefutur,https://www.youtube.com/watch?v=WsHNxOcOJTw,NA,2026-07-14,L0-discovered,3,,views=0
yt-J6Su5Vx3x5U,stream,Pricing Creativity w/ Blair Enns Livestream,@thefutur,https://www.youtube.com/watch?v=J6Su5Vx3x5U,NA,2026-07-14,L0-discovered,3,,views=0
yt-0eI6o_mBNqQ,stream,Career & Life In Creativity—Real Talk,@thefutur,https://www.youtube.com/watch?v=0eI6o_mBNqQ,NA,2026-07-14,L0-discovered,3,,views=0
yt-N_SLAtJYSC4,stream,"Designer, Illustrator, Writer: Do You Have To Specialize?",@thefutur,https://www.youtube.com/watch?v=N_SLAtJYSC4,NA,2026-07-14,L0-discovered,3,,views=0
yt-awwBPh0ucUc,stream,Get Your First Design Job After Graduation,@thefutur,https://www.youtube.com/watch?v=awwBPh0ucUc,NA,2026-07-14,L0-discovered,3,,views=0
yt-jo5THshRG60,stream,🔴 How To Become A Brand Strategist,@thefutur,https://www.youtube.com/watch?v=jo5THshRG60,NA,2026-07-14,L0-discovered,3,,views=0
yt-RiwJ6AoAr38,stream,7 Tips to Create Better Content,@thefutur,https://www.youtube.com/watch?v=RiwJ6AoAr38,NA,2026-07-14,L0-discovered,3,,views=0
yt-tswMCGiLCYo,stream,🔴 5 Questions We ASK Gary Vee Live—2019 Interview,@thefutur,https://www.youtube.com/watch?v=tswMCGiLCYo,NA,2026-07-14,L0-discovered,3,,views=0
yt-rcNMyrt2nvg,stream,How To Not Get Left Behind As You Become Older In Creative Industry,@thefutur,https://www.youtube.com/watch?v=rcNMyrt2nvg,NA,2026-07-14,L0-discovered,3,,views=0
yt-6Ahu82P85gg,stream,How to Sell Digital Products Online with Tom Ross of Design Cuts,@thefutur,https://www.youtube.com/watch?v=6Ahu82P85gg,NA,2026-07-14,L0-discovered,3,,views=0
yt-b16JgiDB5ds,stream,Freelance Business Design Advice w/ Hoodzpah Design,@thefutur,https://www.youtube.com/watch?v=b16JgiDB5ds,NA,2026-07-14,L0-discovered,3,,views=0
yt-y-lZIUV3uiQ,stream,🔴 3 Stage Product Launch Strategy w/ Marketing Advice From Joana Galvao,@thefutur,https://www.youtube.com/watch?v=y-lZIUV3uiQ,NA,2026-07-14,L0-discovered,3,,views=0
yt-KXXfXtey9Jc,stream,How to Generate Leads – What Are Sales Funnels?,@thefutur,https://www.youtube.com/watch?v=KXXfXtey9Jc,NA,2026-07-14,L0-discovered,3,,views=0
yt-aHPsfiGsxF4,stream,9 Steps To Becoming A Creative Director w/ Adam Morgan,@thefutur,https://www.youtube.com/watch?v=aHPsfiGsxF4,NA,2026-07-14,L0-discovered,3,,views=0
yt-bxtFe_Q8mCY,stream,🔴 Biz Dev (Business Development & Sales) Livestream,@thefutur,https://www.youtube.com/watch?v=bxtFe_Q8mCY,NA,2026-07-14,L0-discovered,3,,views=0
yt-XxO5NVI5gxM,stream,🔴 Grow Your Audience on Social Media (Strategies & Tools),@thefutur,https://www.youtube.com/watch?v=XxO5NVI5gxM,NA,2026-07-14,L0-discovered,3,,views=0
yt-bvg1BbZTt_0,stream,🔴 Being Fired Because of Low Followers On Instagram Was A Wake-Up Call For Her – Yvette Roman Ep. 1,@thefutur,https://www.youtube.com/watch?v=bvg1BbZTt_0,NA,2026-07-14,L0-discovered,3,,views=0
yt-ykDOSPLmjAM,stream,🔴 How To Create Habits That Inspire Creativity w/ Joana Galvao,@thefutur,https://www.youtube.com/watch?v=ykDOSPLmjAM,NA,2026-07-14,L0-discovered,3,,views=0
yt-PI6zWoZlZxY,stream,🔴 Passive Income For Designers w/ Dustin Lee Livestream,@thefutur,https://www.youtube.com/watch?v=PI6zWoZlZxY,NA,2026-07-14,L0-discovered,3,,views=0
yt-B42veNlJmV8,stream,🔴 Passive Income - How to Launch an Online Learning Course,@thefutur,https://www.youtube.com/watch?v=B42veNlJmV8,NA,2026-07-14,L0-discovered,3,,views=0
yt-_jn9Kp0y4mY,stream,How To Create An Online  Course w/ Janelle Allen,@thefutur,https://www.youtube.com/watch?v=_jn9Kp0y4mY,NA,2026-07-14,L0-discovered,3,,views=0
yt-wfEyCd4vXMY,stream,"Young Guns: Learning How To Learn, Lack of Motivation, Specialize or Generalize… Ep. 8",@thefutur,https://www.youtube.com/watch?v=wfEyCd4vXMY,NA,2026-07-14,L0-discovered,3,,views=0
yt-Fz-XGd8EX3U,stream,🔴 What Makes A Logo Great & Iconic?  w/ Sagi Haviv,@thefutur,https://www.youtube.com/watch?v=Fz-XGd8EX3U,NA,2026-07-14,L0-discovered,3,,views=0
yt-AkHGk1l1Lx4,stream,🔴 5 Tips On How To Talk To New Clients,@thefutur,https://www.youtube.com/watch?v=AkHGk1l1Lx4,NA,2026-07-14,L0-discovered,3,,views=0
yt-7FWGJ3CZdCM,stream,"Get Clients— Cold Calling, Tough Negotiation Role Play AMA",@thefutur,https://www.youtube.com/watch?v=7FWGJ3CZdCM,NA,2026-07-14,L0-discovered,3,,views=0
yt-H7c8Qe96iTU,stream,How To Overcome Client & Sales Objections Without Conflict,@thefutur,https://www.youtube.com/watch?v=H7c8Qe96iTU,NA,2026-07-14,L0-discovered,3,,views=0
yt-9xF0kcs9lm4,stream,Guide To Freelancing w/ Jonathan Stark,@thefutur,https://www.youtube.com/watch?v=9xF0kcs9lm4,NA,2026-07-14,L0-discovered,3,,views=0
yt-qyw5ShD9DWY,stream,Fair Use & Copyright Laws For Artists,@thefutur,https://www.youtube.com/watch?v=qyw5ShD9DWY,NA,2026-07-14,L0-discovered,3,,views=0
yt-Mlmwf7M8aJ8,stream,🔴How to Create a Passive Income Business Through Knowledge Products,@thefutur,https://www.youtube.com/watch?v=Mlmwf7M8aJ8,NA,2026-07-14,L0-discovered,3,,views=0
yt-V6e-rFgkZzI,stream,🔴 Logo Therapy Ep. 03 Logo Critique & Review,@thefutur,https://www.youtube.com/watch?v=V6e-rFgkZzI,NA,2026-07-14,L0-discovered,3,,views=0
yt-HP7h5PiXAY8,stream,Is A Design Degree Needed To Get A Job,@thefutur,https://www.youtube.com/watch?v=HP7h5PiXAY8,NA,2026-07-14,L0-discovered,3,,views=0
yt-47e8b5XmHfQ,stream,How You Can Learn Design Without School,@thefutur,https://www.youtube.com/watch?v=47e8b5XmHfQ,NA,2026-07-14,L0-discovered,3,,views=0
yt--JYiXyzDEFI,stream,🔴 Logo Therapy Ep. 2 Design Critique,@thefutur,https://www.youtube.com/watch?v=-JYiXyzDEFI,NA,2026-07-14,L0-discovered,3,,views=0
yt-kZmxAOHyDBI,stream,🔴 Seth Godin—Make Something Everyday (Best Hour You'll Spend Today),@thefutur,https://www.youtube.com/watch?v=kZmxAOHyDBI,NA,2026-07-14,L0-discovered,3,,views=0
yt-loqjx-dOtWc,stream,🔴Finding Your Style on YouTube – Madelynn De La Rosa Interview,@thefutur,https://www.youtube.com/watch?v=loqjx-dOtWc,NA,2026-07-14,L0-discovered,3,,views=0
yt-OHW8XFrVyTM,stream,🔴 Journey Of Self Discovery & Acceptance—Dan Mace Interview,@thefutur,https://www.youtube.com/watch?v=OHW8XFrVyTM,NA,2026-07-14,L0-discovered,3,,views=0
yt-L3MvE4eKnPo,stream,Freelance: How to Talk to Clients,@thefutur,https://www.youtube.com/watch?v=L3MvE4eKnPo,NA,2026-07-14,L0-discovered,3,,views=0
yt-2iZSe_7kQoo,stream,🔴 Alternatives To Motion Design School 2018 Panel Discussion,@thefutur,https://www.youtube.com/watch?v=2iZSe_7kQoo,NA,2026-07-14,L0-discovered,3,,views=0
yt-TRwzh5CPCjc,stream,"LWID: Adobe Max 2018 Announcements, What's New & Recap",@thefutur,https://www.youtube.com/watch?v=TRwzh5CPCjc,NA,2026-07-14,L0-discovered,3,,views=0
yt-bNFeRUaXl2c,stream,How to Work Remote Freelance Jobs,@thefutur,https://www.youtube.com/watch?v=bNFeRUaXl2c,NA,2026-07-14,L0-discovered,3,,views=0
yt-IfMxcaGK-00,stream,🔴Hand Lettering Tutorial w/ UK Calligrapher & Lettering Artist James Lewis,@thefutur,https://www.youtube.com/watch?v=IfMxcaGK-00,NA,2026-07-14,L0-discovered,3,,views=0
yt-LTCCLxjxHjM,stream,Last Week in Design: Banksy Self Destruct & Mailchimp Rebrand 2018,@thefutur,https://www.youtube.com/watch?v=LTCCLxjxHjM,NA,2026-07-14,L0-discovered,3,,views=0
yt-8_jTLOE00bU,stream,"🔴 Young Designers Get Advice on Motivation, Focus, Social Media, Freelancing - Young Guns Ep 7",@thefutur,https://www.youtube.com/watch?v=8_jTLOE00bU,NA,2026-07-14,L0-discovered,3,,views=0
yt-q5oZUWb-RkA,stream,"Last Week in Design: iPhone Xs, Oculus Quest, and What it Means for Designers",@thefutur,https://www.youtube.com/watch?v=q5oZUWb-RkA,NA,2026-07-14,L0-discovered,3,,views=0
yt-_iXUJv_rKW0,stream,How do you get Your First Freelance Design Job?,@thefutur,https://www.youtube.com/watch?v=_iXUJv_rKW0,NA,2026-07-14,L0-discovered,3,,views=0
yt-4ZeEfF2O8-Q,stream,🔴 Logo Design Therapy Ep. 01 Livestream,@thefutur,https://www.youtube.com/watch?v=4ZeEfF2O8-Q,NA,2026-07-14,L0-discovered,3,,views=0
yt-zDErNstrCvs,stream,"Last Week in Design: Nike Colin Kaepernick, Uber Rebrand, Emmys Main Title Winner",@thefutur,https://www.youtube.com/watch?v=zDErNstrCvs,NA,2026-07-14,L0-discovered,3,,views=0
yt-XPUmETNZ6io,stream,How Much do Designers Charge?,@thefutur,https://www.youtube.com/watch?v=XPUmETNZ6io,NA,2026-07-14,L0-discovered,3,,views=0
yt-B1b7QlQILRo,stream,🔴 Hourly Billing Is Nuts— Stop Trading Time For Money,@thefutur,https://www.youtube.com/watch?v=B1b7QlQILRo,NA,2026-07-14,L0-discovered,3,,views=0
yt-WZQk3rTXDio,stream,How To Hire Your First Creative Freelancer or Employee,@thefutur,https://www.youtube.com/watch?v=WZQk3rTXDio,NA,2026-07-14,L0-discovered,3,,views=0
yt-eqhSn3HIgMc,stream,"How To Price Projects (Hourly, Project, Value Based): Panel Discussion",@thefutur,https://www.youtube.com/watch?v=eqhSn3HIgMc,NA,2026-07-14,L0-discovered,3,,views=0
yt-0FDbAkBFz08,stream,🔴 Is The Trend In Design To Work In-House As A Designer?,@thefutur,https://www.youtube.com/watch?v=0FDbAkBFz08,NA,2026-07-14,L0-discovered,3,,views=0
yt-Ot6oLVqdGMk,stream,🔴 Arrogant Art Directors w/ No Talent—Are They Overconfident?,@thefutur,https://www.youtube.com/watch?v=Ot6oLVqdGMk,NA,2026-07-14,L0-discovered,3,,views=0
yt-EGZG-tGlFEw,stream,🔴 Why Redesign the Dropbox Logo? Design Master Brian Collins Explains,@thefutur,https://www.youtube.com/watch?v=EGZG-tGlFEw,NA,2026-07-14,L0-discovered,3,,views=0
yt-stKEe_73HeE,stream,5 Myths Entrepreneurs Tell Themselves,@thefutur,https://www.youtube.com/watch?v=stKEe_73HeE,NA,2026-07-14,L0-discovered,3,,views=0
yt-PpiSSbmnDeU,stream,🔴 Nightmare Design Clients—How To Respond,@thefutur,https://www.youtube.com/watch?v=PpiSSbmnDeU,NA,2026-07-14,L0-discovered,3,,views=0
yt-9hxFXE2G3SM,stream,What High Performers Do—Focus,@thefutur,https://www.youtube.com/watch?v=9hxFXE2G3SM,NA,2026-07-14,L0-discovered,3,,views=0
yt-kZ4yJwWjeIA,stream,🔴 The Business of Design Quiz Show - Featuring The Young Guns - Win Without Pitching Manifesto,@thefutur,https://www.youtube.com/watch?v=kZ4yJwWjeIA,NA,2026-07-14,L0-discovered,3,,views=0
yt-wMiqCHtHeEM,stream,🔴 5 Ways To Turn Any Business Into An Admired Brand w/ Fabian Geyrhalter,@thefutur,https://www.youtube.com/watch?v=wMiqCHtHeEM,NA,2026-07-14,L0-discovered,3,,views=0
yt-NjW16k9qblU,stream,🔴 Art & Science of Marketing with Professor Scott Davis,@thefutur,https://www.youtube.com/watch?v=NjW16k9qblU,NA,2026-07-14,L0-discovered,3,,views=0
yt-WO0lPRijlLs,stream,🔴 Become an Instagram Influencer w/ expert Bonnie Tsang,@thefutur,https://www.youtube.com/watch?v=WO0lPRijlLs,NA,2026-07-14,L0-discovered,3,,views=0
yt-Ge9s-6Jgxxk,stream,🔴 The Importance of Being Creative Every Single Day— Beeple livestream,@thefutur,https://www.youtube.com/watch?v=Ge9s-6Jgxxk,NA,2026-07-14,L0-discovered,3,,views=0
yt-iE39TOuVvWw,stream,"🔴 UX Design Process: Mental Modeling Framework, Deep Dive, How To & Tips",@thefutur,https://www.youtube.com/watch?v=iE39TOuVvWw,NA,2026-07-14,L0-discovered,3,,views=0
yt-VH8QT73Gxwo,stream,🔴 Learn Typography Through This Poster Design Critique 2018,@thefutur,https://www.youtube.com/watch?v=VH8QT73Gxwo,NA,2026-07-14,L0-discovered,3,,views=0
yt-XKTE8WofxMA,stream,🔴 Best Hand Lettering Tutorial—With Dina Rodriguez,@thefutur,https://www.youtube.com/watch?v=XKTE8WofxMA,NA,2026-07-14,L0-discovered,3,,views=0
yt-ZCN4Vdv9_l8,stream,🔴 Finding Your Style Through Daily Personal Projects w/ Baugasm,@thefutur,https://www.youtube.com/watch?v=ZCN4Vdv9_l8,NA,2026-07-14,L0-discovered,3,,views=0
yt-8PfoPuj7leQ,stream,🔴 A Career In Design With Elizabeth Carey Smith,@thefutur,https://www.youtube.com/watch?v=8PfoPuj7leQ,NA,2026-07-14,L0-discovered,3,,views=0
yt-rZ5gmFfIv7Q,stream,🔴 Motion Design Pioneer GMUNK– Importance of Personal Projects,@thefutur,https://www.youtube.com/watch?v=rZ5gmFfIv7Q,NA,2026-07-14,L0-discovered,3,,views=0
yt-PtdgOHqeCuQ,stream,🔴 Powerpoint As A Design Specialty? Presentation Design Tips,@thefutur,https://www.youtube.com/watch?v=PtdgOHqeCuQ,NA,2026-07-14,L0-discovered,3,,views=0
yt-ULDfwoq4ftg,stream,🔴 Learning Strategy & Pricing Creativity AMA,@thefutur,https://www.youtube.com/watch?v=ULDfwoq4ftg,NA,2026-07-14,L0-discovered,3,,views=0
yt-vfFNdFMZhvc,stream,The Problem of Branding—Differentiate or Die,@thefutur,https://www.youtube.com/watch?v=vfFNdFMZhvc,NA,2026-07-14,L0-discovered,3,,views=0
yt-fg4DsKLjsUg,stream,🔴 Learn How To Launch A Clothing Brand w/ Johnny Cupcakes,@thefutur,https://www.youtube.com/watch?v=fg4DsKLjsUg,NA,2026-07-14,L0-discovered,3,,views=0
yt-rQ_Zx_pN4V4,stream,🔴 Logo Design Critique Live Stream,@thefutur,https://www.youtube.com/watch?v=rQ_Zx_pN4V4,NA,2026-07-14,L0-discovered,3,,views=0
yt-aIwdN4mcwhc,stream,Why You Need A Sales Rep If You're An Artist,@thefutur,https://www.youtube.com/watch?v=aIwdN4mcwhc,NA,2026-07-14,L0-discovered,3,,views=0
yt-gvO9Gtt5WQI,stream,🔴 Andrew Kramer & Video Copilot Update! Livestream,@thefutur,https://www.youtube.com/watch?v=gvO9Gtt5WQI,NA,2026-07-14,L0-discovered,3,,views=0
yt-WZMsnwvadDc,stream,🔴 Aaron Draplin DDC Live Stream Straight Talking Graphic Design at The Futur with Chris Do,@thefutur,https://www.youtube.com/watch?v=WZMsnwvadDc,NA,2026-07-14,L0-discovered,3,,views=0
yt-zwcOx5gXpzk,stream,No Work? Reinvent Yourself—Change is the only constant,@thefutur,https://www.youtube.com/watch?v=zwcOx5gXpzk,NA,2026-07-14,L0-discovered,3,,views=0
yt-ezQPayph-To,stream,🔴 Motion Design Business Advice Livestream,@thefutur,https://www.youtube.com/watch?v=ezQPayph-To,NA,2026-07-14,L0-discovered,3,,views=0
yt-Te4ICrAFvnQ,stream,End Of The Year Recap: Look back at highs and lows of 2017,@thefutur,https://www.youtube.com/watch?v=Te4ICrAFvnQ,NA,2026-07-14,L0-discovered,3,,views=0
yt-ClJ72Da6cCI,stream,Double Your Design Business,@thefutur,https://www.youtube.com/watch?v=ClJ72Da6cCI,NA,2026-07-14,L0-discovered,3,,views=0
yt-8ZVEywUwIZs,stream,"🔴 Business of Motion Design: Advice for Freelancers, In-house designers",@thefutur,https://www.youtube.com/watch?v=8ZVEywUwIZs,NA,2026-07-14,L0-discovered,3,,views=0
yt-LhDmAJoha5w,stream,Easy Way to Cut Out Anything In Photoshop (Including Hair),@thefutur,https://www.youtube.com/watch?v=LhDmAJoha5w,NA,2026-07-14,L0-discovered,3,,views=0
yt-_YuYqg3BJVs,stream,AMA with Chris Do: The Art of Explaining and Asking For Things,@thefutur,https://www.youtube.com/watch?v=_YuYqg3BJVs,NA,2026-07-14,L0-discovered,3,,views=0
yt-tgptsopSKA0,stream,How To Paint A Character in Photoshop Live Demo,@thefutur,https://www.youtube.com/watch?v=tgptsopSKA0,NA,2026-07-14,L0-discovered,3,,views=0
yt-R85zUelZhGQ,stream,Motion Graphic Design: James Levy Photo-compositing Demo,@thefutur,https://www.youtube.com/watch?v=R85zUelZhGQ,NA,2026-07-14,L0-discovered,3,,views=0
yt-PRWN28sd3kQ,stream,Behance Portfolio Review 2: Women Designers Showcase,@thefutur,https://www.youtube.com/watch?v=PRWN28sd3kQ,NA,2026-07-14,L0-discovered,3,,views=0
yt-Ow1HdYtF7kQ,stream,Use Story Structure & Formulas To Write Better Stories,@thefutur,https://www.youtube.com/watch?v=Ow1HdYtF7kQ,NA,2026-07-14,L0-discovered,3,,views=0
yt-2591Djv_qJE,stream,Conquering Your Internal Demons: Overcoming Imposter Syndrome,@thefutur,https://www.youtube.com/watch?v=2591Djv_qJE,NA,2026-07-14,L0-discovered,3,,views=0
yt-9f1F3EFZqgw,stream,"🔴 Get Work on Behance: Lettering, Branding, Graphic Design Critique",@thefutur,https://www.youtube.com/watch?v=9f1F3EFZqgw,NA,2026-07-14,L0-discovered,3,,views=0
yt-1fjFYwRDiik,stream,🔴 5 Most Important Things You Don't Learn in School,@thefutur,https://www.youtube.com/watch?v=1fjFYwRDiik,NA,2026-07-14,L0-discovered,3,,views=0
yt-0Nh7h0JMOpk,stream,Logo Design Critique Vol. 5,@thefutur,https://www.youtube.com/watch?v=0Nh7h0JMOpk,NA,2026-07-14,L0-discovered,3,,views=0
yt-wFjViaZiaTA,stream,"Explain Why This is Good | AM Cassandre Painter, Graphic & Type Designer",@thefutur,https://www.youtube.com/watch?v=wFjViaZiaTA,NA,2026-07-14,L0-discovered,3,,views=0
yt-3sRK86MHhgg,stream,🔴 How To Get The Most Out Of Being An In-House Designer/Staff Position,@thefutur,https://www.youtube.com/watch?v=3sRK86MHhgg,NA,2026-07-14,L0-discovered,3,,views=0
yt-gi0uwMeU8wk,stream,Improve Your Infographics: Design Critique,@thefutur,https://www.youtube.com/watch?v=gi0uwMeU8wk,NA,2026-07-14,L0-discovered,3,,views=0
yt-pa4u8KwpO0k,stream,"🔴 AMA with Chris Do: Business Advice for Creatives, Freelancers and Independent Business Owners",@thefutur,https://www.youtube.com/watch?v=pa4u8KwpO0k,NA,2026-07-14,L0-discovered,3,,views=0
yt-rbs1baaCAm0,stream,Master advanced Adobe Illustrator vector painting techniques,@thefutur,https://www.youtube.com/watch?v=rbs1baaCAm0,NA,2026-07-14,L0-discovered,3,,views=0
yt-uHCKXwvUp1E,stream,Design Fundamentals: Storyboarding Pen & Ink,@thefutur,https://www.youtube.com/watch?v=uHCKXwvUp1E,NA,2026-07-14,L0-discovered,3,,views=0
yt-0fvEFIkT7pM,stream,Improve Your Typography: Poster Design Critique,@thefutur,https://www.youtube.com/watch?v=0fvEFIkT7pM,NA,2026-07-14,L0-discovered,3,,views=0
yt-wbMQP6lYBHM,stream,🔴 Rethinking the Client Dynamic— Improve the process for a better experience,@thefutur,https://www.youtube.com/watch?v=wbMQP6lYBHM,NA,2026-07-14,L0-discovered,3,,views=0
yt-6ZAD6jxgGwk,stream,Logo Design Principles & Methodology: Critique Part 3,@thefutur,https://www.youtube.com/watch?v=6ZAD6jxgGwk,NA,2026-07-14,L0-discovered,3,,views=0
yt-OgWe4ssmQf0,stream,Design Fundamentals: Storyboarding & Sequence Design,@thefutur,https://www.youtube.com/watch?v=OgWe4ssmQf0,NA,2026-07-14,L0-discovered,3,,views=0
yt-epCwNXu-Dmg,stream,The Difference Between Self Confidence & Self Esteem w/ Psychotherapist Hugh Barton,@thefutur,https://www.youtube.com/watch?v=epCwNXu-Dmg,NA,2026-07-14,L0-discovered,3,,views=0
yt-v3NFV277d_0,stream,Public Speaking Tips On How To Deliver a Great Talk,@thefutur,https://www.youtube.com/watch?v=v3NFV277d_0,NA,2026-07-14,L0-discovered,3,,views=0
yt-LMBIfTDuIxY,stream,Website Design Critique,@thefutur,https://www.youtube.com/watch?v=LMBIfTDuIxY,NA,2026-07-14,L0-discovered,3,,views=0
yt-_9JZUglU1zk,stream,🔴 Not Enough Time in the Day – Feeling Overwhelmed,@thefutur,https://www.youtube.com/watch?v=_9JZUglU1zk,NA,2026-07-14,L0-discovered,3,,views=0
yt-sNZE4VYyWbE,stream,🔴 The Power of Belief— Your Success Is Based On Your Beliefs,@thefutur,https://www.youtube.com/watch?v=sNZE4VYyWbE,NA,2026-07-14,L0-discovered,3,,views=0
yt-xjAQ5CK4oqg,stream,🔴 How To Improve Your Layout and Typography Critique,@thefutur,https://www.youtube.com/watch?v=xjAQ5CK4oqg,NA,2026-07-14,L0-discovered,3,,views=0
yt-nWguwgcMlck,stream,🔴 How To Gain More Followers On Instagram Organically,@thefutur,https://www.youtube.com/watch?v=nWguwgcMlck,NA,2026-07-14,L0-discovered,3,,views=0
yt-jErYttPMv60,stream,🔴 Aaron Draplin Podcast Follow-up: Personal Branding & Authenticity,@thefutur,https://www.youtube.com/watch?v=jErYttPMv60,NA,2026-07-14,L0-discovered,3,,views=0
yt-oqM1SgiDGg0,stream,🔴 Industry Myths & Subjectivity of Art w/ co-host Ash Thorp,@thefutur,https://www.youtube.com/watch?v=oqM1SgiDGg0,NA,2026-07-14,L0-discovered,3,,views=0
yt-HwKfnV6zscg,stream,🔴 What Careers in Design and the Visual Arts Can You Pursue?,@thefutur,https://www.youtube.com/watch?v=HwKfnV6zscg,NA,2026-07-14,L0-discovered,3,,views=0
yt-aCFDG3ubqW4,stream,🔴 Finding Your Passion - How To Discover Work That You Love,@thefutur,https://www.youtube.com/watch?v=aCFDG3ubqW4,NA,2026-07-14,L0-discovered,3,,views=0
yt-yRzfNvdgjhA,stream,🔴 Curriculum for Self Taught Designers— What You Need To Learn,@thefutur,https://www.youtube.com/watch?v=yRzfNvdgjhA,NA,2026-07-14,L0-discovered,3,,views=0
yt-O15O5BGBOho,stream,🔴 RAW: Logo Pricing Challenges Roleplay & Selling Design W/ Social Proof | Live Stream,@thefutur,https://www.youtube.com/watch?v=O15O5BGBOho,NA,2026-07-14,L0-discovered,3,,views=0
yt-ycSz_Aaf57c,stream,🔴 Mentorship - How To Find A Great Mentor,@thefutur,https://www.youtube.com/watch?v=ycSz_Aaf57c,NA,2026-07-14,L0-discovered,3,,views=0
yt-9YZh32JCvMw,stream,🔴 How to Overcome Price Objections— AMA Marathon,@thefutur,https://www.youtube.com/watch?v=9YZh32JCvMw,NA,2026-07-14,L0-discovered,3,,views=0
yt-3dknKKkgqeI,stream,🔴 The Importance of Being Perceived as Being Helpful,@thefutur,https://www.youtube.com/watch?v=3dknKKkgqeI,NA,2026-07-14,L0-discovered,3,,views=0
yt-yKHc2or01Iw,stream,🔴 RAW: Spartan Logo Design Winner Announcement & Design Critique,@thefutur,https://www.youtube.com/watch?v=yKHc2or01Iw,NA,2026-07-14,L0-discovered,3,,views=0
yt-xj8609QFUGc,stream,🔴 Shift In Design Thinking and Problem Solving For Creatives,@thefutur,https://www.youtube.com/watch?v=xj8609QFUGc,NA,2026-07-14,L0-discovered,3,,views=0
yt-Ks9aBrWskaw,stream,🔴 How To Get More Sales— Selling Through Curiosity,@thefutur,https://www.youtube.com/watch?v=Ks9aBrWskaw,NA,2026-07-14,L0-discovered,3,,views=0
yt-ot8GVe3m5w0,stream,🔴 RAW: First Client Meeting— What should you do? AMA w/ Chris Do,@thefutur,https://www.youtube.com/watch?v=ot8GVe3m5w0,NA,2026-07-14,L0-discovered,3,,views=0
yt-iGT2Kia5fYY,stream,Reinventing Creativity - An Evening With Von Glitschka Vector Logo Design,@thefutur,https://www.youtube.com/watch?v=iGT2Kia5fYY,NA,2026-07-14,L0-discovered,3,,views=0
yt-OybWvYYLKGk,stream,Creatively Recalculating | Overcoming The Fears of Being Creative - Von Glitschka,@thefutur,https://www.youtube.com/watch?v=OybWvYYLKGk,NA,2026-07-14,L0-discovered,3,,views=0
yt-9lq8gs3CYfk,stream,🔴 What is Strategy and How Do You Sell It? AMA w/ Chris Do live stream,@thefutur,https://www.youtube.com/watch?v=9lq8gs3CYfk,NA,2026-07-14,L0-discovered,3,,views=0
yt-HOPUMTEV6qM,stream,🔴 How to Qualify Design Clients & Position Your Work - AMA with Chris Do | Live,@thefutur,https://www.youtube.com/watch?v=HOPUMTEV6qM,NA,2026-07-14,L0-discovered,3,,views=0
yt-6uXH3LVxAQ4,stream,🔴 Year One of Growing Our Design Studio. How I Got Work & Built Relationships,@thefutur,https://www.youtube.com/watch?v=6uXH3LVxAQ4,NA,2026-07-14,L0-discovered,3,,views=0
yt-aPguPSY-e_4,stream,🔴 Spartan Logo Design Challenge pt. 2— Recap and Critique Live!,@thefutur,https://www.youtube.com/watch?v=aPguPSY-e_4,NA,2026-07-14,L0-discovered,3,,views=0
yt-7HNrfpiiETU,stream,What is User Experience Design? What is the difference between UX Design and UI Design in 2018?,@thefutur,https://www.youtube.com/watch?v=7HNrfpiiETU,NA,2026-07-14,L0-discovered,3,,views=0
yt-1KjMCOQFMuM,stream,🔴 Customer Service for Creatives - Live | Advice For Dealing With Difficult Clients,@thefutur,https://www.youtube.com/watch?v=1KjMCOQFMuM,NA,2026-07-14,L0-discovered,3,,views=0
yt-w6nvr_V0E68,stream,🔴 Logo Design Process— Live feat. Spartan Logo Design Challenge,@thefutur,https://www.youtube.com/watch?v=w6nvr_V0E68,NA,2026-07-14,L0-discovered,3,,views=0
yt-YD9z0QepCqg,stream,🔴 How to Handle Bad Client Calls | The Futur Live,@thefutur,https://www.youtube.com/watch?v=YD9z0QepCqg,NA,2026-07-14,L0-discovered,3,,views=0
yt-P89iLoCETLU,stream,🔴 What Does it Mean To Be a Self Taught Graphic Designer? The Futur Live w/ Ben Burns & Chris Do,@thefutur,https://www.youtube.com/watch?v=P89iLoCETLU,NA,2026-07-14,L0-discovered,3,,views=0
yt-er7HKzWY9Rw,stream,🔴 Step One: How To Charge 100x More For Logo Design | The Futur Live,@thefutur,https://www.youtube.com/watch?v=er7HKzWY9Rw,NA,2026-07-14,L0-discovered,3,,views=0
yt-e7K9yXqs-H0,stream,🔴 You are not a FREELANCER! Stop acting like one.,@thefutur,https://www.youtube.com/watch?v=e7K9yXqs-H0,NA,2026-07-14,L0-discovered,3,,views=0
yt-x5HhxRw_mgk,stream,"🔴 Are you a FREELANCER or Independent Business?— Live Q&A, advice, discussion Pt. 1",@thefutur,https://www.youtube.com/watch?v=x5HhxRw_mgk,NA,2026-07-14,L0-discovered,3,,views=0
yt-K8h066-AuDM,stream,🔴 How to Get Your First Internship as a Designer : Facebook & Youtube Live,@thefutur,https://www.youtube.com/watch?v=K8h066-AuDM,NA,2026-07-14,L0-discovered,3,,views=0
yt-ckSpE0Oh43c,stream,🔴 Portfolio Design Critique Facebook Live,@thefutur,https://www.youtube.com/watch?v=ckSpE0Oh43c,NA,2026-07-14,L0-discovered,3,,views=0
yt--cGDr8MkADU,stream,🔴 How to Launch a Creative Business From Zero,@thefutur,https://www.youtube.com/watch?v=-cGDr8MkADU,NA,2026-07-14,L0-discovered,3,,views=0
yt-YXf-KbLCpvI,stream,🔴 Logo Design Critique— Facebook Live,@thefutur,https://www.youtube.com/watch?v=YXf-KbLCpvI,NA,2026-07-14,L0-discovered,3,,views=0
yt-FKR8C0MSjcY,stream,"🔴 Motion Design Critique— FaceBook Live, Youtube Live",@thefutur,https://www.youtube.com/watch?v=FKR8C0MSjcY,NA,2026-07-14,L0-discovered,3,,views=0
yt-CQMf71m3JOw,stream,Live Design Critique Main Title Design with Chris Do via Facebook Live,@thefutur,https://www.youtube.com/watch?v=CQMf71m3JOw,NA,2026-07-14,L0-discovered,3,,views=0
yt-xH8-1Mt32cM,stream,Building a Personal Brand With Roberto Blake,@thefutur,https://www.youtube.com/watch?v=xH8-1Mt32cM,NA,2026-07-14,L0-discovered,3,,views=0
yt-PZfk-Pi0EXk,stream,How to Translate Stylescape Ideas Into Web Design,@thefutur,https://www.youtube.com/watch?v=PZfk-Pi0EXk,NA,2026-07-14,L0-discovered,3,,views=0
yt-pR7tMnKghDs,stream,IDENTITY DESIGN: BRANDING,@thefutur,https://www.youtube.com/watch?v=pR7tMnKghDs,NA,2026-07-14,L0-discovered,3,,views=0
yt-lGmPCutgI2o,stream,How To Design Brand Identity Stylescapes,@thefutur,https://www.youtube.com/watch?v=lGmPCutgI2o,NA,2026-07-14,L0-discovered,3,,views=0
yt-900fXN3dPUM,stream,Establish The Terms of Engagement During First Client Meeting,@thefutur,https://www.youtube.com/watch?v=900fXN3dPUM,NA,2026-07-14,L0-discovered,3,,views=0
yt-TpcaCW85eI0,stream,How to Translate Strategy to Design,@thefutur,https://www.youtube.com/watch?v=TpcaCW85eI0,NA,2026-07-14,L0-discovered,3,,views=0
yt-gJCCBIg3Wp8,stream,"Selling Strategy, Can You Charge for Strategic Thinking in Your Design Practice?",@thefutur,https://www.youtube.com/watch?v=gJCCBIg3Wp8,NA,2026-07-14,L0-discovered,3,,views=0
yt-xHtvh3d-Gc0,stream,Contracts: The In's And Outs Of Creative Service Agreements & Statement of Work,@thefutur,https://www.youtube.com/watch?v=xHtvh3d-Gc0,NA,2026-07-14,L0-discovered,3,,views=0
yt-xFK9KpbbCHc,stream,How to Estimate and Bid Projects - Talking About Money,@thefutur,https://www.youtube.com/watch?v=xFK9KpbbCHc,NA,2026-07-14,L0-discovered,3,,views=0
yt-FymjkCCI0UQ,video,Crafting An Online Portfolio For Remote Work,@TheFuturAcademy,https://www.youtube.com/watch?v=FymjkCCI0UQ,2023-08-16,2026-07-14,skipped,3,,"SKIPPED: Chris Do absent. Same format and same two hosts as yt-Yl0w57PQXuQ (educational director + Greg Gunn), community portfolio review. Futur-instructor content. No subject material."
yt-Yl0w57PQXuQ,video,Portfolio Tips To Help You Land Your Dream Job,@TheFuturAcademy,https://www.youtube.com/watch?v=Yl0w57PQXuQ,2023-04-26,2026-07-14,skipped,3,,SKIPPED: Chris Do absent. Hosted by The Futur's educational director (self-identifies) with creative director Greg Gunn; a community portfolio review. Futur-instructor content — see entities/futur-instructors.md. No subject material.
yt-7kcClzg_E1E,video,Virgil Abloh Tribute—Poster Design Critique Ep 3/3,@TheFuturAcademy,https://www.youtube.com/watch?v=7kcClzg_E1E,2022-11-30,2026-07-14,skipped,3,,"SKIPPED — ATTRIBUTION UNVERIFIABLE, not Chris-absent. A live poster-critique (Virgil Abloh tribute, Ep 3/3); the critic's register is consistent with Chris Do but NO speaker self-identifies, the 'see you in the future' sign-off is used by all Futur hosts, and the 'Chris' named repeatedly is a PARTICIPANT (Chris Herrera). Per the fidelity rules, uncertain attribution is never silently included. Contains one strong line if it is ever verified: 'a critique is not the end of the process — a critique is the beginning of the next part of the process.' Revisit only with independent evidence of who is speaking."
yt-OR2RzN3_pko,video,Virgil Abloh Tribute—Poster Design Critique Ep 2/3,@TheFuturAcademy,https://www.youtube.com/watch?v=OR2RzN3_pko,2022-11-29,2026-07-14,skipped,3,,SKIPPED — attribution unverifiable. Virgil Abloh tribute critique Ep 2/3; same series and same problem as Ep 3/3 (yt-7kcClzg_E1E): no speaker self-identifies. Not filed as Chris.
yt-DL6zoJhLyPA,video,Virgil Abloh Tribute—Poster Design Critique  Ep 1/3,@TheFuturAcademy,https://www.youtube.com/watch?v=DL6zoJhLyPA,2022-11-28,2026-07-14,skipped,3,,"SKIPPED — attribution unverifiable. Virgil Abloh tribute critique Ep 1/3; same series, no self-identification. Not filed as Chris."
yt-XSeOBrF8J6M,video,3 Reasons Why Designers Should Use Pinterest,@TheFuturAcademy,https://www.youtube.com/watch?v=XSeOBrF8J6M,2022-02-18,2026-07-14,skipped,3,,SKIPPED: Chris Do absent. Instructor-led Pinterest tutorial; presenter self-identifies by name (not Chris).
yt-YI3ZkgApIN8,video,Improve your Social Media Posts Using Animation,@TheFuturAcademy,https://www.youtube.com/watch?v=YI3ZkgApIN8,2022-01-03,2026-07-14,skipped,3,,"SKIPPED: Chris Do absent. Instructor-led animation-for-social tutorial; presenter never self-identifies and is not Chris (course-instructor register, promotes a Futur workshop)."
yt-0FmrJp8EgaI,video,How To Create Margins For Your Designs,@TheFuturAcademy,https://www.youtube.com/watch?v=0FmrJp8EgaI,2021-08-17,2026-07-14,skipped,3,,SKIPPED: Chris Do absent. Instructor-led margins/layout tutorial; presenter self-identifies by name (not Chris).
yt-Z1Uf0hCTGjI,video,Things You Didn't Know About Print,@TheFuturAcademy,https://www.youtube.com/watch?v=Z1Uf0hCTGjI,2021-04-14,2026-07-14,skipped,3,,SKIPPED: Chris Do absent. Instructor-led print tutorial; presenter refers to running their own studio and never self-identifies as Chris.
yt-C1rQQ_YpgcI,video,How to Not Suck at Color - 5 color theory tips every designer should know,@TheFuturAcademy,https://www.youtube.com/watch?v=C1rQQ_YpgcI,2021-03-30,2026-07-14,skipped,3,,"SKIPPED: Chris Do absent. Colour-theory tutorial presented by Greg Gunn, who self-identifies. See entities/futur-instructors.md."
yt-IUxYC5uIfq4,video,Learn Adobe After Effects Basics - AE for Beginners Tutorial,@TheFuturAcademy,https://www.youtube.com/watch?v=IUxYC5uIfq4,2021-03-18,2026-07-14,skipped,3,,"SKIPPED: Chris Do absent. After Effects tutorial presented by the animation-course instructor, who self-identifies by name."
yt-H1NYrn_qZII,video,Kinetic Typography Animation - After Effects Motion Graphics Tutorial,@TheFuturAcademy,https://www.youtube.com/watch?v=H1NYrn_qZII,2021-03-10,2026-07-14,skipped,3,,"SKIPPED: Chris Do absent. Kinetic typography tutorial presented by Greg Gunn, who self-identifies in the first line."
yt-Lp9S0AUYjbo,video,Intern to Creative Director – Design Portfolio Review w/ Tom Crate,@TheFuturAcademy,https://www.youtube.com/watch?v=Lp9S0AUYjbo,2021-01-19,2026-07-14,skipped,3,,SKIPPED: Chris Do absent. Creative-director portfolio review; the title names the guest and no Chris self-identification appears. Futur-instructor content.
yt-MK6VC_JxtE4,video,Times New Roman— Graphic Design History 101,@TheFuturAcademy,https://www.youtube.com/watch?v=MK6VC_JxtE4,2020-11-10,2026-07-14,skipped,3,,SKIPPED: Chris Do absent. Times New Roman design-history explainer; presenter self-identifies (not Chris).
yt-QBE3WcIAmYM,video,How to Design Seamless Instagram Carousels in Illustrator,@TheFuturAcademy,https://www.youtube.com/watch?v=QBE3WcIAmYM,2020-11-02,2026-07-14,L1,3,,no-captions: auto-captions contain only music/sound cues (6 words total) — no usable transcript. Not a skip on content grounds.
yt-9YsMybmBdaY,video,How to Create a Vintage Photo Look – Photoshop Tutorial,@TheFuturAcademy,https://www.youtube.com/watch?v=9YsMybmBdaY,2020-10-29,2026-07-14,skipped,3,,"SKIPPED: Chris Do absent. Photoshop vintage-look tutorial presented by Matthew Encina, who self-identifies. See entities/futur-instructors.md."
yt-hI838LW73Ro,video,One Tip To Improve How You Design Your Type Layouts,@TheFuturAcademy,https://www.youtube.com/watch?v=hI838LW73Ro,NA,2026-07-14,L1,3,,no-captions (no subtitles available)
yt-qyjQ3qtvjBw,video,How to Come up With Ideas Using References – Design Tips,@TheFuturAcademy,https://www.youtube.com/watch?v=qyjQ3qtvjBw,2020-09-28,2026-07-14,skipped,3,,SKIPPED: Chris Do absent. Ideas-from-references design tip; presenter self-identifies as Tom (not Chris).
yt-L4kSCd8yt00,video,Celebrating The Life Of The Greatest Graphic Designer-Paul Rand,@TheFuturAcademy,https://www.youtube.com/watch?v=L4kSCd8yt00,2020-08-15,2026-07-14,skipped,3,,SKIPPED — attribution unverifiable. Paul Rand birthday tribute; no speaker self-identifies and no autobiographical anchor. Same standard as the Virgil Abloh series: not filed as Chris on register alone.
yt-UidUHRMIPyo,video,Present ONE Logo to Clients. That's it.,@TheFuturAcademy,https://www.youtube.com/watch?v=UidUHRMIPyo,2020-08-11,2026-07-14,L2,3,design-craft;sales-clients;branding,"FIRST @TheFuturAcademy ingest. ATTRIBUTED ON INTERNAL EVIDENCE (no self-ID): first-person Blind-era practice (16 logos on foam core), 'now I'm in my 40s', stylescape vocabulary. Then-vs-now: the superseded 16-logo method w/ his own diagnosis (volume substituted for a judgement he couldn't yet make), and the alignment machinery that makes ONE logo presentable — discovery > customer definition > stylescapes/empathy maps > AGREEMENT ON THE CUSTOMER > logo as a FIT TEST. 'Their expression should be: of course. You did exactly what we'd hoped you'd do.'"
yt-hs8gk-aU-e8,video,How to Design a Beautiful Landing Page In Adobe XD - Process Video,@TheFuturAcademy,https://www.youtube.com/watch?v=hs8gk-aU-e8,2020-07-28,2026-07-14,L1,3,,no-captions: auto-captions contain only music/sound cues (11 words total) — no usable transcript. Not a skip on content grounds.
yt-2DDvAIDEO2Y,video,How to Design a Badge Icon in Adobe Illustrator,@TheFuturAcademy,https://www.youtube.com/watch?v=2DDvAIDEO2Y,NA,2026-07-14,skipped,3,,"SKIPPED: Chris Do absent — Illustrator badge-icon software tutorial, instructor format."
yt-Fz8W_1nPopk,video,Book Layout Design Process: Start to Finish in InDesign [Pocket Full Of Do],@TheFuturAcademy,https://www.youtube.com/watch?v=Fz8W_1nPopk,2020-06-30,2026-07-14,L1,3,,no-captions: auto-captions are music cues only — no usable transcript.
yt-7blZjnrxDo0,video,Design Process: Start to Finish in Adobe XD,@TheFuturAcademy,https://www.youtube.com/watch?v=7blZjnrxDo0,2020-06-23,2026-07-14,L1,3,,no-captions: auto-captions are music/applause cues only — no usable transcript.
yt-eLxcaKiZsDs,video,10 Rules of Typography (and Life) with James Victore,@TheFuturAcademy,https://www.youtube.com/watch?v=eLxcaKiZsDs,2020-06-22,2026-07-14,skipped,3,,"RESOLVED 2026-07-28 (was HELD): transcript shows TWO voices - the perfectionism doctrine is JAMES VICTORE's own (title: 'with James Victore'), the other voice is an unidentified host introducing him. Content is Victore's regardless of host identity -> not persona data. Victore already credited on 16 pages."
yt-c2eUEsXaBcM,video,Improve your Graphic Design - How to Fix Broken Layouts,@TheFuturAcademy,https://www.youtube.com/watch?v=c2eUEsXaBcM,2020-06-17,2026-07-14,skipped,3,,"SKIPPED — attribution unverifiable. Layout-fixing critique; no self-identification, no autobiographical anchor."
yt-gYpPh1jTjmk,video,How to Create Design Systems in InDesign Tutorial,@TheFuturAcademy,https://www.youtube.com/watch?v=gYpPh1jTjmk,2020-06-15,2026-07-14,skipped,3,,SKIPPED — attribution unverifiable. InDesign design-systems tutorial; no self-identification. Mentions 'the Futur' and 'blind' but not in a first-person biographical frame.
yt-TxaiUbGnElU,video,How to Design with Lines and Typography,@TheFuturAcademy,https://www.youtube.com/watch?v=TxaiUbGnElU,2020-06-11,2026-07-14,skipped,3,,SKIPPED — attribution unverifiable. Typography/proportion tutorial; no self-identification and no autobiographical anchor matching the documented record. Contains a strong line if ever verified: 'the skeleton key to all of design is learning proportions.'
yt-N8NS7BX_Y-w,video,How to Use Negative Space to Improve Your Design Layouts – Typography Tips,@TheFuturAcademy,https://www.youtube.com/watch?v=N8NS7BX_Y-w,2020-06-08,2026-07-14,skipped,3,,"SKIPPED — attribution unverifiable. Negative-space tutorial; no self-identification, no autobiographical anchor."
yt-eXcKOqviLE0,video,How to Apply a Color Palette to Your Design – Tutorial,@TheFuturAcademy,https://www.youtube.com/watch?v=eXcKOqviLE0,2020-05-26,2026-07-14,skipped,3,,"SKIPPED: Chris Do absent. Colour tutorial presented by Greg Gunn, who self-identifies ('it's me, Greg')."
yt-p6SkfMIREHA,video,Quick Tips for Selecting Color Combinations Using Harmonies,@TheFuturAcademy,https://www.youtube.com/watch?v=p6SkfMIREHA,NA,2026-07-14,skipped,3,,"SKIPPED: Chris Do absent — colour-harmony software tutorial, instructor format."
yt-2kR9_DC2Jk0,video,Four Quick Tips To Improve Your Typography,@TheFuturAcademy,https://www.youtube.com/watch?v=2kR9_DC2Jk0,2020-05-18,2026-07-14,skipped,3,,instructor-led (@TheFuturAcademy; Matthew Encina / Greg Gunn / other instructors - not the subject)
yt-V-SD_zV9S2c,video,How To Balance Your Color Palette – The 60-30-10 Rule,@TheFuturAcademy,https://www.youtube.com/watch?v=V-SD_zV9S2c,2020-05-13,2026-07-14,skipped,3,,instructor-led (@TheFuturAcademy; Matthew Encina / Greg Gunn / other instructors - not the subject)
yt-n6BsmS68uAo,video,How To Draw And Use Fibonacci Grid In Your Design Layout,@TheFuturAcademy,https://www.youtube.com/watch?v=n6BsmS68uAo,2020-04-27,2026-07-14,skipped,3,,instructor-led (@TheFuturAcademy; Matthew Encina / Greg Gunn / other instructors - not the subject)
yt-Wguk2Kg189Q,video,"Typography Critique Week 3 - Two Point Sizes, One Weight",@TheFuturAcademy,https://www.youtube.com/watch?v=Wguk2Kg189Q,2020-04-18,2026-07-14,skipped,3,,instructor-led (@TheFuturAcademy; Matthew Encina / Greg Gunn / other instructors - not the subject)
yt-1YWB-ybZKPw,video,The Design Portfolio That Got me Freelance Work and Jobs – Review Part 2,@TheFuturAcademy,https://www.youtube.com/watch?v=1YWB-ybZKPw,NA,2026-07-14,skipped,3,,SKIPPED: Chris Do absent. Part 2 of the same personal-portfolio retrospective as yt-QowXUHYEzT8. Not Chris's biography.
yt-QowXUHYEzT8,video,My First Portfolio Review – 20 YEARS of Art & Design – Part 1,@TheFuturAcademy,https://www.youtube.com/watch?v=QowXUHYEzT8,NA,2026-07-14,skipped,3,,"SKIPPED: Chris Do absent. A presenter reviewing THEIR OWN portfolio across 20 years ('my portfolio from high school all the way...'); Part 1 of the same series as yt-1YWB-ybZKPw, which the Encina-hosted reviews bracket. Not Chris's biography."
yt--wy9MSKKuMA,video,Conceptual Design – Create Images with Meaning,@TheFuturAcademy,https://www.youtube.com/watch?v=-wy9MSKKuMA,2020-03-27,2026-07-14,skipped,3,,instructor-led (@TheFuturAcademy; Matthew Encina / Greg Gunn / other instructors - not the subject)
yt-u5AnzLg1HxY,video,Make Hundreds of Color Palettes from 1 COLOR! - Design Tutorial,@TheFuturAcademy,https://www.youtube.com/watch?v=u5AnzLg1HxY,2020-03-24,2026-07-14,skipped,3,,instructor-led (@TheFuturAcademy; Matthew Encina / Greg Gunn / other instructors - not the subject)
yt-axy8ERDptMw,video,How To Make A Custom Font Using Fontself,@TheFuturAcademy,https://www.youtube.com/watch?v=axy8ERDptMw,2020-02-13,2026-07-14,skipped,3,,instructor-led (@TheFuturAcademy; Matthew Encina / Greg Gunn / other instructors - not the subject)
yt-xuNB19dmI9s,video,When you Have Creative Block – Web Design Pt 3,@TheFuturAcademy,https://www.youtube.com/watch?v=xuNB19dmI9s,2019-08-14,2026-07-14,skipped,3,,instructor-led (@TheFuturAcademy; Matthew Encina / Greg Gunn / other instructors - not the subject)
yt-gQX8mVLm6D8,video,Design Portfolio Reviews – What do Employers Seek? – Part 2,@TheFuturAcademy,https://www.youtube.com/watch?v=gQX8mVLm6D8,NA,2026-07-14,skipped,3,,"SKIPPED: Chris Do absent. Portfolio review presented by Matthew Encina, who self-identifies in the first line."
yt-fXejMFkF8V8,video,Adobe Photoshop 2019 – Top 5 Tools & Tutorial,@TheFuturAcademy,https://www.youtube.com/watch?v=fXejMFkF8V8,2019-07-12,2026-07-14,skipped,3,,instructor-led (@TheFuturAcademy; Matthew Encina / Greg Gunn / other instructors - not the subject)
yt-VFAkgNpAVSo,video,Portfolio Tips – Reviewing YOUR Design Work – Part 1,@TheFuturAcademy,https://www.youtube.com/watch?v=VFAkgNpAVSo,NA,2026-07-14,skipped,3,,"SKIPPED: Chris Do absent. Portfolio review presented by Matthew Encina, who self-identifies in the first line."
yt-NaBM9yz86RU,video,Package Design – One Day Challenge,@TheFuturAcademy,https://www.youtube.com/watch?v=NaBM9yz86RU,2019-06-11,2026-07-14,skipped,3,,instructor-led (@TheFuturAcademy; Matthew Encina / Greg Gunn / other instructors - not the subject)
yt-QkCVrNoqcBU,video,How To Use Color —  Color Basics,@TheFuturAcademy,https://www.youtube.com/watch?v=QkCVrNoqcBU,2019-05-15,2026-07-14,skipped,3,,instructor-led (@TheFuturAcademy; Matthew Encina / Greg Gunn / other instructors - not the subject)
yt-3JfB0TNV2NE,video,How to Make Your Design Pop – Critique and Photoshop Tutorial,@TheFuturAcademy,https://www.youtube.com/watch?v=3JfB0TNV2NE,2019-05-12,2026-07-14,skipped,3,,instructor-led (@TheFuturAcademy; Matthew Encina / Greg Gunn / other instructors - not the subject)
yt-WaEdfmg3x4E,video,4 Tips to Improve Your Design Portfolio,@TheFuturAcademy,https://www.youtube.com/watch?v=WaEdfmg3x4E,NA,2026-07-14,skipped,3,,"SKIPPED — attribution unverifiable. Portfolio-tips listicle; no self-identification, no autobiographical anchor."
yt-J76-IxN7pVI,video,Motion Design Process - Art Direction & Style Frames,@TheFuturAcademy,https://www.youtube.com/watch?v=J76-IxN7pVI,2019-04-29,2026-07-14,skipped,3,,instructor-led (@TheFuturAcademy; Matthew Encina / Greg Gunn / other instructors - not the subject)
yt-FsvhRb19fHc,video,How To Use Type — Typography Posters Critique Part 2,@TheFuturAcademy,https://www.youtube.com/watch?v=FsvhRb19fHc,2019-04-08,2026-07-14,skipped,3,,instructor-led (@TheFuturAcademy; Matthew Encina / Greg Gunn / other instructors - not the subject)
yt-YQO5WaWAfuI,video,How To Use Type — Typography Posters Review & Critique  Part 1,@TheFuturAcademy,https://www.youtube.com/watch?v=YQO5WaWAfuI,2019-04-04,2026-07-14,skipped,3,,instructor-led (@TheFuturAcademy; Nathaniel Sena / Matthew Encina / Greg Gunn / others - not the subject)
yt-1YcIMQrL06E,video,How to Design a SnapLens for Snapchat – Beginner Tutorial,@TheFuturAcademy,https://www.youtube.com/watch?v=1YcIMQrL06E,2019-04-03,2026-07-14,skipped,3,,instructor-led (@TheFuturAcademy; Nathaniel Sena / Matthew Encina / Greg Gunn / others - not the subject)
yt-wzXKwe1-w7Q,video,Graphic Design Tutorial: Typography Design & Art Direction pt. 2,@TheFuturAcademy,https://www.youtube.com/watch?v=wzXKwe1-w7Q,2019-03-25,2026-07-14,L2,3,business;design-craft;content-strategy,"SELF-IDENTIFIED; Thirst - unrecorded 2019 Futur print newspaper plan, outcome unknown; art-direction loop closed; L3-candidate"
yt-_1MIAMxixag,video,Graphic Design Tutorial: Typography Design & Art Direction pt. 1,@TheFuturAcademy,https://www.youtube.com/watch?v=_1MIAMxixag,2019-03-22,2026-07-14,L2,3,design-craft;business,"@TheFuturAcademy, SELF-IDENTIFIED; first recorded typeface preference (Futura); art direction as feedback-not-mouse; partially resolves the gaps.md typeface gap; L3-candidate"
yt-XnJByIkcUS0,video,Top 5 Adobe Illustrator Tools You Should Know - Design Tutorial,@TheFuturAcademy,https://www.youtube.com/watch?v=XnJByIkcUS0,2019-03-20,2026-07-14,skipped,3,,instructor-led (@TheFuturAcademy; Nathaniel Sena / Matthew Encina / Greg Gunn / others - not the subject)
yt-AFZeAJZhvuk,video,Brand Identity and Packaging Process,@TheFuturAcademy,https://www.youtube.com/watch?v=AFZeAJZhvuk,2019-03-18,2026-07-14,skipped,3,,instructor-led (@TheFuturAcademy; Nathaniel Sena / Matthew Encina / Greg Gunn / others - not the subject)
yt-mJ_NPQYD8bw,video,Logo Design – How to Improve Your Letterforms,@TheFuturAcademy,https://www.youtube.com/watch?v=mJ_NPQYD8bw,2019-03-11,2026-07-14,skipped,3,,instructor-led (@TheFuturAcademy; Nathaniel Sena / Matthew Encina / Greg Gunn / others - not the subject)
yt-Jd1QSzqOvIE,video,"Drawing Process of Maggie Enterrios – Illustrator, Graphic Designer, Artist",@TheFuturAcademy,https://www.youtube.com/watch?v=Jd1QSzqOvIE,2019-03-08,2026-07-14,skipped,3,,instructor-led (@TheFuturAcademy; Nathaniel Sena / Matthew Encina / Greg Gunn / others - not the subject)
yt-Ktra_1MCHFs,video,Digital Art – How to Come up with Ideas,@TheFuturAcademy,https://www.youtube.com/watch?v=Ktra_1MCHFs,2019-03-06,2026-07-14,skipped,3,,instructor-led (@TheFuturAcademy; Nathaniel Sena / Matthew Encina / Greg Gunn / others - not the subject)
yt--wNcIG796cI,video,"Redesigning Your Logos – Tips, Grids, and How to Improve Your Lettering",@TheFuturAcademy,https://www.youtube.com/watch?v=-wNcIG796cI,2019-03-04,2026-07-14,skipped,3,,instructor-led (@TheFuturAcademy; Nathaniel Sena / Matthew Encina / Greg Gunn / others - not the subject)
yt-4zEYfzjKiK8,video,Wireframe & UX Design in Adobe XD — Web Design Pt 2,@TheFuturAcademy,https://www.youtube.com/watch?v=4zEYfzjKiK8,2019-02-27,2026-07-14,skipped,3,,instructor-led (@TheFuturAcademy; Nathaniel Sena / Matthew Encina / Greg Gunn / others - not the subject)
yt-RKqpfFd778I,video,How To Start Your Digital Art - in 5 Easy Steps,@TheFuturAcademy,https://www.youtube.com/watch?v=RKqpfFd778I,2019-02-25,2026-07-14,skipped,3,,instructor-led (@TheFuturAcademy; Nathaniel Sena / Matthew Encina / Greg Gunn / others - not the subject)
yt-35t7X4OL6_8,video,"Brush Lettering Logo Design – Critique, Tutorial & How To",@TheFuturAcademy,https://www.youtube.com/watch?v=35t7X4OL6_8,2019-02-19,2026-07-14,skipped,3,,instructor-led (@TheFuturAcademy; Nathaniel Sena / Matthew Encina / Greg Gunn / others - not the subject)
yt-ciL6FxkoLsw,video,UX Design Process: How To Sketch Wireframes—Web Design Pt 1,@TheFuturAcademy,https://www.youtube.com/watch?v=ciL6FxkoLsw,2019-02-14,2026-07-14,skipped,3,,instructor-led (@TheFuturAcademy; Nathaniel Sena / Matthew Encina / Greg Gunn / others - not the subject)
yt-MMesU5SRRBg,video,"Hand Lettering Logo Design – Process, Tips & Tricks",@TheFuturAcademy,https://www.youtube.com/watch?v=MMesU5SRRBg,2019-02-11,2026-07-14,skipped,3,,instructor-led (@TheFuturAcademy; Nathaniel Sena / Matthew Encina / Greg Gunn / others - not the subject)
yt-VnBUOjxmn1g,video,The 3 Rules of Good Logo Design,@TheFuturAcademy,https://www.youtube.com/watch?v=VnBUOjxmn1g,2019-02-07,2026-07-14,skipped,3,,instructor-led (@TheFuturAcademy; Nathaniel Sena / Matthew Encina / Greg Gunn / others - not the subject)
yt-CgTGqQGxCTM,video,How To Balance a LOGO,@TheFuturAcademy,https://www.youtube.com/watch?v=CgTGqQGxCTM,2019-02-05,2026-07-14,skipped,3,,instructor-led (@TheFuturAcademy; Nathaniel Sena / Matthew Encina / Greg Gunn / others - not the subject)
yt-aH0brVYsiT0,video,Design with Me – Photoshop Process Walkthrough & Tips,@TheFuturAcademy,https://www.youtube.com/watch?v=aH0brVYsiT0,2019-02-04,2026-07-14,skipped,3,,instructor-led (@TheFuturAcademy; Nathaniel Sena / Matthew Encina / Greg Gunn / others - not the subject)
yt-7lm_L-ZJGpo,video,"3 Tips to Improve Your Logo Design - Critiquing, Simplifying, Research",@TheFuturAcademy,https://www.youtube.com/watch?v=7lm_L-ZJGpo,2019-01-29,2026-07-14,skipped,3,,dup-of:corpus (logo critique w/ guest Jelvin Base; repetition+contrast already in design-craft 77/92/1686; typeface advice is the guest's choice being explained)
yt-6w2Yh_Mk_cM,video,How to Create Surreal Collage Graphics – Design Tutorial,@TheFuturAcademy,https://www.youtube.com/watch?v=6w2Yh_Mk_cM,2019-01-28,2026-07-14,skipped,3,,instructor-led (@TheFuturAcademy; Nathaniel Sena / Matthew Encina / Greg Gunn / others - not the subject)
yt-dBIq0KArHFE,video,"3 Principles to Improve Your Logo Design Process - Legibility, Hierarchy, and Contrast",@TheFuturAcademy,https://www.youtube.com/watch?v=dBIq0KArHFE,2019-01-23,2026-07-14,skipped,3,,"dup-of:corpus (logo critique compilation, legibility; design-craft principles already held)"
yt-5zg4-UcSgzE,video,Welcome to The Futur Academy - Where Creators Build Their Futur,@TheFuturAcademy,https://www.youtube.com/watch?v=5zg4-UcSgzE,2019-01-23,2026-07-14,L2,3,business;content-strategy,"Academy trailer, FULL self-ID; Blind 'over 24 years' (corroborates ~1995) + educator 'past 15' (CONTRADICTS ~2000 teaching start, flagged not reconciled); L3-candidate"
yt-dwEVERj4OT8,short,Deliver That Brand Identity Like a Pro,@TheFuturAcademy,https://www.youtube.com/watch?v=dwEVERj4OT8,NA,2026-07-14,L0-discovered,3,,academy-tier
yt-UXL_O3pauhw,short,Grids & Layout: thefutur.com/course/grids-and-layout,@TheFuturAcademy,https://www.youtube.com/watch?v=UXL_O3pauhw,NA,2026-07-14,L0-discovered,3,,academy-tier
yt-UUrnZHC5p_U,short,"Visit: thefutur.com/lettering and learn #lettering from the one and only, Nils Lindstrom",@TheFuturAcademy,https://www.youtube.com/watch?v=UUrnZHC5p_U,NA,2026-07-14,L0-discovered,3,,academy-tier
yt-OH37EUBXc9Y,short,Visit thefutur.com/color - Improve your design skills w/the Color for Creatives course by Greg Gunn,@TheFuturAcademy,https://www.youtube.com/watch?v=OH37EUBXc9Y,NA,2026-07-14,L0-discovered,3,,academy-tier
yt-m7dh3U3Ex0w,short,LaFarge – Fonts You NEED To Know,@TheFuturAcademy,https://www.youtube.com/watch?v=m7dh3U3Ex0w,NA,2026-07-14,L0-discovered,3,,academy-tier
yt-q8SdQ9DInR4,short,Archivo – Fonts You NEED To Know,@TheFuturAcademy,https://www.youtube.com/watch?v=q8SdQ9DInR4,NA,2026-07-14,L0-discovered,3,,academy-tier
yt-smhkOicFXXc,short,Newsreader – Fonts You NEED To Know,@TheFuturAcademy,https://www.youtube.com/watch?v=smhkOicFXXc,NA,2026-07-14,L0-discovered,3,,academy-tier
yt-cC6CXIQKqQ8,short,Everett – Fonts You NEED To Know,@TheFuturAcademy,https://www.youtube.com/watch?v=cC6CXIQKqQ8,NA,2026-07-14,L0-discovered,3,,academy-tier
yt-Ujquk-kK6jU,short,Fonts You NEED To Know - Le Jeune,@TheFuturAcademy,https://www.youtube.com/watch?v=Ujquk-kK6jU,NA,2026-07-14,L0-discovered,3,,academy-tier
yt-hfgCCRHFaOM,short,Neue Haas Grotesk – Typography History,@TheFuturAcademy,https://www.youtube.com/watch?v=hfgCCRHFaOM,NA,2026-07-14,L0-discovered,3,,academy-tier
yt-PCkrCZCCCpg,short,How To Start Becoming A Creative,@TheFuturAcademy,https://www.youtube.com/watch?v=PCkrCZCCCpg,NA,2026-07-14,L0-discovered,3,,academy-tier
yt-VEUeZWMhTQ0,short,What are Type Scales and Systems?,@TheFuturAcademy,https://www.youtube.com/watch?v=VEUeZWMhTQ0,NA,2026-07-14,L0-discovered,3,,academy-tier
yt-0lHbU4C77m0,short,Times New Roman - Graphic Design History,@TheFuturAcademy,https://www.youtube.com/watch?v=0lHbU4C77m0,NA,2026-07-14,L0-discovered,3,,academy-tier
yt-2TM5-lLm8dQ,short,3 Ways to Improve Your Design #Shorts,@TheFuturAcademy,https://www.youtube.com/watch?v=2TM5-lLm8dQ,NA,2026-07-14,L0-discovered,3,,academy-tier
yt-oxwrVFwPlYI,video,The Blue Ocean Strategy: How to Make the Competition Irrelevant,@ChrisDo,https://www.youtube.com/watch?v=oxwrVFwPlYI,2026-06-11,2026-07-14,L2,1,business;sales-clients;branding,@ChrisDo channel; Blue Ocean applied (Kim&Mauborgne + Christensen credited); 4 Chris quotes
yt-ftbTxpW3OAY,video,MTee 5:15 Trailer,@ChrisDo,https://www.youtube.com/watch?v=ftbTxpW3OAY,2012-03-13,2026-07-14,L1,1,,no-captions (no subtitles available)
yt-cDL9WR5bQYY,short,Your Weakness Is Your Superpower,@ChrisDo,https://www.youtube.com/watch?v=cDL9WR5bQYY,2026-04-10,2026-07-14,skipped,3,,dup-of:corpus (short; concept-checked batch 269)
yt-EYWOTEhGyQQ,short,Why He Charges $8K a Project (and gets it) #creatoreconomy,@ChrisDo,https://www.youtube.com/watch?v=EYWOTEhGyQQ,2026-01-05,2026-07-14,skipped,3,,"guest-primary (hourly-rate roleplay, same format as yt-QX2Sp9UUG8Q)"
yt-TZMOvc-rs6o,short,The scariest thing isn’t failing. It’s feeling alone.,@ChrisDo,https://www.youtube.com/watch?v=TZMOvc-rs6o,2025-12-20,2026-07-14,skipped,3,,dup-of:corpus (feeling alone / belonging + immigrant vulnerability framing; belonging held on 13 topics/persona pages)
yt-PVEYmqQUKw0,short,Don’t get into the proof!,@ChrisDo,https://www.youtube.com/watch?v=PVEYmqQUKw0,2025-12-19,2026-07-14,skipped,3,,dup-of:corpus (short; concept-checked batch 269)
yt-slxpC8mE5PU,short,"He earns 6 figures, making strangers laugh 🤭",@ChrisDo,https://www.youtube.com/watch?v=slxpC8mE5PU,2025-12-15,2026-07-14,skipped,3,,dup-of:corpus (short; concept-checked batch 269)
yt-GcIIhfmQ9M8,short,Ancient Japanese Secret to Master Anything! #shuhari,@ChrisDo,https://www.youtube.com/watch?v=GcIIhfmQ9M8,2025-11-25,2026-07-14,skipped,3,,dup-of:yt-BJ7nX1t4g9k (shuhari recut on @ChrisDo)
yt-I8INZCDrRu4,short,Tough Client Vs Master Salesman,@ChrisDo,https://www.youtube.com/watch?v=I8INZCDrRu4,2025-11-23,2026-07-14,skipped,3,,dup-of:corpus (short; concept-checked batch 269)
yt-QX2Sp9UUG8Q,short,Change Your Money Mindset!,@ChrisDo,https://www.youtube.com/watch?v=QX2Sp9UUG8Q,2025-11-22,2026-07-14,skipped,3,,guest-primary (roleplay; the person charging $2000/hr is the interviewee - 'my friend Chris said I should up my rate')
yt-j8yGn1v8OgU,video,She Cracked the YouTube Code. Here's Everything She Knows,@thefutur,https://www.youtube.com/watch?v=j8yGn1v8OgU,2026-07-21,2026-07-22,L2,1,content-strategy;branding;business,"NEWEST SOURCE IN CORPUS (2026-07-21, fresh-upload P1). Guest April Lynn (YouTube strategist, 90 Day Breakthrough) primary=context/do-not-train (TAM+remarkability, 3 C's of thumbnails, click triggers, story cycles); live studio audience (Gwen, Tyler, Angelina Young, Drigo, Rox). Chris trains: ★ 4-part FORMAT definition (constant/variable/tension/payoff, via Kitchen Nightmares), ★ ROT headline formula (results/objections/timeline), ★ 'no one cares about you at all / information courier' realization dated 'last couple of years', ★ 'I'm a conversationalist, not a big prep guy' + Zoom->LA-studio podcast shift + admits his best episodes are ones where HE talks most, ★ conflict-first storytelling method demo (start at the crash); most-viewed-video thumbnail came from a designer's fan visual-note via Twitter DM; 'Hollywood is the most formulaic industry'; soft CONTRADICTION note vs AqnS_hrVZVQ on 'don't let facts get in the way'"
yt-arFD056cke4,short,Art of Being You,@thefutur,https://www.youtube.com/watch?v=arFD056cke4,2026-07-26,2026-07-27,L2,3,mindset;branding,short; FRESH UPLOAD 2026-07-26; adulting as recovery not attainment; lone-wolf conformity reasoning; authenticity->presence; reconcile with mindset 106; L3-candidate
